transaction_datetime,amount,merchant_category,transaction_type,card_type,country,device_type,previous_transactions_count,average_transaction_amount,transaction_frequency,distance_from_home,distance_from_last_transaction,ratio_to_median_purchase_price,used_chip,used_pin_number,online_order,is_fraud
2026-01-14T07:55:00+00:00,112.47,Groceries,Contactless,Debit,AU,Terminal,44,72.32,3,9.8,4.75,1.64,1,0,0,0
2026-02-18T18:31:00+00:00,39.78,Retail,Online,Debit,SG,Mobile,659,27.45,1,11.38,9.22,1.23,0,0,1,0
2026-02-26T13:46:00+00:00,50.85,Groceries,Online,Credit,ID,Mobile,325,46.37,1,19.73,0.57,1.28,0,0,1,0
2026-01-10T20:02:00+00:00,19.61,Electronics,Online,Credit,GB,Desktop,333,39.85,1,19.33,14.34,0.52,0,0,1,0
2026-02-04T13:28:00+00:00,26.78,Groceries,Online,Debit,US,Mobile,367,31.79,1,5.29,1.84,0.75,0,0,1,0
2026-02-28T20:27:00+00:00,35.12,Groceries,In-store,Debit,US,Terminal,196,61.75,1,21.15,6.2,0.67,1,0,0,0
2026-01-05T20:13:00+00:00,6.32,Retail,Contactless,Credit,ID,Terminal,60,11.37,2,5.05,1.18,0.44,1,0,0,0
2026-01-10T14:53:00+00:00,15.84,Services,Online,Credit,AU,Mobile,185,49.15,1,9.66,0.49,0.33,0,0,1,0
2026-01-29T18:28:00+00:00,45.26,Groceries,Online,Credit,SG,Desktop,95,56.9,2,9.21,0.66,0.71,0,0,1,0
2026-01-05T07:53:00+00:00,21.9,Retail,Online,Prepaid,ID,Mobile,114,24.94,3,2.87,1.77,0.78,0,0,1,0
2026-02-03T08:26:00+00:00,155.85,Travel,In-store,Credit,JP,Terminal,244,161.35,2,3.26,4.15,0.99,1,1,0,0
2026-02-11T16:35:00+00:00,50.19,Entertainment,Contactless,Credit,JP,Terminal,90,41.0,2,86.27,2.54,1.3,1,1,0,0
2026-01-22T05:35:00+00:00,53.34,Electronics,Online,Credit,DE,Mobile,87,51.71,3,2.77,1.92,1.04,0,0,1,0
2026-02-25T17:38:00+00:00,180.99,Groceries,In-store,Credit,DE,Terminal,263,41.06,5,669.78,336.31,4.02,0,1,0,0
2026-02-22T10:37:00+00:00,26.35,Travel,In-store,Prepaid,ID,Terminal,75,57.22,1,13.98,2.46,0.52,1,1,0,0
2026-02-13T10:48:00+00:00,192.03,Groceries,In-store,Debit,AU,Terminal,108,141.22,2,6.96,3.25,1.59,1,1,0,0
2026-02-01T12:13:00+00:00,316.49,Dining,Contactless,Credit,JP,Terminal,126,301.11,1,15.47,55.2,0.87,1,1,0,0
2026-01-07T20:42:00+00:00,62.81,Retail,Contactless,Debit,AU,Terminal,201,97.97,5,10.61,2.44,0.71,1,0,0,0
2026-01-15T17:48:00+00:00,105.39,Groceries,Online,Credit,GB,Mobile,224,122.39,1,2.84,1.23,0.82,0,0,1,0
2026-02-28T17:49:00+00:00,105.12,Dining,Contactless,Debit,SG,Terminal,84,184.14,1,13.34,3.98,0.59,1,1,0,0
2026-02-02T18:24:00+00:00,46.17,Retail,Online,Credit,US,Mobile,41,70.94,1,4.06,5.12,0.66,0,0,1,0
2026-01-26T18:25:00+00:00,131.35,Travel,Contactless,Debit,GB,Terminal,328,167.45,1,50.14,3.32,0.65,1,1,0,0
2026-02-13T09:47:00+00:00,77.16,Groceries,In-store,Debit,ID,Terminal,27,100.99,3,11.85,2.88,0.77,1,0,0,0
2026-01-15T21:30:00+00:00,87.69,Dining,In-store,Credit,US,Terminal,178,66.26,2,3.42,10.83,1.39,1,1,0,0
2026-01-19T12:00:00+00:00,86.93,Groceries,In-store,Debit,US,Terminal,129,75.77,3,10.77,9.56,1.19,1,0,0,0
2026-01-24T14:45:00+00:00,41.66,Travel,ATM,Credit,GB,Terminal,161,18.47,1,2.67,2.19,2.41,1,1,0,0
2026-02-22T18:46:00+00:00,130.85,Dining,Online,Debit,ID,Mobile,166,72.96,2,9.81,1.29,1.96,0,0,1,0
2026-01-29T19:30:00+00:00,64.37,Travel,In-store,Prepaid,US,Terminal,113,22.12,2,5.76,3.78,3.1,0,1,0,0
2026-01-04T14:32:00+00:00,34.0,Retail,Contactless,Credit,GB,Terminal,126,20.98,2,2.98,1.29,1.31,1,1,0,0
2026-01-29T14:31:00+00:00,96.99,Dining,Online,Prepaid,ID,Mobile,169,68.4,2,2.93,5.96,1.29,0,0,1,0
2026-01-18T12:25:00+00:00,19.08,Dining,Online,Debit,GB,Mobile,161,29.25,6,107.6,3.76,0.68,0,0,1,0
2026-01-29T04:41:00+00:00,105.12,Retail,In-store,Debit,JP,Terminal,19,60.06,4,8.17,35.52,1.54,1,1,0,0
2026-02-25T16:08:00+00:00,33.01,Retail,Online,Credit,GB,Desktop,127,66.02,1,4.6,10.73,0.61,0,0,1,0
2026-01-20T16:17:00+00:00,30.15,Dining,In-store,Credit,ID,Terminal,235,67.96,1,3.8,0.84,0.37,1,1,0,0
2026-01-17T13:53:00+00:00,94.35,Dining,Online,Credit,GB,Mobile,81,33.53,3,12.41,1.46,2.38,0,0,1,0
2026-01-29T04:48:00+00:00,61.58,Electronics,In-store,Debit,ID,Terminal,185,108.22,2,3.66,0.36,0.43,1,1,0,0
2026-01-05T14:03:00+00:00,78.7,Electronics,Contactless,Credit,DE,Terminal,274,56.94,1,2.22,0.29,1.21,1,1,0,0
2026-01-13T07:10:00+00:00,45.5,Groceries,In-store,Credit,ID,Terminal,143,80.37,5,7.13,2.76,0.53,1,1,0,0
2026-01-03T13:06:00+00:00,60.87,Groceries,Contactless,Credit,US,Terminal,146,27.72,3,7.07,0.75,1.86,1,1,0,0
2026-02-24T18:57:00+00:00,100.06,Groceries,Online,Prepaid,SG,Mobile,51,53.74,1,4.67,12.69,2.02,0,0,1,0
2026-02-15T10:50:00+00:00,149.89,Services,In-store,Debit,SG,Terminal,125,123.13,1,2.77,7.83,1.28,1,1,0,0
2026-01-10T20:34:00+00:00,224.75,Travel,Contactless,Credit,JP,Terminal,190,113.37,1,4.81,1.87,2.0,1,1,0,0
2026-01-21T16:41:00+00:00,39.82,Groceries,In-store,Debit,SG,Terminal,98,35.94,1,4.41,1.77,0.93,1,1,0,0
2026-01-07T10:37:00+00:00,139.67,Travel,ATM,Credit,JP,Terminal,102,42.33,1,3.78,10.86,3.69,1,1,0,0
2026-02-15T10:50:00+00:00,41.05,Dining,Contactless,Debit,AU,Terminal,193,31.73,1,10.02,13.66,1.47,1,1,0,0
2026-01-08T06:55:00+00:00,21.45,Dining,Online,Debit,AU,Mobile,172,39.38,2,85.53,0.97,0.53,0,0,1,0
2026-02-09T19:58:00+00:00,25.71,Entertainment,Online,Credit,DE,Mobile,186,24.3,1,31.97,0.85,0.96,0,0,1,0
2026-02-04T06:20:00+00:00,42.28,Dining,Contactless,Credit,SG,Terminal,44,55.16,1,62.56,1.82,0.84,1,1,0,0
2026-02-15T15:20:00+00:00,78.53,Entertainment,ATM,Credit,DE,Terminal,180,91.06,1,3.96,3.79,0.79,0,1,0,0
2026-02-21T17:06:00+00:00,14.3,Dining,Online,Debit,ID,Mobile,43,36.22,3,46.63,1.47,0.33,0,0,1,0
2026-02-25T10:48:00+00:00,78.02,Electronics,Contactless,Credit,SG,Terminal,111,56.89,4,9.49,3.87,1.17,1,0,0,0
2026-01-20T14:25:00+00:00,109.23,Dining,Online,Prepaid,DE,Mobile,173,52.28,9,1319.49,773.02,2.0,0,0,1,1
2026-02-18T11:02:00+00:00,22.84,Dining,ATM,Credit,ID,Terminal,199,119.8,1,12.22,0.6,0.19,1,1,0,0
2026-01-11T18:49:00+00:00,37.89,Groceries,In-store,Debit,JP,Terminal,168,40.55,1,5.07,1.58,0.75,1,0,0,0
2026-01-10T23:54:00+00:00,24.03,Travel,Contactless,Credit,US,Terminal,74,41.52,1,16.3,0.61,0.58,1,0,0,0
2026-02-23T22:51:00+00:00,21.29,Retail,Contactless,Credit,US,Terminal,395,34.82,1,12.6,1.07,0.54,1,0,0,0
2026-02-24T06:38:00+00:00,5.01,Travel,Online,Prepaid,DE,Mobile,166,28.81,2,1.06,1.83,0.13,0,0,1,0
2026-02-10T16:52:00+00:00,51.68,Dining,Contactless,Credit,US,Terminal,26,85.11,1,6.45,1.19,0.54,1,1,0,0
2026-01-21T15:54:00+00:00,40.24,Travel,In-store,Debit,JP,Terminal,83,55.27,1,19.29,4.14,0.83,1,1,0,0
2026-01-25T21:32:00+00:00,33.16,Retail,In-store,Debit,ID,Terminal,162,62.53,2,10.03,2.86,0.62,1,1,0,0
2026-02-18T15:33:00+00:00,156.02,Groceries,In-store,Credit,DE,Terminal,114,138.17,1,12.38,3.32,1.17,1,1,0,0
2026-01-14T13:19:00+00:00,344.31,Dining,Online,Debit,DE,Mobile,286,143.43,2,3.23,1.81,2.19,0,0,1,0
2026-02-01T13:37:00+00:00,27.88,Groceries,In-store,Credit,GB,Terminal,60,20.7,2,9.79,1.98,1.27,1,0,0,0
2026-01-24T19:59:00+00:00,213.66,Retail,Online,Credit,US,Desktop,151,91.94,2,6.65,1.73,1.74,0,0,1,0
2026-01-11T16:55:00+00:00,135.76,Retail,ATM,Debit,GB,Terminal,86,69.87,1,5.91,1.92,1.84,1,1,0,0
2026-02-04T06:50:00+00:00,21.02,Groceries,In-store,Credit,US,Terminal,149,44.7,2,3.5,3.74,0.49,1,1,0,0
2026-02-11T21:18:00+00:00,78.09,Groceries,In-store,Debit,US,Terminal,91,74.66,1,20.21,0.36,1.21,1,0,0,0
2026-01-14T16:45:00+00:00,39.19,Groceries,In-store,Credit,SG,Terminal,139,19.65,3,10.81,3.28,1.71,1,0,0,0
2026-02-10T23:20:00+00:00,109.91,Services,Online,Debit,JP,Mobile,128,156.13,4,9.67,1.03,0.7,0,0,1,1
2026-02-25T13:01:00+00:00,39.2,Retail,In-store,Credit,ID,Terminal,44,84.33,3,70.52,1.75,0.57,1,1,0,0
2026-02-24T10:51:00+00:00,44.23,Travel,Online,Debit,ID,Mobile,567,34.39,3,12.44,0.52,1.28,0,0,1,0
2026-02-24T15:18:00+00:00,13.35,Retail,In-store,Prepaid,ID,Terminal,1532,41.24,1,27.68,1.72,0.37,1,1,0,0
2026-01-25T14:57:00+00:00,8.87,Retail,Online,Prepaid,JP,Desktop,94,19.94,2,9.98,3.25,0.47,0,0,1,0
2026-02-11T22:32:00+00:00,30.06,Dining,Contactless,Debit,GB,Terminal,357,49.2,1,5.01,3.88,0.61,1,1,0,0
2026-02-14T05:40:00+00:00,244.17,Electronics,Online,Debit,JP,Mobile,251,44.09,1,139.07,33.57,6.23,0,0,1,0
2026-02-28T13:34:00+00:00,25.31,Groceries,Online,Credit,GB,Mobile,230,25.5,1,9.64,3.7,1.06,0,0,1,0
2026-02-01T09:25:00+00:00,158.89,Dining,Contactless,Credit,DE,Terminal,78,99.97,2,0.39,7.69,1.75,0,1,0,0
2026-02-20T02:54:00+00:00,65.7,Dining,In-store,Credit,GB,Terminal,69,138.37,4,9.97,1.5,0.52,1,1,0,0
2026-02-03T17:06:00+00:00,26.22,Travel,Online,Credit,ID,Mobile,96,59.28,2,10.45,2.46,0.5,0,0,1,0
2026-02-19T17:09:00+00:00,59.35,Dining,Contactless,Credit,SG,Terminal,99,49.47,3,5.82,0.31,1.28,1,1,0,0
2026-01-21T21:36:00+00:00,40.1,Entertainment,In-store,Debit,ID,Terminal,56,80.06,2,6.68,1.0,0.56,1,1,0,0
2026-01-05T15:58:00+00:00,40.83,Retail,Contactless,Credit,US,Terminal,77,59.57,2,1.87,3.22,0.63,1,1,0,0
2026-01-22T10:49:00+00:00,8.95,Electronics,In-store,Debit,SG,Terminal,271,29.86,1,33.93,6.39,0.29,1,1,0,0
2026-01-21T12:42:00+00:00,50.98,Services,Online,Debit,SG,Desktop,395,39.48,2,5.1,1.35,1.11,0,0,1,0
2026-02-18T05:06:00+00:00,152.66,Groceries,Online,Debit,GB,Mobile,23,49.77,5,2.54,35.49,2.4,0,0,1,1
2026-02-11T15:03:00+00:00,37.76,Electronics,Online,Credit,SG,Desktop,741,70.9,1,13.45,3.37,0.49,0,0,1,0
2026-02-08T04:17:00+00:00,111.94,Dining,In-store,Credit,ID,Terminal,49,60.71,1,8.35,0.69,1.74,1,1,0,0
2026-01-12T20:42:00+00:00,67.77,Groceries,Online,Debit,SG,Mobile,58,69.18,1,4.98,8.91,0.89,0,0,1,0
2026-02-11T20:06:00+00:00,7.35,Groceries,Online,Credit,ID,Mobile,35,22.4,1,4.44,0.7,0.31,0,0,1,0
2026-02-10T18:21:00+00:00,49.61,Entertainment,Online,Debit,US,Desktop,37,92.98,2,7.34,3.42,0.53,0,0,1,0
2026-02-25T10:20:00+00:00,30.73,Dining,Contactless,Credit,ID,Terminal,298,60.47,1,32.47,0.97,0.51,1,1,0,0
2026-01-16T11:09:00+00:00,210.65,Groceries,In-store,Debit,US,Terminal,95,317.11,1,12.39,0.63,0.76,1,1,0,0
2026-02-11T16:34:00+00:00,62.63,Services,In-store,Debit,US,Terminal,129,46.9,1,7.11,6.44,1.2,0,0,0,0
2026-01-05T11:14:00+00:00,215.4,Groceries,ATM,Credit,GB,Terminal,104,74.46,1,18.87,1.9,2.9,1,0,0,0
2026-02-14T12:07:00+00:00,174.19,Retail,In-store,Credit,DE,Terminal,52,379.55,2,7.62,13.81,0.38,1,1,0,0
2026-02-18T16:25:00+00:00,52.7,Retail,ATM,Debit,GB,Terminal,38,68.45,3,11.49,0.89,0.68,1,0,0,0
2026-02-16T03:28:00+00:00,28.2,Services,In-store,Credit,US,Terminal,27,57.75,3,8.73,0.52,0.53,1,0,0,0
2026-01-28T08:12:00+00:00,15.71,Groceries,ATM,Credit,ID,Terminal,103,31.77,1,14.14,1.52,0.42,1,1,0,0
2026-01-26T03:00:00+00:00,114.39,Entertainment,In-store,Debit,AU,Terminal,167,162.94,2,4.53,44.28,0.98,1,0,0,0
2026-01-03T10:04:00+00:00,33.73,Entertainment,Online,Credit,ID,Mobile,63,28.41,1,2.11,5.66,0.92,0,0,1,0
2026-01-28T13:49:00+00:00,20.07,Retail,In-store,Credit,ID,Terminal,24,79.65,3,20.04,4.28,0.3,1,1,0,0
2026-02-13T19:49:00+00:00,44.16,Travel,ATM,Prepaid,JP,Terminal,232,44.35,2,38.68,4.42,0.93,1,1,0,0
2026-02-28T09:40:00+00:00,24.66,Dining,ATM,Credit,AU,Terminal,255,53.35,3,2.22,1.51,0.44,1,1,0,0
2026-01-07T12:16:00+00:00,25.74,Dining,In-store,Debit,ID,Terminal,45,23.91,1,9.0,37.69,0.93,1,1,0,0
2026-02-03T00:38:00+00:00,280.73,Groceries,ATM,Debit,US,Terminal,51,144.46,2,4.51,3.89,2.03,1,0,0,0
2026-01-15T13:55:00+00:00,46.88,Retail,Online,Credit,SG,Mobile,207,50.37,2,19.53,3.54,1.23,0,0,1,0
2026-01-23T02:50:00+00:00,27.05,Retail,In-store,Debit,SG,Terminal,30,27.39,1,9.69,6.59,1.03,0,1,0,0
2026-02-17T11:42:00+00:00,88.05,Retail,Online,Credit,GB,Mobile,45,136.22,2,287.21,0.69,0.67,0,0,1,0
2026-01-04T18:08:00+00:00,32.05,Groceries,In-store,Prepaid,GB,Terminal,333,43.48,1,5.3,1.02,0.96,1,1,0,0
2026-01-04T21:26:00+00:00,98.75,Travel,Online,Debit,GB,Desktop,82,75.0,2,40.09,1.92,1.31,0,0,1,0
2026-01-13T12:58:00+00:00,111.59,Groceries,Contactless,Credit,SG,Terminal,123,104.26,1,44.62,6.63,1.23,0,0,0,0
2026-01-16T11:46:00+00:00,77.56,Groceries,ATM,Credit,ID,Terminal,52,82.12,2,13.29,0.67,0.87,1,0,0,0
2026-02-16T17:02:00+00:00,14.81,Dining,Online,Debit,ID,Mobile,268,14.47,2,7.7,2.3,1.06,0,0,1,0
2026-01-17T16:52:00+00:00,49.93,Dining,In-store,Debit,AU,Terminal,113,94.82,2,8.2,2.0,0.41,1,1,0,0
2026-02-25T12:26:00+00:00,32.01,Entertainment,In-store,Credit,SG,Terminal,244,56.52,2,7.47,0.51,0.59,1,1,0,0
2026-02-28T20:09:00+00:00,73.76,Groceries,Online,Debit,AU,Desktop,82,48.72,4,25.7,1.48,1.43,0,0,1,0
2026-02-17T13:00:00+00:00,85.07,Travel,ATM,Credit,US,Terminal,53,56.21,1,2.83,4.23,1.56,1,1,0,0
2026-01-29T21:24:00+00:00,16.78,Groceries,Online,Debit,SG,Desktop,109,21.19,1,6.19,0.56,0.98,0,0,1,0
2026-02-17T19:55:00+00:00,153.74,Travel,Online,Debit,JP,Desktop,65,68.37,2,5.42,10.09,2.31,0,0,1,0
2026-01-10T21:36:00+00:00,34.68,Services,In-store,Credit,ID,Terminal,82,24.86,1,1.11,3.93,1.26,1,1,0,0
2026-02-22T07:28:00+00:00,43.29,Groceries,Online,Credit,DE,Mobile,65,50.11,2,19.01,3.48,0.8,0,0,1,0
2026-01-21T10:31:00+00:00,27.86,Dining,In-store,Debit,ID,Terminal,48,66.79,1,23.79,2.48,0.43,1,1,0,0
2026-01-27T12:16:00+00:00,226.05,Groceries,Online,Credit,SG,Desktop,204,121.28,2,3.68,0.83,2.25,0,0,1,0
2026-02-23T17:01:00+00:00,57.32,Dining,Online,Debit,DE,Mobile,165,35.42,1,22.95,1.28,1.49,0,0,1,0
2026-01-09T20:26:00+00:00,2351.99,Dining,Online,Credit,GB,Desktop,19,155.02,7,78.1,157.88,14.37,0,0,1,1
2026-01-07T09:11:00+00:00,440.78,Electronics,In-store,Credit,US,Terminal,413,111.66,1,7.59,1.28,3.54,0,0,0,0
2026-02-07T11:57:00+00:00,18.31,Electronics,Contactless,Debit,AU,Terminal,70,45.64,3,6.43,2.97,0.42,1,0,0,0
2026-02-28T11:15:00+00:00,9.82,Groceries,Online,Debit,DE,Desktop,213,29.35,1,8.14,1.0,0.42,0,0,1,0
2026-02-24T18:13:00+00:00,3.96,Retail,In-store,Debit,JP,Terminal,18,23.61,2,8.09,3.86,0.16,1,0,0,0
2026-03-01T23:27:00+00:00,117.31,Groceries,In-store,Debit,GB,Terminal,96,72.0,2,6.79,4.16,1.63,0,1,0,0
2026-01-27T11:20:00+00:00,62.1,Dining,In-store,Debit,JP,Terminal,32,37.37,3,4.82,0.48,1.39,1,0,0,0
2026-02-06T05:36:00+00:00,129.53,Services,In-store,Debit,DE,Terminal,64,131.58,2,6.56,2.63,0.98,1,1,0,0
2026-02-19T17:00:00+00:00,16.65,Travel,Online,Credit,AU,Mobile,158,38.8,1,33.1,0.54,0.43,0,0,1,0
2026-01-12T13:58:00+00:00,30.99,Groceries,In-store,Debit,ID,Terminal,145,33.6,2,3.91,0.38,0.87,1,0,0,0
2026-02-22T13:13:00+00:00,67.27,Services,In-store,Credit,ID,Terminal,69,70.24,2,88.31,1.36,1.04,1,1,0,0
2026-02-20T03:39:00+00:00,271.92,Electronics,In-store,Credit,SG,Terminal,40,38.63,6,221.7,1802.48,7.65,0,1,0,1
2026-01-05T13:53:00+00:00,65.5,Groceries,Online,Debit,GB,Mobile,146,60.68,2,9.62,5.34,1.09,0,0,1,0
2026-01-29T08:02:00+00:00,141.57,Travel,Online,Debit,AU,Mobile,75,114.54,2,13.85,9.9,1.39,0,0,1,0
2026-01-26T15:28:00+00:00,54.03,Retail,ATM,Credit,GB,Terminal,190,65.12,2,5.36,4.52,0.85,0,1,0,0
2026-02-17T20:35:00+00:00,161.3,Services,Contactless,Credit,SG,Terminal,130,65.28,2,33.8,3.02,1.92,1,1,0,0
2026-01-28T20:05:00+00:00,107.83,Retail,Online,Credit,AU,Desktop,81,68.95,2,13.46,6.02,1.37,0,0,1,0
2026-02-25T17:39:00+00:00,9.24,Entertainment,Online,Credit,ID,Mobile,426,20.08,1,5.9,1.3,0.44,0,0,1,0
2026-01-26T12:49:00+00:00,1061.81,Dining,Online,Credit,GB,Mobile,89,77.84,4,2015.03,176.01,11.15,0,0,1,0
2026-01-29T20:07:00+00:00,118.7,Electronics,Online,Credit,SG,Desktop,56,66.95,1,2.42,7.98,1.97,0,0,1,0
2026-01-16T16:50:00+00:00,183.6,Groceries,Online,Credit,GB,Mobile,236,107.81,1,3.97,4.95,1.23,0,0,1,0
2026-02-20T14:28:00+00:00,92.57,Dining,In-store,Credit,DE,Terminal,184,89.46,1,13.72,8.52,1.1,0,1,0,0
2026-01-30T11:58:00+00:00,904.67,Dining,In-store,Debit,GB,Terminal,28,52.92,5,1076.65,131.97,13.18,1,1,0,0
2026-01-30T17:17:00+00:00,51.33,Groceries,Contactless,Credit,SG,Terminal,29,118.04,2,10.54,13.36,0.34,1,1,0,0
2026-02-13T18:03:00+00:00,79.16,Groceries,Online,Credit,ID,Mobile,165,49.89,2,6.42,2.0,1.99,0,0,1,0
2026-02-15T05:39:00+00:00,58.92,Services,Online,Credit,SG,Desktop,24,70.86,9,5.6,20.44,0.69,0,0,1,1
2026-02-10T11:26:00+00:00,86.47,Groceries,ATM,Debit,DE,Terminal,146,49.29,3,25.65,4.36,1.82,1,0,0,0
2026-01-10T12:38:00+00:00,75.26,Retail,In-store,Debit,US,Terminal,89,81.46,1,9.63,1.68,0.99,1,1,0,0
2026-02-25T15:53:00+00:00,21.6,Dining,Online,Debit,SG,Mobile,171,47.24,2,2.83,0.76,0.43,0,0,1,1
2026-02-19T10:51:00+00:00,104.8,Entertainment,Online,Credit,SG,Mobile,201,176.07,1,2.66,1.1,0.68,0,0,1,0
2026-02-14T13:07:00+00:00,415.72,Groceries,Online,Debit,ID,Mobile,31,223.92,1,39.05,0.94,1.74,0,0,1,0
2026-02-03T04:04:00+00:00,389.72,Groceries,In-store,Prepaid,DE,Terminal,58,106.49,6,202.22,100.61,4.14,1,1,0,0
2026-02-15T18:21:00+00:00,105.59,Groceries,Online,Credit,ID,Mobile,362,164.32,1,9.97,0.69,0.63,0,0,1,0
2026-02-12T12:07:00+00:00,16.5,Groceries,In-store,Debit,DE,Terminal,161,22.19,1,32.65,8.96,0.63,1,1,0,0
2026-01-18T13:54:00+00:00,34.62,Dining,Online,Debit,AU,Mobile,193,23.95,1,13.41,2.75,1.37,0,0,1,0
2026-01-29T19:32:00+00:00,127.69,Groceries,Online,Debit,US,Mobile,604,48.96,1,3.21,2.64,2.73,0,0,1,0
2026-01-02T12:05:00+00:00,16.28,Retail,ATM,Prepaid,GB,Terminal,273,61.98,2,2.42,0.77,0.24,1,1,0,0
2026-01-01T13:33:00+00:00,231.54,Groceries,Contactless,Credit,SG,Terminal,129,53.05,3,57.79,1.14,5.24,1,1,0,0
2026-01-31T11:43:00+00:00,19.49,Groceries,Online,Credit,SG,Mobile,54,20.75,1,2.35,0.27,1.05,0,0,1,0
2026-02-15T00:46:00+00:00,814.31,Dining,Online,Credit,SG,Mobile,103,127.55,11,242.6,554.35,6.75,0,0,1,1
2026-02-16T13:56:00+00:00,190.95,Travel,Online,Credit,DE,Mobile,316,244.75,3,11.13,0.6,0.7,0,0,1,0
2026-02-19T13:37:00+00:00,134.72,Travel,Online,Debit,SG,Mobile,147,138.75,2,5.81,0.64,0.92,0,0,1,0
2026-01-24T13:36:00+00:00,695.42,Electronics,Online,Debit,DE,Desktop,492,122.19,4,838.14,451.77,5.31,0,0,1,0
2026-02-02T16:03:00+00:00,33.55,Groceries,Online,Credit,US,Mobile,163,69.89,1,1.47,3.62,0.48,0,0,1,0
2026-02-18T14:52:00+00:00,17.64,Dining,Online,Debit,JP,Mobile,140,34.88,1,5.86,2.78,0.56,0,0,1,0
2026-01-02T13:46:00+00:00,147.68,Retail,Contactless,Credit,ID,Terminal,311,63.25,1,15.57,3.46,1.92,1,0,0,0
2026-02-07T16:47:00+00:00,76.36,Dining,In-store,Credit,US,Terminal,189,237.14,2,15.63,6.38,0.35,1,1,0,0
2026-01-24T15:58:00+00:00,61.51,Entertainment,Online,Credit,SG,Mobile,229,48.0,2,3.94,2.72,1.21,0,0,1,0
2026-01-20T17:48:00+00:00,32.46,Entertainment,Online,Debit,AU,Desktop,29,44.89,2,2.4,0.53,0.73,0,0,1,0
2026-02-04T13:25:00+00:00,67.85,Dining,Contactless,Credit,ID,Terminal,172,123.93,2,9.35,5.12,0.51,1,1,0,0
2026-01-21T23:37:00+00:00,374.95,Groceries,ATM,Credit,ID,Terminal,94,129.4,1,1.74,3.75,3.13,1,0,0,0
2026-02-05T15:53:00+00:00,20.37,Retail,In-store,Credit,JP,Terminal,90,34.77,2,30.35,7.94,0.51,1,1,0,0
2026-02-10T18:04:00+00:00,27.9,Groceries,Online,Credit,AU,Desktop,113,50.91,1,8.79,0.71,0.46,0,0,1,0
2026-01-31T13:08:00+00:00,40.72,Groceries,Contactless,Debit,AU,Terminal,82,43.54,3,3.43,1.19,0.82,1,0,0,0
2026-02-04T11:23:00+00:00,36.94,Travel,In-store,Credit,DE,Terminal,221,63.14,2,2.32,3.64,0.57,1,1,0,0
2026-01-24T14:39:00+00:00,108.29,Retail,Contactless,Credit,US,Terminal,57,123.64,1,3.68,0.96,0.93,1,0,0,0
2026-01-05T15:50:00+00:00,52.49,Retail,Online,Credit,GB,Mobile,37,35.78,1,1.33,0.23,1.02,0,0,1,0
2026-01-21T11:18:00+00:00,114.99,Travel,Online,Debit,AU,Mobile,120,122.52,1,12.73,3.0,1.07,0,0,1,0
2026-02-03T17:12:00+00:00,61.79,Dining,Online,Credit,DE,Mobile,340,64.46,1,3.06,6.02,0.85,0,0,1,0
2026-01-22T12:11:00+00:00,170.71,Groceries,In-store,Credit,ID,Terminal,92,273.7,2,11.47,2.16,0.6,0,0,0,0
2026-01-03T16:18:00+00:00,101.29,Electronics,In-store,Credit,JP,Terminal,111,74.24,1,13.35,4.26,1.38,1,1,0,0
2026-01-31T11:03:00+00:00,49.99,Groceries,Contactless,Prepaid,GB,Terminal,109,56.66,1,21.38,3.68,0.86,1,1,0,0
2026-02-02T13:30:00+00:00,55.7,Electronics,Online,Debit,US,Desktop,779,87.67,1,9.75,2.49,0.68,0,0,1,0
2026-02-22T12:51:00+00:00,118.39,Electronics,Online,Credit,ID,Mobile,258,48.47,2,25.48,2.82,2.31,0,0,1,0
2026-02-25T12:25:00+00:00,16.76,Electronics,Contactless,Debit,JP,Terminal,88,18.79,2,33.94,9.48,0.86,1,1,0,0
2026-02-04T16:29:00+00:00,132.79,Services,Online,Debit,JP,Mobile,115,51.61,1,9.82,0.94,1.82,0,0,1,0
2026-01-06T09:49:00+00:00,115.96,Retail,Contactless,Debit,SG,Terminal,77,51.08,3,10.49,5.33,1.98,1,1,0,0
2026-02-17T10:00:00+00:00,47.01,Retail,In-store,Credit,GB,Terminal,493,21.43,1,4.0,0.76,2.05,1,1,0,0
2026-01-30T12:58:00+00:00,87.87,Electronics,Online,Credit,AU,Mobile,45,57.54,1,2.49,1.11,1.42,0,0,1,0
2026-02-05T10:12:00+00:00,18.45,Travel,In-store,Debit,JP,Terminal,67,15.74,3,30.27,8.13,0.92,1,0,0,0
2026-02-16T09:06:00+00:00,37.64,Groceries,Online,Credit,AU,Desktop,249,48.13,2,14.39,0.73,0.89,0,0,1,0
2026-02-08T18:35:00+00:00,54.77,Dining,Contactless,Credit,AU,Terminal,441,70.69,2,15.73,1.93,0.79,1,0,0,0
2026-01-26T09:01:00+00:00,12.08,Retail,In-store,Debit,US,Terminal,132,64.27,2,3.86,26.08,0.24,1,0,0,0
2026-02-20T16:26:00+00:00,71.6,Groceries,Online,Debit,JP,Desktop,110,46.19,3,44.09,6.86,1.44,0,0,1,0
2026-01-22T13:46:00+00:00,68.46,Retail,Contactless,Credit,ID,Terminal,137,57.08,2,5.75,1.18,1.07,1,1,0,0
2026-02-08T09:41:00+00:00,49.05,Retail,Online,Debit,AU,Mobile,141,36.25,1,3.06,1.4,1.54,0,0,1,0
2026-02-04T11:04:00+00:00,62.87,Travel,Online,Debit,SG,Mobile,583,60.77,2,3.93,2.07,0.86,0,0,1,0
2026-02-19T07:43:00+00:00,79.56,Dining,Online,Debit,ID,Mobile,182,62.66,1,41.61,9.13,1.39,0,0,1,0
2026-02-21T07:14:00+00:00,12.63,Travel,In-store,Credit,AU,Terminal,103,33.61,1,2.18,0.9,0.39,1,0,0,0
2026-01-15T12:11:00+00:00,32.61,Groceries,Online,Credit,ID,Desktop,177,71.81,2,3.23,0.85,0.45,0,0,1,0
2026-02-22T07:20:00+00:00,89.29,Electronics,In-store,Credit,ID,Terminal,86,71.52,8,10811.44,224.38,1.01,0,0,0,1
2026-02-05T12:26:00+00:00,41.14,Groceries,ATM,Debit,GB,Terminal,69,54.16,3,20.8,0.46,0.85,1,1,0,0
2026-01-17T14:17:00+00:00,172.88,Groceries,In-store,Credit,JP,Terminal,160,291.1,2,3.3,0.99,0.57,1,1,0,0
2026-02-06T08:31:00+00:00,163.89,Dining,Online,Debit,GB,Mobile,136,55.07,4,135.69,100.98,2.69,0,0,1,0
2026-02-28T19:38:00+00:00,61.55,Dining,Contactless,Debit,US,Terminal,59,50.32,1,1.17,2.38,1.14,1,1,0,0
2026-02-07T11:04:00+00:00,35.17,Travel,In-store,Credit,US,Terminal,99,45.85,3,8.22,0.63,0.71,1,0,0,0
2026-01-10T09:16:00+00:00,13.46,Groceries,In-store,Credit,SG,Terminal,95,32.1,2,16.46,3.5,0.38,1,1,0,0
2026-01-30T12:18:00+00:00,392.08,Services,In-store,Debit,US,Terminal,94,94.24,1,39.28,4.28,4.47,1,1,0,0
2026-01-13T22:36:00+00:00,43.4,Dining,In-store,Credit,SG,Terminal,497,38.63,1,0.92,1.27,0.9,1,1,0,0
2026-01-16T15:15:00+00:00,19.39,Retail,In-store,Credit,ID,Terminal,136,41.71,4,1.72,12.95,0.47,1,1,0,0
2026-02-12T08:41:00+00:00,25.11,Dining,In-store,Credit,SG,Terminal,171,42.53,1,6.48,3.45,0.61,1,0,0,0
2026-01-07T09:43:00+00:00,31.43,Electronics,Online,Credit,JP,Desktop,212,31.81,1,158.61,0.9,0.83,0,0,1,0
2026-02-22T17:01:00+00:00,14.75,Dining,Online,Credit,US,Mobile,128,19.33,2,19.58,12.44,0.83,0,0,1,0
2026-02-24T19:37:00+00:00,96.36,Groceries,Contactless,Credit,DE,Terminal,98,44.66,2,11.13,1.46,2.07,1,1,0,0
2026-01-12T07:22:00+00:00,85.15,Dining,In-store,Credit,DE,Terminal,381,106.45,1,1.92,2.94,0.88,1,1,0,0
2026-01-19T11:17:00+00:00,277.48,Travel,In-store,Debit,US,Terminal,383,68.58,2,0.72,1.51,2.92,1,1,0,0
2026-01-20T04:03:00+00:00,158.6,Dining,Contactless,Credit,GB,Terminal,253,166.4,2,7.71,4.59,0.71,1,1,0,0
2026-01-04T08:29:00+00:00,594.77,Groceries,In-store,Credit,SG,Terminal,124,98.31,4,399.69,67.93,6.14,1,1,0,0
2026-01-05T08:45:00+00:00,157.87,Groceries,ATM,Credit,DE,Terminal,171,84.82,1,5.5,1.61,1.74,1,1,0,0
2026-02-14T13:09:00+00:00,397.58,Electronics,Online,Debit,SG,Desktop,75,205.15,1,4.86,2.1,1.94,0,0,1,0
2026-01-28T01:03:00+00:00,112.72,Groceries,ATM,Debit,ID,Terminal,143,56.65,1,3.24,1.49,2.08,1,0,0,0
2026-01-14T17:08:00+00:00,49.79,Groceries,In-store,Credit,US,Terminal,58,62.87,2,2.52,7.18,0.78,1,1,0,0
2026-02-01T17:51:00+00:00,279.74,Travel,Online,Credit,AU,Mobile,78,59.89,5,2055.88,31.26,4.7,0,0,1,1
2026-01-15T12:12:00+00:00,26.8,Groceries,Contactless,Credit,GB,Terminal,424,164.59,2,2.79,2.37,0.2,1,0,0,0
2026-02-05T22:50:00+00:00,51.13,Groceries,Contactless,Credit,US,Terminal,60,60.44,2,5.45,2.69,0.82,0,1,0,0
2026-01-11T11:11:00+00:00,71.5,Retail,Contactless,Credit,GB,Terminal,458,39.59,3,7.08,2.17,1.82,1,1,0,0
2026-01-12T04:31:00+00:00,148.21,Dining,In-store,Credit,ID,Terminal,208,88.41,4,16.07,6.48,1.61,1,1,0,0
2026-02-20T12:26:00+00:00,156.92,Services,Online,Debit,GB,Mobile,77,35.5,5,174.69,24.44,4.47,0,0,1,0
2026-01-17T13:56:00+00:00,215.59,Entertainment,Contactless,Debit,JP,Terminal,160,85.35,3,21.67,4.34,2.65,1,0,0,0
2026-01-18T13:16:00+00:00,64.37,Electronics,In-store,Credit,SG,Terminal,394,78.96,3,3.91,0.71,0.73,1,1,0,0
2026-02-15T13:21:00+00:00,33.86,Dining,Contactless,Credit,SG,Terminal,319,53.35,1,6.18,1.48,0.59,1,1,0,0
2026-01-25T11:26:00+00:00,72.17,Electronics,Online,Credit,US,Mobile,312,87.16,2,45.03,0.64,0.69,0,0,1,0
2026-01-07T14:18:00+00:00,11.26,Entertainment,In-store,Debit,GB,Terminal,103,22.94,3,2.54,1.76,0.46,1,0,0,0
2026-02-16T19:10:00+00:00,88.78,Retail,Online,Credit,DE,Mobile,69,67.08,4,16.33,1.38,1.36,0,0,1,0
2026-01-01T04:06:00+00:00,272.66,Dining,Online,Debit,AU,Mobile,44,44.67,9,1346.24,565.82,5.63,0,0,1,1
2026-01-27T14:35:00+00:00,403.9,Entertainment,In-store,Credit,JP,Terminal,146,387.79,5,10.39,3.13,1.35,1,1,0,0
2026-01-24T19:43:00+00:00,62.67,Electronics,In-store,Credit,ID,Terminal,115,66.77,1,6.49,3.82,0.71,0,1,0,0
2026-02-09T12:10:00+00:00,37.79,Entertainment,Online,Credit,JP,Mobile,87,40.95,3,76.58,0.81,0.89,0,0,1,0
2026-02-04T08:25:00+00:00,7.83,Services,Online,Debit,DE,Mobile,66,24.63,1,7.28,5.16,0.24,0,0,1,0
2026-02-04T13:42:00+00:00,146.75,Groceries,In-store,Credit,SG,Terminal,221,140.97,2,9.25,12.66,1.17,1,1,0,0
2026-02-23T14:58:00+00:00,40.79,Dining,In-store,Credit,SG,Terminal,81,48.06,1,5.1,5.87,0.98,0,1,0,0
2026-02-05T19:07:00+00:00,17.65,Retail,Online,Prepaid,JP,Mobile,235,36.08,2,8.72,0.66,0.47,0,0,1,0
2026-01-03T19:52:00+00:00,68.09,Dining,In-store,Debit,US,Terminal,108,75.08,1,21.34,1.55,0.87,1,0,0,0
2026-01-04T17:23:00+00:00,386.23,Retail,Contactless,Debit,DE,Terminal,125,92.05,3,329.36,122.55,4.02,1,1,0,0
2026-01-21T12:30:00+00:00,257.26,Groceries,Online,Credit,SG,Desktop,58,91.11,1,0.73,1.38,2.76,0,0,1,0
2026-01-01T10:03:00+00:00,26.93,Dining,Contactless,Debit,DE,Terminal,177,61.12,1,13.0,30.97,0.48,0,1,0,0
2026-02-21T13:27:00+00:00,62.54,Travel,Online,Credit,SG,Desktop,110,66.92,2,2.26,1.52,1.13,0,0,1,0
2026-02-16T11:17:00+00:00,34.17,Retail,Contactless,Credit,US,Terminal,63,70.16,3,16.71,2.36,0.47,1,1,0,0
2026-02-12T22:14:00+00:00,41.51,Entertainment,Online,Credit,SG,Desktop,114,75.09,1,7.38,1.35,0.65,0,0,1,0
2026-02-11T07:52:00+00:00,72.88,Retail,In-store,Credit,SG,Terminal,73,79.53,2,20.85,3.1,1.1,1,1,0,0
2026-02-07T14:09:00+00:00,94.71,Dining,In-store,Credit,SG,Terminal,44,122.9,1,2.6,9.8,0.81,1,1,0,0
2026-01-21T12:14:00+00:00,60.88,Entertainment,Online,Credit,SG,Mobile,227,62.59,2,4.1,2.76,0.92,0,0,1,0
2026-01-01T17:14:00+00:00,266.07,Entertainment,In-store,Credit,GB,Terminal,60,35.48,1,306.73,88.32,5.79,1,1,0,0
2026-01-08T15:46:00+00:00,42.41,Dining,Online,Credit,AU,Mobile,184,54.94,1,1.45,0.84,0.68,0,0,1,0
2026-01-28T06:33:00+00:00,189.51,Retail,Online,Credit,GB,Mobile,665,98.49,1,25.09,8.24,1.6,0,0,1,0
2026-01-16T16:27:00+00:00,15.71,Retail,ATM,Credit,AU,Terminal,69,18.89,1,1.24,2.13,0.76,1,1,0,0
2026-02-28T13:08:00+00:00,17.28,Travel,In-store,Credit,GB,Terminal,186,18.96,1,24.71,2.04,0.87,1,1,0,0
2026-02-19T15:23:00+00:00,175.33,Retail,In-store,Debit,SG,Terminal,101,109.6,2,11.79,0.24,1.15,1,1,0,0
2026-02-10T07:53:00+00:00,145.02,Retail,Contactless,Credit,GB,Terminal,159,162.08,1,5.94,2.17,1.06,1,1,0,0
2026-01-25T14:29:00+00:00,34.58,Groceries,Online,Credit,AU,Desktop,38,26.51,3,10.8,1.65,1.38,0,0,1,0
2026-02-18T14:58:00+00:00,69.29,Retail,In-store,Debit,ID,Terminal,178,64.41,2,10.48,0.4,1.12,1,1,0,0
2026-01-25T08:02:00+00:00,64.54,Electronics,In-store,Debit,ID,Terminal,144,46.54,1,4.76,6.62,1.23,0,1,0,0
2026-01-31T15:15:00+00:00,33.83,Dining,ATM,Debit,GB,Terminal,725,50.93,3,10.26,1.44,0.75,0,0,0,0
2026-02-12T20:09:00+00:00,38.68,Entertainment,Contactless,Credit,ID,Terminal,32,73.6,2,16.52,16.37,0.48,1,0,0,0
2026-01-22T02:38:00+00:00,10.7,Groceries,Contactless,Debit,JP,Terminal,95,26.04,1,2.61,10.12,0.38,1,1,0,0
2026-01-31T01:06:00+00:00,54.61,Services,Online,Credit,JP,Mobile,61,29.38,4,652.5,53.52,1.67,0,0,1,1
2026-01-20T11:24:00+00:00,151.48,Services,Online,Debit,US,Mobile,248,49.61,2,0.41,9.67,2.75,0,0,1,0
2026-01-11T14:02:00+00:00,15.7,Dining,In-store,Credit,SG,Terminal,123,54.9,2,0.88,12.31,0.23,1,0,0,0
2026-02-17T17:31:00+00:00,55.8,Retail,Online,Credit,AU,Mobile,325,29.02,2,13.75,1.41,1.94,0,0,1,0
2026-02-28T16:11:00+00:00,59.93,Retail,In-store,Credit,SG,Terminal,140,100.81,1,4.67,0.88,0.55,1,1,0,0
2026-01-28T13:46:00+00:00,80.51,Entertainment,Online,Credit,ID,Mobile,147,46.0,3,2.89,0.28,1.93,0,0,1,0
2026-01-03T21:27:00+00:00,48.66,Dining,In-store,Debit,AU,Terminal,39,45.87,3,420.6,160.85,1.2,1,1,0,0
2026-01-20T11:36:00+00:00,72.78,Retail,ATM,Credit,SG,Terminal,202,72.51,4,4.78,0.93,0.8,1,1,0,0
2026-02-23T18:11:00+00:00,113.54,Groceries,Contactless,Debit,GB,Terminal,388,55.49,2,2.49,3.71,2.27,1,1,0,0
2026-02-09T18:39:00+00:00,162.38,Services,Contactless,Credit,ID,Terminal,67,104.0,1,1.22,1.39,1.44,1,0,0,0
2026-01-16T07:02:00+00:00,26.4,Services,Contactless,Credit,US,Terminal,98,32.89,1,0.85,1.13,0.75,0,1,0,0
2026-03-01T04:08:00+00:00,40.04,Retail,Online,Debit,JP,Mobile,49,24.33,8,1004.93,62.71,1.41,0,0,1,0
2026-01-08T23:49:00+00:00,16.17,Dining,In-store,Debit,GB,Terminal,185,49.34,1,4.64,0.67,0.41,1,1,0,0
2026-01-26T12:14:00+00:00,153.9,Electronics,Online,Credit,US,Mobile,119,62.75,3,21.47,1.4,2.18,0,0,1,0
2026-01-30T16:44:00+00:00,19.89,Travel,Online,Debit,JP,Mobile,236,26.94,3,4.59,1.18,0.74,0,0,1,0
2026-01-10T02:51:00+00:00,19.99,Travel,In-store,Debit,GB,Terminal,127,24.48,1,10.92,2.43,0.88,1,1,0,0
2026-01-12T17:07:00+00:00,72.36,Electronics,Online,Debit,SG,Mobile,125,67.93,1,6.44,2.73,1.1,0,0,1,0
2026-02-08T12:58:00+00:00,17.37,Electronics,In-store,Credit,JP,Terminal,128,36.87,1,7.76,0.84,0.41,0,1,0,0
2026-01-03T15:48:00+00:00,30.68,Dining,Contactless,Debit,US,Terminal,151,23.47,2,8.19,7.4,1.19,0,1,0,0
2026-01-25T04:33:00+00:00,79.1,Dining,Online,Credit,ID,Mobile,136,113.01,2,4.53,2.1,0.71,0,0,1,0
2026-02-12T07:19:00+00:00,38.22,Electronics,In-store,Credit,GB,Terminal,180,40.02,2,1.91,11.05,1.11,1,0,0,0
2026-02-05T18:12:00+00:00,71.53,Electronics,Online,Credit,GB,Desktop,364,127.41,2,17.16,3.13,0.65,0,0,1,0
2026-01-24T14:13:00+00:00,23.6,Retail,Contactless,Credit,JP,Terminal,265,61.47,2,42.64,2.64,0.35,1,1,0,0
2026-03-01T17:30:00+00:00,43.84,Dining,Online,Debit,ID,Desktop,459,73.08,2,45.84,1.51,0.71,0,0,1,0
2026-01-30T09:09:00+00:00,71.13,Dining,In-store,Credit,GB,Terminal,59,52.59,1,4.02,4.55,1.37,1,1,0,0
2026-01-28T11:28:00+00:00,17.94,Services,Online,Credit,US,Mobile,79,10.74,2,3.3,2.54,1.18,0,0,1,0
2026-02-08T19:30:00+00:00,28.79,Dining,Online,Credit,AU,Mobile,291,28.82,3,4.02,5.8,0.94,0,0,1,0
2026-01-19T15:39:00+00:00,98.65,Groceries,Contactless,Credit,ID,Terminal,66,55.61,2,6.09,12.24,1.61,1,1,0,0
2026-01-24T16:00:00+00:00,54.21,Retail,Contactless,Credit,US,Terminal,417,76.48,2,6.97,1.19,0.81,1,1,0,0
2026-02-28T09:19:00+00:00,15.36,Services,In-store,Debit,ID,Terminal,93,18.85,3,2.47,4.54,0.96,1,1,0,0
2026-01-14T14:08:00+00:00,44.31,Dining,In-store,Credit,JP,Terminal,121,58.27,2,1.45,4.42,0.69,1,1,0,0
2026-02-10T17:52:00+00:00,46.85,Groceries,Online,Debit,GB,Mobile,103,29.09,2,7.81,3.89,1.67,0,0,1,0
2026-02-17T09:50:00+00:00,90.54,Groceries,In-store,Debit,AU,Terminal,135,70.28,1,0.15,1.59,1.11,1,1,0,0
2026-01-19T11:58:00+00:00,39.67,Retail,In-store,Credit,US,Terminal,428,59.58,1,6.61,1.63,0.65,1,0,0,0
2026-01-19T00:54:00+00:00,56.96,Retail,Online,Credit,ID,Mobile,337,97.83,4,2.61,1.37,0.37,0,0,1,0
2026-01-20T22:54:00+00:00,1061.15,Groceries,In-store,Credit,SG,Terminal,528,120.72,5,1051.71,60.12,9.35,1,1,0,0
2026-01-27T20:19:00+00:00,49.78,Travel,In-store,Credit,US,Terminal,663,81.32,1,23.39,1.06,0.58,1,0,0,0
2026-02-06T07:59:00+00:00,91.9,Travel,Contactless,Credit,SG,Terminal,97,105.56,2,24.01,2.22,0.97,0,1,0,0
2026-02-15T18:00:00+00:00,220.98,Retail,Online,Credit,JP,Mobile,66,48.05,1,5.05,1.15,3.97,0,0,1,0
2026-01-22T14:08:00+00:00,615.37,Travel,Online,Credit,SG,Mobile,150,378.05,2,2.12,3.8,1.52,0,0,1,0
2026-01-30T22:17:00+00:00,61.24,Electronics,Contactless,Credit,AU,Terminal,168,27.32,4,3.02,2.6,2.51,1,0,0,0
2026-02-16T14:15:00+00:00,27.52,Retail,ATM,Debit,GB,Terminal,47,42.82,1,10.14,2.91,0.66,1,0,0,0
2026-01-01T09:47:00+00:00,235.39,Retail,Online,Credit,DE,Mobile,234,108.41,1,1.21,1.87,1.79,0,0,1,0
2026-01-12T19:45:00+00:00,110.12,Travel,In-store,Debit,SG,Terminal,64,98.42,2,34.22,2.64,0.94,1,1,0,0
2026-01-07T21:09:00+00:00,80.87,Dining,Contactless,Credit,DE,Terminal,100,82.83,1,5.14,1.92,1.16,1,1,0,0
2026-01-12T14:27:00+00:00,1471.89,Groceries,In-store,Credit,JP,Terminal,225,93.59,4,772.93,239.74,16.49,1,1,0,0
2026-02-21T12:05:00+00:00,15.53,Dining,In-store,Debit,AU,Terminal,187,15.58,1,1.04,1.58,0.78,1,1,0,0
2026-01-14T17:57:00+00:00,157.0,Electronics,In-store,Debit,JP,Terminal,141,169.53,2,2.67,3.58,0.93,1,1,0,0
2026-02-27T07:42:00+00:00,28.91,Retail,Contactless,Debit,AU,Terminal,159,52.85,1,0.91,0.67,0.53,1,0,0,0
2026-02-22T19:08:00+00:00,251.43,Dining,Contactless,Debit,JP,Terminal,212,135.62,1,22.72,5.01,1.6,1,1,0,0
2026-01-23T19:46:00+00:00,8.94,Groceries,Contactless,Credit,AU,Terminal,88,16.09,2,6.2,1.41,0.65,1,1,0,0
2026-01-06T11:18:00+00:00,111.24,Groceries,Online,Credit,US,Mobile,168,71.29,1,13.85,0.99,1.74,0,0,1,0
2026-01-15T01:13:00+00:00,13.49,Electronics,Contactless,Credit,JP,Terminal,133,41.83,2,7.92,0.79,0.33,1,1,0,0
2026-02-06T00:38:00+00:00,134.51,Travel,In-store,Debit,JP,Terminal,147,87.52,4,12.37,0.73,1.3,1,1,0,0
2026-01-28T22:13:00+00:00,271.12,Entertainment,Contactless,Prepaid,SG,Terminal,302,74.15,3,307.6,67.93,3.16,1,1,0,0
2026-02-21T18:24:00+00:00,123.65,Groceries,ATM,Credit,ID,Terminal,164,76.55,2,5.91,11.01,1.45,1,1,0,0
2026-01-22T12:52:00+00:00,27.61,Dining,ATM,Debit,ID,Terminal,363,30.32,2,6.68,1.29,0.92,1,1,0,0
2026-01-11T19:21:00+00:00,230.65,Retail,Contactless,Credit,US,Terminal,94,58.15,3,696.59,12.07,3.38,1,1,0,0
2026-02-10T20:09:00+00:00,38.72,Entertainment,Contactless,Debit,US,Terminal,125,53.67,2,11.89,3.54,0.73,1,1,0,0
2026-02-25T20:33:00+00:00,49.54,Dining,In-store,Credit,ID,Terminal,46,83.26,2,162.81,0.81,0.54,1,0,0,0
2026-02-03T14:08:00+00:00,203.17,Entertainment,In-store,Debit,ID,Terminal,68,114.78,1,46.98,5.56,1.55,1,1,0,0
2026-02-12T18:48:00+00:00,40.5,Dining,Online,Credit,ID,Mobile,103,66.54,2,1.04,1.61,0.48,0,0,1,0
2026-02-05T03:44:00+00:00,20.71,Retail,In-store,Debit,GB,Terminal,187,26.32,2,6.31,1.87,0.78,1,1,0,0
2026-01-14T09:25:00+00:00,71.51,Dining,In-store,Credit,SG,Terminal,94,64.71,3,4.73,8.14,1.14,1,1,0,0
2026-02-03T15:32:00+00:00,991.21,Services,In-store,Debit,ID,Terminal,62,329.38,1,30.21,4.56,2.51,1,1,0,0
2026-02-28T07:02:00+00:00,195.48,Retail,In-store,Credit,JP,Terminal,170,175.9,2,5.22,0.71,0.92,1,1,0,0
2026-03-01T04:38:00+00:00,6.54,Groceries,ATM,Debit,JP,Terminal,41,8.73,1,12.31,0.82,0.79,1,1,0,0
2026-02-19T07:46:00+00:00,308.02,Travel,In-store,Debit,AU,Terminal,42,62.88,6,34.1,18.48,5.58,0,1,0,0
2026-01-31T13:54:00+00:00,171.02,Dining,In-store,Credit,AU,Terminal,75,110.6,3,84.36,1485.08,1.3,1,1,0,0
2026-01-04T13:43:00+00:00,19.26,Retail,Online,Credit,SG,Mobile,177,53.6,1,73.81,1.04,0.44,0,0,1,0
2026-01-27T20:17:00+00:00,26.61,Retail,Online,Credit,GB,Mobile,72,44.74,1,7.81,7.92,0.73,0,0,1,0
2026-02-19T12:30:00+00:00,29.45,Retail,Online,Credit,GB,Desktop,143,50.73,2,2.46,1.44,0.59,0,0,1,0
2026-02-26T14:19:00+00:00,29.96,Dining,Online,Credit,DE,Desktop,226,86.39,2,9.65,0.84,0.34,0,0,1,0
2026-02-04T18:36:00+00:00,39.15,Entertainment,Contactless,Debit,AU,Terminal,186,28.6,1,2.32,2.51,1.57,1,1,0,0
2026-01-02T18:52:00+00:00,145.84,Dining,In-store,Debit,DE,Terminal,450,130.67,1,5.41,1.77,1.08,1,1,0,0
2026-02-23T11:22:00+00:00,60.66,Groceries,Online,Credit,GB,Mobile,150,58.18,2,1.49,5.48,1.01,0,0,1,0
2026-02-20T17:47:00+00:00,18.53,Retail,In-store,Credit,US,Terminal,364,32.86,1,3.1,5.55,0.6,1,0,0,0
2026-02-05T19:06:00+00:00,158.29,Entertainment,In-store,Prepaid,GB,Terminal,207,125.31,2,4.67,1.36,0.97,1,1,0,0
2026-01-25T18:42:00+00:00,29.68,Services,In-store,Debit,JP,Terminal,102,22.1,1,25.35,0.58,1.27,1,1,0,0
2026-02-17T11:47:00+00:00,38.15,Travel,ATM,Debit,DE,Terminal,68,42.06,1,12.31,0.74,0.78,1,1,0,0
2026-01-19T17:46:00+00:00,41.88,Dining,Contactless,Debit,JP,Terminal,150,41.61,1,14.92,0.25,1.22,1,1,0,0
2026-02-19T17:23:00+00:00,113.25,Entertainment,Online,Credit,JP,Mobile,54,243.12,1,7.18,1.87,0.56,0,0,1,0
2026-01-20T10:44:00+00:00,40.24,Dining,In-store,Debit,GB,Terminal,115,38.66,1,18.27,2.43,0.98,0,1,0,0
2026-02-17T16:59:00+00:00,35.47,Groceries,Contactless,Credit,GB,Terminal,121,14.87,2,2.83,0.78,1.87,1,1,0,0
2026-02-10T07:03:00+00:00,366.64,Retail,Online,Credit,DE,Mobile,306,41.34,3,199.14,31.07,10.11,0,0,1,0
2026-01-04T10:58:00+00:00,173.79,Retail,In-store,Credit,JP,Terminal,81,81.13,1,11.57,2.42,2.1,0,1,0,0
2026-01-03T02:21:00+00:00,94.27,Groceries,In-store,Debit,GB,Terminal,182,100.45,2,5.44,1.31,1.1,1,1,0,0
2026-02-09T08:19:00+00:00,227.22,Groceries,ATM,Debit,DE,Terminal,68,265.01,2,7.28,1.99,0.94,1,0,0,0
2026-01-28T07:06:00+00:00,107.91,Retail,Online,Debit,ID,Desktop,246,150.58,2,6.17,1.7,0.7,0,0,1,0
2026-02-23T21:11:00+00:00,19.25,Dining,In-store,Credit,US,Terminal,387,68.18,1,29.34,3.15,0.3,1,1,0,0
2026-02-16T09:30:00+00:00,11.44,Travel,Online,Credit,DE,Mobile,75,33.8,1,31.07,1.4,0.4,0,0,1,0
2026-02-26T06:45:00+00:00,121.36,Dining,In-store,Debit,SG,Terminal,148,173.4,1,3.71,1.51,0.83,1,1,0,0
2026-01-12T17:43:00+00:00,32.08,Electronics,Online,Debit,SG,Mobile,823,47.49,1,1.07,0.37,0.86,0,0,1,0
2026-02-16T16:45:00+00:00,92.73,Electronics,In-store,Debit,SG,Terminal,80,39.34,2,3.38,2.34,2.22,1,1,0,0
2026-01-27T15:43:00+00:00,103.73,Retail,ATM,Prepaid,AU,Terminal,48,46.01,1,2.75,2.69,2.09,1,1,0,0
2026-01-19T20:01:00+00:00,17.42,Services,Online,Credit,JP,Mobile,157,26.74,1,18.45,2.06,0.6,0,0,1,0
2026-01-23T16:27:00+00:00,60.76,Retail,In-store,Credit,JP,Terminal,63,44.6,2,20.34,16.64,1.53,0,1,0,0
2026-02-21T16:32:00+00:00,40.59,Travel,Online,Credit,ID,Mobile,174,51.86,1,2.38,2.89,0.69,0,0,1,0
2026-02-02T13:02:00+00:00,149.91,Dining,In-store,Credit,US,Terminal,247,97.02,2,3.22,2.1,1.41,0,1,0,0
2026-01-02T14:17:00+00:00,71.41,Dining,Online,Credit,US,Desktop,65,46.89,1,1.45,4.05,1.52,0,0,1,0
2026-01-29T17:17:00+00:00,51.72,Entertainment,Online,Prepaid,AU,Mobile,47,26.47,1,8.57,20.35,1.99,0,0,1,0
2026-02-16T12:02:00+00:00,13.3,Electronics,Online,Debit,DE,Mobile,275,21.28,3,7.03,3.17,0.68,0,0,1,0
2026-02-15T03:26:00+00:00,122.74,Retail,Contactless,Credit,DE,Terminal,452,69.15,3,17.6,0.27,1.73,1,0,0,0
2026-01-30T12:25:00+00:00,22.56,Dining,Contactless,Credit,GB,Terminal,108,63.26,2,12.77,3.79,0.29,1,1,0,0
2026-02-17T12:32:00+00:00,100.61,Dining,In-store,Debit,GB,Terminal,353,42.09,1,14.46,1.02,2.06,1,1,0,0
2026-02-22T09:07:00+00:00,39.15,Groceries,Online,Debit,DE,Desktop,462,44.53,2,1.35,0.36,0.91,0,0,1,0
2026-01-04T16:58:00+00:00,76.72,Retail,In-store,Credit,GB,Terminal,221,77.67,1,3.71,13.43,0.92,1,1,0,0
2026-01-31T18:16:00+00:00,33.7,Entertainment,Contactless,Credit,DE,Terminal,148,148.99,1,20.98,10.82,0.26,1,1,0,0
2026-02-22T09:37:00+00:00,28.99,Groceries,Contactless,Credit,AU,Terminal,216,36.34,1,4.09,0.99,0.73,1,0,0,0
2026-01-26T13:33:00+00:00,122.75,Services,ATM,Credit,ID,Terminal,246,63.93,3,1.23,1.0,2.14,1,1,0,0
2026-03-01T11:00:00+00:00,444.99,Electronics,In-store,Credit,DE,Terminal,27,112.49,6,1084.41,129.05,3.62,1,1,0,0
2026-02-20T14:14:00+00:00,77.0,Electronics,In-store,Credit,JP,Terminal,123,36.43,2,3.92,1.01,1.44,1,1,0,0
2026-01-12T07:41:00+00:00,52.31,Dining,In-store,Credit,AU,Terminal,53,59.73,4,23.78,2.15,0.94,1,0,0,0
2026-01-20T21:21:00+00:00,153.56,Electronics,Online,Credit,GB,Mobile,71,58.87,3,7.24,1.21,1.78,0,0,1,0
2026-01-24T06:19:00+00:00,28.51,Groceries,Contactless,Credit,ID,Terminal,168,25.73,4,5.45,1.65,1.04,1,0,0,0
2026-01-30T18:42:00+00:00,31.64,Dining,In-store,Debit,GB,Terminal,125,67.32,1,33.1,0.6,0.52,1,1,0,0
2026-02-11T09:47:00+00:00,53.1,Dining,Contactless,Credit,DE,Terminal,137,61.59,3,1.76,5.62,0.96,0,1,0,0
2026-02-20T17:48:00+00:00,293.24,Groceries,In-store,Credit,ID,Terminal,122,86.56,1,35.79,8.2,2.49,1,0,0,0
2026-02-03T11:26:00+00:00,37.38,Dining,In-store,Credit,GB,Terminal,117,27.9,2,3.66,2.23,1.26,0,0,0,0
2026-01-01T18:27:00+00:00,48.46,Electronics,ATM,Credit,DE,Terminal,133,60.73,3,8.83,2.37,0.86,1,1,0,0
2026-02-21T20:40:00+00:00,539.28,Retail,In-store,Credit,DE,Terminal,401,148.14,2,8.93,4.61,3.74,1,1,0,0
2026-01-21T21:35:00+00:00,466.42,Services,In-store,Credit,DE,Terminal,211,232.85,1,4.62,2.46,1.89,0,0,0,0
2026-01-22T19:22:00+00:00,212.16,Groceries,In-store,Debit,ID,Terminal,69,138.67,1,3.2,13.87,1.53,1,0,0,0
2026-02-19T12:19:00+00:00,33.0,Travel,In-store,Credit,SG,Terminal,98,28.08,2,4.92,0.66,1.12,1,1,0,0
2026-02-18T12:58:00+00:00,147.9,Entertainment,In-store,Credit,GB,Terminal,217,80.9,3,2.42,5.82,1.45,1,0,0,0
2026-02-22T13:53:00+00:00,56.39,Services,Contactless,Prepaid,US,Terminal,37,44.08,6,63.95,2.19,1.48,1,0,0,1
2026-02-24T20:18:00+00:00,18.82,Dining,Contactless,Debit,US,Terminal,192,72.57,3,4.35,0.8,0.24,1,1,0,0
2026-01-10T13:04:00+00:00,42.67,Services,Contactless,Debit,JP,Terminal,132,36.53,1,26.44,23.27,1.18,1,1,0,0
2026-01-11T12:57:00+00:00,15.51,Dining,In-store,Prepaid,GB,Terminal,155,19.81,2,22.87,26.71,0.84,1,0,0,0
2026-01-27T07:05:00+00:00,37.55,Groceries,In-store,Debit,US,Terminal,327,48.23,2,11.01,2.0,0.68,1,1,0,0
2026-02-28T12:14:00+00:00,65.27,Dining,ATM,Credit,US,Terminal,177,96.51,1,6.36,3.84,0.82,1,0,0,0
2026-01-21T13:02:00+00:00,18.82,Retail,In-store,Prepaid,SG,Terminal,520,72.76,1,9.14,1.54,0.35,0,1,0,0
2026-01-21T18:46:00+00:00,24.34,Travel,Online,Debit,ID,Mobile,84,78.41,2,13.87,1.8,0.3,0,0,1,0
2026-02-28T11:06:00+00:00,696.1,Retail,In-store,Credit,DE,Terminal,70,69.45,6,497.96,35.43,10.2,1,1,0,0
2026-02-28T11:19:00+00:00,80.93,Groceries,Online,Credit,AU,Mobile,177,78.49,1,1.32,0.68,1.23,0,0,1,0
2026-02-03T02:37:00+00:00,14.09,Groceries,ATM,Credit,GB,Terminal,115,85.13,2,1.0,15.55,0.21,0,1,0,0
2026-02-05T03:03:00+00:00,41.89,Retail,In-store,Credit,GB,Terminal,147,50.47,2,38.86,2.37,0.65,1,1,0,0
2026-01-24T18:59:00+00:00,107.77,Travel,Contactless,Credit,ID,Terminal,172,63.68,2,0.41,2.59,1.59,1,1,0,0
2026-02-19T09:46:00+00:00,145.77,Groceries,In-store,Credit,DE,Terminal,54,187.38,1,9.16,1.09,0.78,0,1,0,0
2026-02-22T22:36:00+00:00,175.85,Services,In-store,Credit,DE,Terminal,29,66.18,1,5.71,2.97,2.0,1,1,0,0
2026-01-16T06:33:00+00:00,125.38,Retail,In-store,Credit,JP,Terminal,222,62.03,2,8.82,0.55,1.77,1,1,0,0
2026-02-12T18:15:00+00:00,32.32,Groceries,Contactless,Credit,US,Terminal,49,64.51,2,2.11,1.13,0.4,1,1,0,0
2026-02-01T08:35:00+00:00,193.66,Groceries,In-store,Credit,AU,Terminal,93,52.37,4,655.73,33.12,4.31,1,1,0,0
2026-02-12T15:49:00+00:00,27.14,Dining,Contactless,Prepaid,ID,Terminal,118,45.47,2,9.27,8.96,0.7,1,1,0,0
2026-01-26T17:30:00+00:00,29.21,Retail,Online,Credit,JP,Mobile,126,69.11,1,154.02,0.47,0.39,0,0,1,0
2026-02-06T00:21:00+00:00,17.18,Entertainment,Online,Debit,ID,Mobile,77,43.44,4,8.52,0.76,0.37,0,0,1,1
2026-02-08T14:17:00+00:00,36.17,Retail,ATM,Debit,US,Terminal,214,54.89,1,32.56,0.32,0.56,0,1,0,0
2026-01-26T18:35:00+00:00,18.12,Groceries,In-store,Credit,DE,Terminal,158,36.1,2,1.42,1.01,0.62,1,1,0,0
2026-01-13T09:53:00+00:00,398.33,Dining,In-store,Credit,AU,Terminal,199,64.73,5,1369.37,69.44,5.62,1,0,0,0
2026-01-06T14:26:00+00:00,903.02,Retail,In-store,Debit,DE,Terminal,65,88.21,3,571.86,292.3,9.0,1,1,0,0
2026-02-28T14:39:00+00:00,75.37,Dining,In-store,Credit,US,Terminal,79,52.58,3,9.94,1.97,1.27,0,0,0,0
2026-02-08T17:30:00+00:00,22.8,Retail,In-store,Credit,JP,Terminal,1665,16.36,3,10.09,1.63,1.47,1,1,0,0
2026-01-27T15:29:00+00:00,378.36,Electronics,Online,Debit,AU,Mobile,49,88.57,8,2913.1,148.4,3.99,0,0,1,1
2026-01-25T18:06:00+00:00,403.89,Groceries,Online,Debit,JP,Desktop,82,65.24,5,590.29,70.6,6.85,0,0,1,1
2026-01-25T21:20:00+00:00,25.64,Dining,Contactless,Credit,JP,Terminal,60,31.64,4,3.12,27.38,0.84,0,1,0,0
2026-01-28T16:55:00+00:00,61.15,Dining,Contactless,Credit,SG,Terminal,224,99.75,2,3.75,1.36,0.7,1,1,0,0
2026-01-27T01:52:00+00:00,65.93,Entertainment,In-store,Debit,DE,Terminal,112,24.31,3,18.15,3.72,2.99,1,1,0,0
2026-02-25T09:18:00+00:00,25.11,Groceries,Contactless,Credit,JP,Terminal,92,119.05,3,12.09,5.62,0.22,0,0,0,0
2026-01-28T12:35:00+00:00,15.76,Dining,In-store,Debit,US,Terminal,459,58.13,3,1.37,1.32,0.29,1,1,0,0
2026-02-13T12:36:00+00:00,14.64,Dining,Online,Credit,ID,Mobile,395,13.81,1,13.02,2.9,1.17,0,0,1,0
2026-01-30T11:52:00+00:00,228.76,Retail,Contactless,Debit,ID,Terminal,131,67.76,5,135.56,66.63,4.0,1,1,0,0
2026-02-16T13:00:00+00:00,22.65,Dining,ATM,Debit,ID,Terminal,159,46.34,1,11.97,3.23,0.38,1,1,0,0
2026-01-01T21:18:00+00:00,18.9,Dining,Online,Prepaid,GB,Mobile,103,42.02,1,3.05,2.72,0.48,0,0,1,0
2026-02-15T18:27:00+00:00,20.29,Retail,Contactless,Debit,DE,Terminal,60,37.36,1,5.42,2.14,0.52,0,1,0,0
2026-01-14T08:31:00+00:00,70.94,Dining,Online,Credit,GB,Mobile,143,55.55,2,4.06,0.77,1.61,0,0,1,0
2026-01-26T17:46:00+00:00,524.69,Dining,Online,Credit,SG,Mobile,53,44.02,8,2370.38,708.89,9.99,0,0,1,1
2026-02-07T16:20:00+00:00,47.06,Retail,Contactless,Debit,AU,Terminal,280,18.05,2,11.5,4.42,2.55,1,1,0,0
2026-02-03T09:36:00+00:00,44.88,Dining,In-store,Credit,SG,Terminal,204,137.94,1,29.58,0.5,0.34,0,0,0,0
2026-01-04T05:50:00+00:00,19.24,Groceries,Online,Credit,SG,Desktop,67,51.48,1,178.53,1.62,0.4,0,0,1,0
2026-02-02T21:19:00+00:00,15.91,Entertainment,ATM,Credit,SG,Terminal,32,37.5,1,7.78,0.51,0.38,0,1,0,0
2026-01-08T18:30:00+00:00,40.52,Dining,Online,Credit,ID,Mobile,108,28.98,3,38.56,5.27,2.05,0,0,1,0
2026-01-15T19:39:00+00:00,545.94,Groceries,Online,Credit,GB,Desktop,54,99.58,1,206.56,107.58,6.1,0,0,1,0
2026-01-28T18:48:00+00:00,24.79,Electronics,Contactless,Credit,ID,Terminal,125,25.95,2,29.38,2.47,0.97,1,1,0,0
2026-02-07T16:47:00+00:00,68.89,Groceries,Online,Credit,GB,Mobile,184,65.83,2,3.04,1.06,1.06,0,0,1,0
2026-02-01T17:24:00+00:00,50.96,Electronics,Online,Debit,DE,Mobile,170,41.29,1,7.24,1.79,0.89,0,0,1,0
2026-01-23T14:09:00+00:00,18.91,Groceries,Online,Credit,ID,Desktop,98,42.88,2,13.34,5.4,0.46,0,0,1,0
2026-01-06T10:07:00+00:00,42.5,Retail,In-store,Credit,DE,Terminal,180,29.45,2,15.86,7.07,1.27,0,1,0,0
2026-01-04T07:03:00+00:00,41.97,Dining,Online,Credit,DE,Mobile,361,40.32,1,1.82,5.73,0.82,0,0,1,0
2026-01-27T15:28:00+00:00,29.04,Retail,In-store,Debit,SG,Terminal,180,60.69,1,2.85,0.52,0.44,1,1,0,0
2026-02-28T10:27:00+00:00,84.89,Groceries,In-store,Credit,ID,Terminal,175,70.31,2,14.48,2.04,1.32,1,1,0,0
2026-02-19T18:14:00+00:00,110.87,Dining,Online,Credit,SG,Desktop,93,36.21,3,297.53,141.64,3.62,0,0,1,0
2026-01-25T14:26:00+00:00,66.61,Dining,Online,Credit,SG,Mobile,152,56.88,1,1.59,1.18,1.06,0,0,1,0
2026-01-13T23:41:00+00:00,113.73,Groceries,Contactless,Debit,DE,Terminal,397,107.5,4,6.83,0.47,0.85,1,1,0,0
2026-01-21T12:02:00+00:00,35.27,Retail,Contactless,Debit,SG,Terminal,131,20.48,2,6.48,0.68,1.6,1,0,0,0
2026-01-30T12:15:00+00:00,74.65,Groceries,Online,Credit,GB,Desktop,109,60.09,1,8.98,11.02,1.06,0,0,1,0
2026-02-07T10:40:00+00:00,24.31,Dining,Contactless,Credit,ID,Terminal,321,32.52,1,13.23,0.75,0.53,1,1,0,0
2026-02-03T11:14:00+00:00,38.25,Dining,ATM,Credit,SG,Terminal,122,30.44,1,12.33,2.58,1.13,1,1,0,0
2026-01-28T13:34:00+00:00,71.27,Electronics,Online,Credit,AU,Desktop,209,71.5,3,3.17,2.1,1.15,0,0,1,0
2026-02-08T06:46:00+00:00,54.01,Retail,Contactless,Credit,DE,Terminal,160,42.33,1,4.7,2.11,1.27,1,0,0,0
2026-02-28T18:18:00+00:00,292.79,Dining,In-store,Debit,ID,Terminal,199,27.36,3,1237.15,79.85,8.96,1,1,0,0
2026-01-25T07:06:00+00:00,87.05,Retail,Contactless,Debit,US,Terminal,248,142.71,2,4.07,5.41,0.63,1,1,0,0
2026-01-04T20:16:00+00:00,186.4,Entertainment,Online,Credit,US,Mobile,338,109.73,3,4.78,2.55,1.4,0,0,1,0
2026-02-21T12:38:00+00:00,5.4,Travel,Contactless,Credit,AU,Terminal,291,17.18,3,1.41,1.32,0.32,1,0,0,0
2026-02-18T13:17:00+00:00,20.71,Groceries,In-store,Credit,SG,Terminal,385,23.14,1,7.16,2.59,0.86,1,1,0,0
2026-02-05T22:54:00+00:00,66.01,Dining,In-store,Credit,ID,Terminal,116,88.74,2,10.8,0.69,0.78,1,0,0,0
2026-01-02T17:06:00+00:00,115.96,Entertainment,Contactless,Credit,AU,Terminal,59,50.14,3,0.84,3.96,2.27,1,1,0,0
2026-02-23T10:27:00+00:00,137.84,Retail,Contactless,Credit,DE,Terminal,124,160.03,2,2.28,1.24,0.84,1,1,0,0
2026-01-11T11:55:00+00:00,98.34,Groceries,In-store,Credit,SG,Terminal,1040,90.07,2,1.55,1.32,1.35,1,0,0,0
2026-02-27T08:44:00+00:00,21.43,Dining,In-store,Debit,DE,Terminal,130,73.31,1,17.59,4.11,0.31,1,1,0,0
2026-01-11T15:03:00+00:00,19.64,Groceries,In-store,Credit,GB,Terminal,37,31.06,1,0.9,1.64,0.74,1,0,0,0
2026-01-01T16:16:00+00:00,43.02,Retail,Contactless,Debit,AU,Terminal,898,83.05,2,6.78,1.73,0.55,1,1,0,0
2026-01-21T19:02:00+00:00,101.72,Retail,Online,Credit,DE,Mobile,160,26.33,2,16.28,7.91,4.28,0,0,1,0
2026-01-30T11:57:00+00:00,98.15,Groceries,Contactless,Credit,AU,Terminal,77,140.95,3,9.08,0.93,0.61,1,1,0,0
2026-02-22T06:46:00+00:00,87.61,Electronics,Online,Credit,AU,Desktop,61,79.39,1,4.55,4.05,0.97,0,0,1,0
2026-01-03T10:14:00+00:00,193.48,Services,In-store,Credit,ID,Terminal,155,35.3,4,652.7,284.16,5.1,1,0,0,0
2026-01-15T22:27:00+00:00,29.75,Retail,In-store,Debit,US,Terminal,238,101.8,3,23.12,7.9,0.34,1,1,0,0
2026-02-09T23:26:00+00:00,170.39,Electronics,ATM,Credit,JP,Terminal,226,259.04,3,6.56,21.68,0.67,1,0,0,1
2026-01-31T12:48:00+00:00,52.16,Groceries,ATM,Debit,JP,Terminal,264,52.38,3,0.63,1.29,1.19,1,1,0,0
2026-02-21T13:06:00+00:00,82.42,Retail,Contactless,Credit,JP,Terminal,49,86.29,2,26.11,1.03,0.97,1,1,0,0
2026-01-29T19:30:00+00:00,10.99,Dining,In-store,Credit,US,Terminal,61,45.57,2,11.48,5.57,0.22,1,1,0,0
2026-02-07T13:43:00+00:00,47.13,Groceries,Online,Credit,ID,Mobile,139,63.78,1,7.13,6.3,0.65,0,0,1,0
2026-01-15T21:53:00+00:00,41.87,Groceries,In-store,Credit,GB,Terminal,311,22.65,2,0.84,1.12,1.74,1,1,0,0
2026-01-24T18:20:00+00:00,94.44,Groceries,Online,Credit,SG,Desktop,104,60.32,1,5.32,3.99,1.33,0,0,1,0
2026-01-28T17:20:00+00:00,126.13,Dining,Online,Debit,SG,Desktop,28,62.07,1,2.82,37.49,1.96,0,0,1,0
2026-02-06T15:38:00+00:00,94.43,Dining,In-store,Debit,AU,Terminal,255,194.29,1,1.94,2.73,0.5,1,0,0,0
2026-02-20T02:35:00+00:00,219.42,Groceries,Contactless,Debit,DE,Terminal,6,18.79,3,383.72,276.86,10.42,0,1,0,1
2026-01-20T09:54:00+00:00,50.79,Retail,In-store,Credit,SG,Terminal,99,50.27,1,4.1,11.9,0.9,1,0,0,0
2026-02-11T19:13:00+00:00,322.57,Dining,Online,Debit,SG,Desktop,243,139.39,1,4.41,30.08,2.48,0,0,1,0
2026-01-13T10:23:00+00:00,50.11,Entertainment,Online,Credit,JP,Mobile,238,51.57,3,16.67,3.14,0.93,0,0,1,0
2026-01-24T10:26:00+00:00,13.48,Groceries,Online,Debit,DE,Desktop,44,53.98,1,9.79,8.61,0.26,0,0,1,0
2026-01-05T19:31:00+00:00,42.26,Dining,In-store,Prepaid,US,Terminal,264,35.11,1,4.28,1.12,1.56,1,0,0,0
2026-01-17T04:07:00+00:00,24.44,Dining,In-store,Credit,AU,Terminal,367,32.91,1,3.73,2.52,0.7,0,1,0,0
2026-02-17T17:09:00+00:00,11.38,Groceries,In-store,Debit,GB,Terminal,222,18.42,2,4.48,1.57,0.73,1,1,0,0
2026-01-31T15:29:00+00:00,15.69,Electronics,Contactless,Credit,JP,Terminal,118,40.09,3,5.63,0.37,0.37,1,1,0,0
2026-02-24T03:05:00+00:00,65.57,Retail,In-store,Debit,JP,Terminal,195,31.72,1,14.05,0.5,2.52,1,0,0,0
2026-01-14T09:27:00+00:00,39.65,Retail,In-store,Debit,AU,Terminal,84,65.15,2,2.35,3.78,0.67,1,1,0,0
2026-01-26T11:09:00+00:00,83.78,Retail,Online,Credit,ID,Mobile,299,36.16,2,36.76,3.86,2.45,0,0,1,0
2026-01-10T10:01:00+00:00,36.49,Services,In-store,Credit,SG,Terminal,407,44.18,1,14.06,0.87,0.71,1,1,0,0
2026-01-18T09:24:00+00:00,21.79,Retail,ATM,Debit,JP,Terminal,104,44.97,1,0.36,11.67,0.52,1,0,0,0
2026-01-03T19:05:00+00:00,106.38,Electronics,Online,Credit,ID,Mobile,243,58.48,1,8.12,0.81,2.09,0,0,1,0
2026-01-13T20:38:00+00:00,39.58,Retail,Online,Debit,GB,Mobile,287,42.8,1,23.22,3.18,0.88,0,0,1,0
2026-01-01T09:33:00+00:00,133.25,Groceries,In-store,Credit,SG,Terminal,119,30.26,6,683.74,72.59,4.53,0,0,0,0
2026-02-10T15:08:00+00:00,29.49,Dining,Contactless,Credit,JP,Terminal,28,63.8,1,4.69,2.74,0.42,1,1,0,0
2026-02-28T13:43:00+00:00,73.6,Electronics,In-store,Debit,AU,Terminal,156,120.77,1,6.91,6.04,0.7,1,1,0,0
2026-01-03T12:17:00+00:00,81.18,Retail,Online,Credit,ID,Desktop,16,65.6,1,8.99,5.25,1.2,0,0,1,0
2026-01-22T21:39:00+00:00,23.08,Travel,In-store,Debit,AU,Terminal,435,40.59,1,17.23,4.99,0.41,1,1,0,0
2026-02-23T04:56:00+00:00,35.68,Entertainment,In-store,Credit,JP,Terminal,214,55.7,2,1.56,4.39,0.66,1,1,0,0
2026-01-03T22:43:00+00:00,11.6,Services,Contactless,Debit,US,Terminal,117,15.91,1,3.8,0.69,0.71,1,1,0,0
2026-02-12T11:18:00+00:00,42.72,Services,Online,Credit,AU,Desktop,273,55.11,1,44.81,7.65,0.96,0,0,1,0
2026-02-04T14:28:00+00:00,96.18,Services,Contactless,Debit,SG,Terminal,61,46.51,2,7.66,0.85,2.31,0,1,0,0
2026-02-19T21:18:00+00:00,26.76,Groceries,In-store,Credit,DE,Terminal,311,32.89,1,39.67,2.21,0.77,1,1,0,0
2026-01-29T16:20:00+00:00,21.33,Retail,Contactless,Debit,GB,Terminal,163,37.01,1,197.19,1.73,0.6,1,1,0,0
2026-01-05T17:52:00+00:00,253.65,Groceries,Online,Debit,AU,Desktop,165,46.22,3,4.3,3.49,5.07,0,0,1,0
2026-02-04T07:41:00+00:00,85.78,Retail,Online,Credit,DE,Desktop,103,115.02,2,1.98,1.51,0.71,0,0,1,0
2026-02-28T14:32:00+00:00,84.8,Services,Contactless,Debit,JP,Terminal,112,122.71,2,5.52,2.1,0.82,1,0,0,0
2026-02-02T11:16:00+00:00,27.85,Groceries,Contactless,Credit,AU,Terminal,204,33.01,2,24.75,12.41,0.74,1,1,0,0
2026-01-04T12:31:00+00:00,28.51,Groceries,In-store,Credit,ID,Terminal,72,43.09,2,28.87,0.67,0.78,1,1,0,0
2026-01-07T10:37:00+00:00,38.42,Services,ATM,Credit,JP,Terminal,56,43.81,3,89.94,2.45,0.97,1,0,0,0
2026-01-30T15:42:00+00:00,171.9,Groceries,ATM,Credit,ID,Terminal,288,102.13,1,7.1,0.81,1.63,1,0,0,0
2026-02-14T12:05:00+00:00,492.14,Dining,In-store,Debit,US,Terminal,65,66.33,8,762.7,215.8,6.05,0,0,0,1
2026-01-13T08:51:00+00:00,101.25,Groceries,In-store,Credit,US,Terminal,68,64.09,1,3.38,1.19,1.8,1,1,0,0
2026-01-23T17:32:00+00:00,153.71,Electronics,Online,Credit,ID,Mobile,145,85.5,1,0.47,2.56,1.76,0,0,1,0
2026-02-27T11:21:00+00:00,43.9,Dining,Online,Debit,GB,Desktop,139,40.95,1,7.07,0.65,1.05,0,0,1,0
2026-03-01T15:43:00+00:00,185.92,Groceries,Contactless,Credit,US,Terminal,81,146.43,2,2.08,8.95,1.17,1,1,0,0
2026-02-23T19:32:00+00:00,129.05,Retail,Contactless,Prepaid,AU,Terminal,156,60.27,1,14.99,2.65,1.84,1,1,0,0
2026-02-05T12:18:00+00:00,15.21,Dining,Online,Credit,AU,Desktop,131,34.59,1,0.93,2.82,0.46,0,0,1,0
2026-02-23T15:54:00+00:00,257.54,Travel,In-store,Credit,US,Terminal,252,51.97,4,3.28,5.64,4.34,0,1,0,0
2026-01-30T19:55:00+00:00,107.33,Groceries,Online,Debit,GB,Mobile,180,134.39,2,9.92,0.7,0.67,0,0,1,0
2026-03-01T15:54:00+00:00,42.86,Travel,In-store,Debit,AU,Terminal,92,45.77,2,11.13,1.33,0.74,0,1,0,0
2026-01-22T23:04:00+00:00,51.99,Groceries,Contactless,Credit,US,Terminal,90,111.86,1,7.01,2.92,0.44,0,0,0,0
2026-02-24T07:55:00+00:00,18.19,Retail,Online,Credit,US,Mobile,182,40.19,2,57.63,0.42,0.44,0,0,1,0
2026-02-02T12:15:00+00:00,58.24,Retail,Online,Credit,US,Mobile,38,36.68,2,41.53,0.47,1.69,0,0,1,0
2026-02-25T16:20:00+00:00,289.05,Retail,In-store,Debit,AU,Terminal,61,92.64,2,3.48,1.08,3.77,1,1,0,0
2026-01-29T13:40:00+00:00,21.42,Groceries,Contactless,Credit,SG,Terminal,118,34.19,1,43.4,0.79,0.65,1,1,0,0
2026-02-23T10:28:00+00:00,119.65,Electronics,Online,Credit,DE,Mobile,122,102.99,2,51.34,1.74,1.14,0,0,1,0
2026-02-01T07:49:00+00:00,403.76,Groceries,Online,Debit,US,Mobile,89,75.83,9,389.05,185.38,5.4,0,0,1,1
2026-02-18T17:39:00+00:00,63.44,Dining,ATM,Credit,SG,Terminal,49,34.2,2,7.77,5.21,1.72,1,1,0,0
2026-02-28T18:06:00+00:00,174.19,Electronics,In-store,Debit,DE,Terminal,98,57.6,3,6.99,15.02,3.65,1,1,0,0
2026-01-05T15:08:00+00:00,97.77,Dining,In-store,Credit,GB,Terminal,133,42.24,3,3.63,2.4,2.37,1,1,0,0
2026-01-25T19:05:00+00:00,78.12,Services,Online,Credit,GB,Mobile,107,75.7,2,4.05,2.87,0.8,0,0,1,0
2026-01-01T14:19:00+00:00,300.17,Groceries,Online,Credit,US,Mobile,79,205.83,3,31.54,2.4,1.28,0,0,1,0
2026-01-17T18:27:00+00:00,357.29,Dining,In-store,Credit,SG,Terminal,86,47.42,1,721.34,151.45,6.95,1,1,0,0
2026-01-03T07:52:00+00:00,417.92,Dining,Online,Credit,SG,Mobile,160,85.37,6,242.35,163.75,4.65,0,0,1,0
2026-01-26T23:20:00+00:00,27.36,Retail,Online,Credit,GB,Mobile,110,61.31,3,2.67,6.18,0.47,0,0,1,0
2026-01-21T19:05:00+00:00,27.45,Dining,In-store,Credit,GB,Terminal,103,61.29,1,3.21,6.16,0.56,1,1,0,0
2026-01-04T20:32:00+00:00,108.19,Travel,In-store,Credit,GB,Terminal,58,54.2,1,6.17,4.13,1.88,0,0,0,0
2026-01-23T19:25:00+00:00,50.41,Retail,Online,Debit,JP,Mobile,665,34.56,1,20.18,11.14,2.01,0,0,1,0
2026-01-28T19:50:00+00:00,58.37,Travel,In-store,Credit,AU,Terminal,148,75.03,2,2.87,2.53,0.81,1,0,0,0
2026-01-02T07:02:00+00:00,54.26,Dining,In-store,Credit,US,Terminal,405,50.01,2,19.92,1.33,1.09,1,1,0,0
2026-02-25T20:17:00+00:00,61.32,Groceries,ATM,Debit,US,Terminal,110,33.51,1,9.18,1.57,1.94,1,1,0,0
2026-01-19T09:41:00+00:00,49.64,Groceries,In-store,Credit,JP,Terminal,146,116.65,1,8.65,2.21,0.32,1,0,0,0
2026-01-13T19:00:00+00:00,57.1,Entertainment,Online,Credit,US,Mobile,191,64.35,3,22.84,0.83,0.7,0,0,1,0
2026-01-04T14:33:00+00:00,191.92,Services,ATM,Credit,GB,Terminal,123,52.03,2,18.68,1.33,3.23,1,0,0,0
2026-01-06T11:40:00+00:00,725.1,Groceries,Online,Credit,AU,Desktop,146,144.18,2,95.11,35.17,5.67,0,0,1,0
2026-02-11T11:01:00+00:00,10.76,Groceries,In-store,Credit,GB,Terminal,158,18.29,1,2.24,3.47,0.46,1,0,0,0
2026-01-01T10:33:00+00:00,148.49,Dining,Online,Credit,GB,Mobile,115,138.01,2,5.74,3.5,0.99,0,0,1,0
2026-01-06T17:55:00+00:00,52.39,Travel,In-store,Debit,SG,Terminal,125,34.05,2,10.93,0.42,1.74,1,1,0,0
2026-02-08T17:30:00+00:00,13.24,Groceries,Online,Debit,GB,Mobile,277,69.23,2,33.15,1.28,0.19,0,0,1,0
2026-01-21T12:10:00+00:00,48.02,Groceries,Contactless,Credit,SG,Terminal,68,41.17,3,7.94,15.26,1.03,1,0,0,0
2026-02-15T12:47:00+00:00,114.58,Retail,Contactless,Credit,US,Terminal,455,33.12,5,2904.64,206.39,3.74,1,1,0,0
2026-02-11T10:03:00+00:00,48.15,Retail,In-store,Credit,JP,Terminal,202,141.74,2,3.4,3.87,0.33,1,1,0,0
2026-02-10T12:50:00+00:00,204.07,Retail,Online,Credit,DE,Desktop,109,201.65,2,4.09,1.27,0.97,0,0,1,0
2026-01-05T16:57:00+00:00,38.42,Retail,Contactless,Credit,DE,Terminal,254,52.26,3,5.28,3.28,0.85,1,1,0,0
2026-02-08T15:08:00+00:00,65.89,Groceries,Online,Debit,ID,Mobile,242,75.04,2,3.01,2.42,0.91,0,0,1,0
2026-02-24T08:16:00+00:00,40.76,Groceries,Online,Credit,DE,Mobile,169,62.62,1,26.45,1.11,0.74,0,0,1,0
2026-02-19T17:49:00+00:00,101.95,Retail,Online,Credit,AU,Desktop,125,185.83,2,0.35,1.5,0.49,0,0,1,0
2026-02-26T23:44:00+00:00,5.09,Services,In-store,Debit,JP,Terminal,43,15.28,1,4.25,1.54,0.37,0,1,0,0
2026-02-21T18:32:00+00:00,48.17,Retail,In-store,Credit,US,Terminal,83,77.1,3,26.13,0.56,0.6,0,1,0,0
2026-02-25T00:40:00+00:00,251.99,Entertainment,In-store,Debit,DE,Terminal,142,37.61,1,316.22,29.27,8.03,1,0,0,0
2026-01-21T18:52:00+00:00,12.01,Travel,In-store,Credit,JP,Terminal,190,13.05,1,24.05,2.01,1.07,1,1,0,0
2026-01-16T02:42:00+00:00,36.2,Electronics,Online,Debit,AU,Mobile,142,47.73,3,82.88,1.05,0.88,0,0,1,0
2026-02-04T08:34:00+00:00,93.59,Retail,In-store,Credit,US,Terminal,181,200.58,1,8.07,1.82,0.48,1,1,0,0
2026-01-12T10:23:00+00:00,29.52,Services,Online,Credit,JP,Desktop,114,39.39,2,26.73,0.49,0.73,0,0,1,0
2026-02-09T13:53:00+00:00,154.23,Retail,ATM,Credit,GB,Terminal,213,100.89,2,105.75,5.48,1.46,1,0,0,0
2026-03-01T19:34:00+00:00,131.86,Retail,ATM,Credit,GB,Terminal,620,131.52,3,11.5,19.7,1.26,1,0,0,0
2026-01-21T18:49:00+00:00,40.2,Retail,Online,Credit,US,Desktop,153,59.84,1,7.01,6.87,0.69,0,0,1,0
2026-01-21T12:51:00+00:00,10.82,Groceries,In-store,Debit,GB,Terminal,124,65.25,1,19.94,7.62,0.18,1,1,0,0
2026-02-08T13:19:00+00:00,12.88,Retail,ATM,Prepaid,AU,Terminal,135,19.77,1,27.18,4.6,0.61,1,1,0,0
2026-02-06T09:44:00+00:00,25.04,Electronics,ATM,Credit,GB,Terminal,240,37.88,1,7.08,3.21,0.68,1,0,0,0
2026-02-09T21:38:00+00:00,56.64,Dining,In-store,Credit,GB,Terminal,132,108.8,2,4.34,2.68,0.53,1,1,0,0
2026-01-25T10:13:00+00:00,40.71,Services,Contactless,Credit,DE,Terminal,238,62.77,1,48.87,0.99,0.71,1,1,0,0
2026-01-01T09:34:00+00:00,146.82,Dining,ATM,Credit,US,Terminal,259,76.61,1,5.49,4.9,1.53,1,1,0,0
2026-01-15T23:57:00+00:00,50.23,Retail,ATM,Debit,ID,Terminal,476,65.8,2,27.47,4.62,0.9,0,1,0,0
2026-01-06T10:32:00+00:00,406.04,Dining,ATM,Credit,DE,Terminal,188,250.84,2,9.87,1.55,1.71,1,1,0,0
2026-01-10T09:41:00+00:00,16.76,Retail,Online,Debit,SG,Mobile,147,45.61,2,55.13,4.16,0.36,0,0,1,0
2026-02-14T23:06:00+00:00,126.68,Services,ATM,Credit,GB,Terminal,174,171.32,2,2.9,1.23,0.76,1,1,0,0
2026-01-07T06:23:00+00:00,16.53,Travel,Online,Debit,GB,Mobile,136,65.81,1,2.9,1.31,0.28,0,0,1,0
2026-01-05T03:01:00+00:00,101.62,Groceries,In-store,Debit,SG,Terminal,156,181.5,1,18.91,5.34,0.71,1,1,0,0
2026-01-13T13:21:00+00:00,12.01,Dining,Online,Prepaid,GB,Mobile,359,27.21,1,2.13,3.78,0.48,0,0,1,0
2026-01-31T11:20:00+00:00,122.69,Electronics,In-store,Debit,DE,Terminal,98,68.04,1,8.4,1.95,2.04,1,1,0,0
2026-01-03T02:11:00+00:00,352.98,Services,Online,Credit,JP,Mobile,18,46.72,7,2448.55,77.66,6.07,0,0,1,1
2026-01-03T17:29:00+00:00,153.59,Dining,In-store,Credit,US,Terminal,150,66.07,1,1.04,2.93,1.73,1,0,0,0
2026-02-23T14:30:00+00:00,93.85,Travel,In-store,Credit,JP,Terminal,156,133.56,2,11.5,0.39,0.71,0,1,0,0
2026-02-19T01:33:00+00:00,31.54,Groceries,Online,Credit,JP,Mobile,274,77.19,3,28.02,1.15,0.49,0,0,1,0
2026-01-14T10:23:00+00:00,70.61,Retail,In-store,Debit,JP,Terminal,123,133.39,3,7.18,0.69,0.48,1,1,0,0
2026-02-03T03:31:00+00:00,37.39,Groceries,Online,Debit,GB,Mobile,33,39.03,9,2.66,2.49,1.09,0,0,1,1
2026-02-15T10:34:00+00:00,93.32,Travel,Contactless,Prepaid,DE,Terminal,89,35.35,2,5.54,7.31,2.84,1,0,0,0
2026-01-13T02:08:00+00:00,66.98,Entertainment,In-store,Debit,US,Terminal,88,60.98,1,2.94,3.96,1.19,1,1,0,0
2026-02-02T10:28:00+00:00,40.34,Travel,Online,Credit,ID,Mobile,76,58.84,3,7.97,1.47,0.73,0,0,1,0
2026-02-21T17:49:00+00:00,41.93,Services,Contactless,Debit,SG,Terminal,58,53.47,3,5.45,1.21,0.82,1,0,0,0
2026-01-04T19:42:00+00:00,24.7,Travel,Online,Credit,AU,Mobile,29,32.36,1,4.2,1.16,0.91,0,0,1,0
2026-01-08T11:43:00+00:00,389.31,Dining,Online,Credit,AU,Desktop,242,131.52,3,12.34,18.17,3.24,0,0,1,0
2026-02-20T10:17:00+00:00,107.94,Retail,Contactless,Credit,GB,Terminal,156,47.66,1,41.97,2.63,1.98,1,0,0,0
2026-02-24T18:51:00+00:00,164.64,Dining,Contactless,Debit,DE,Terminal,591,152.47,1,10.6,3.0,1.08,1,1,0,0
2026-02-10T09:29:00+00:00,61.11,Retail,Contactless,Debit,US,Terminal,48,60.84,2,32.4,0.3,0.99,1,1,0,0
2026-02-28T12:52:00+00:00,76.47,Dining,Online,Credit,AU,Mobile,533,91.97,4,41.96,0.76,1.11,0,0,1,0
2026-02-14T12:09:00+00:00,123.0,Dining,In-store,Debit,AU,Terminal,121,86.7,3,3.88,2.35,1.25,1,1,0,0
2026-02-09T12:49:00+00:00,23.08,Travel,In-store,Credit,US,Terminal,44,35.31,1,10.0,1.49,0.71,1,1,0,0
2026-01-02T06:17:00+00:00,48.5,Entertainment,In-store,Credit,JP,Terminal,33,76.61,1,4.63,2.81,0.55,1,1,0,0
2026-02-20T19:39:00+00:00,377.45,Dining,In-store,Credit,GB,Terminal,92,211.33,1,1.45,2.77,1.75,1,0,0,0
2026-01-20T10:01:00+00:00,61.81,Dining,Contactless,Credit,AU,Terminal,254,71.06,1,10.93,4.48,0.94,1,1,0,0
2026-02-19T12:26:00+00:00,144.88,Dining,Contactless,Credit,SG,Terminal,162,108.4,1,2.32,0.38,1.66,1,0,0,0
2026-01-01T15:46:00+00:00,321.81,Groceries,Online,Debit,SG,Mobile,104,94.69,2,12.59,0.81,2.56,0,0,1,0
2026-01-28T18:38:00+00:00,104.25,Groceries,In-store,Credit,AU,Terminal,298,73.67,1,1.33,2.23,1.27,1,1,0,0
2026-02-07T15:18:00+00:00,87.86,Retail,Contactless,Credit,GB,Terminal,146,68.12,4,8.92,1.29,1.15,1,1,0,0
2026-01-08T12:14:00+00:00,732.42,Electronics,In-store,Credit,US,Terminal,44,86.12,2,1.31,1.8,6.71,1,1,0,0
2026-01-23T00:13:00+00:00,107.08,Retail,In-store,Debit,AU,Terminal,332,99.1,2,15.51,2.74,1.05,1,0,0,0
2026-01-05T13:55:00+00:00,14.02,Services,Online,Debit,SG,Mobile,64,25.06,2,4.79,1.17,0.47,0,0,1,0
2026-01-29T14:18:00+00:00,51.63,Groceries,In-store,Debit,SG,Terminal,63,70.86,2,4.31,2.98,0.78,1,1,0,0
2026-01-07T12:37:00+00:00,142.35,Travel,ATM,Debit,AU,Terminal,115,53.54,2,25.51,4.24,2.42,1,0,0,0
2026-01-15T06:00:00+00:00,91.03,Travel,Online,Credit,AU,Mobile,56,46.78,8,313.02,117.34,2.11,0,0,1,1
2026-01-31T18:35:00+00:00,75.97,Groceries,Online,Credit,US,Mobile,85,140.1,1,8.35,5.06,0.58,0,0,1,0
2026-01-28T03:38:00+00:00,69.55,Groceries,Online,Debit,GB,Mobile,39,37.47,3,5.94,0.28,1.83,0,0,1,0
2026-01-03T18:34:00+00:00,16.12,Dining,Online,Debit,GB,Mobile,87,24.37,1,12.91,1.37,0.78,0,0,1,0
2026-02-18T15:50:00+00:00,91.08,Retail,In-store,Debit,ID,Terminal,268,101.21,1,23.27,6.0,0.86,1,1,0,0
2026-01-29T11:41:00+00:00,41.33,Retail,Online,Credit,DE,Mobile,134,23.97,1,18.53,1.04,1.8,0,0,1,0
2026-01-18T16:12:00+00:00,7.88,Travel,In-store,Credit,SG,Terminal,293,17.23,2,4.42,0.9,0.59,1,1,0,0
2026-01-18T16:41:00+00:00,38.1,Dining,ATM,Credit,DE,Terminal,193,108.89,3,27.94,2.17,0.37,0,1,0,0
2026-01-07T17:14:00+00:00,24.96,Services,In-store,Credit,US,Terminal,91,66.9,3,2.7,2.42,0.39,1,1,0,0
2026-02-22T12:02:00+00:00,121.37,Groceries,Contactless,Credit,ID,Terminal,81,82.04,1,3.27,1.44,1.32,1,0,0,0
2026-02-15T15:55:00+00:00,50.92,Groceries,Contactless,Prepaid,DE,Terminal,153,45.26,4,6.42,15.54,1.08,1,0,0,0
2026-01-06T13:25:00+00:00,17.79,Dining,In-store,Debit,JP,Terminal,154,24.54,3,23.37,3.28,0.6,1,1,0,0
2026-02-22T12:25:00+00:00,13.44,Travel,In-store,Credit,GB,Terminal,145,27.92,2,2.04,1.0,0.45,1,0,0,0
2026-02-10T18:58:00+00:00,36.72,Groceries,Online,Debit,US,Desktop,51,50.56,8,19.7,0.58,0.78,0,0,1,1
2026-02-11T20:36:00+00:00,48.31,Retail,Contactless,Debit,DE,Terminal,121,26.39,1,6.96,3.69,1.84,0,0,0,0
2026-01-05T08:45:00+00:00,38.71,Retail,In-store,Credit,AU,Terminal,123,73.67,4,4.59,0.97,0.55,1,1,0,0
2026-01-17T16:52:00+00:00,148.71,Retail,In-store,Debit,DE,Terminal,75,44.67,3,1491.57,946.36,3.12,1,1,0,0
2026-02-01T12:11:00+00:00,30.26,Groceries,Contactless,Credit,AU,Terminal,64,68.05,3,3.06,3.77,0.44,1,1,0,0
2026-02-10T18:09:00+00:00,45.21,Groceries,In-store,Credit,GB,Terminal,226,66.74,1,91.31,4.31,0.74,1,1,0,0
2026-01-21T13:25:00+00:00,88.42,Retail,Online,Credit,ID,Desktop,67,77.59,1,6.08,3.15,1.14,0,0,1,0
2026-02-18T09:04:00+00:00,303.69,Travel,In-store,Prepaid,JP,Terminal,36,83.48,1,8.71,7.55,3.43,1,1,0,0
2026-02-02T09:27:00+00:00,44.73,Groceries,In-store,Credit,SG,Terminal,105,48.25,2,40.33,0.22,1.06,1,1,0,0
2026-02-20T12:32:00+00:00,322.95,Dining,Contactless,Debit,JP,Terminal,162,68.0,3,541.06,33.01,4.56,1,1,0,0
2026-01-05T14:58:00+00:00,90.31,Entertainment,Online,Credit,SG,Mobile,119,70.34,1,27.32,6.92,1.58,0,0,1,0
2026-01-18T15:10:00+00:00,104.23,Groceries,In-store,Credit,GB,Terminal,58,12.44,5,52.01,493.03,7.25,1,1,0,0
2026-01-31T19:57:00+00:00,63.47,Retail,Contactless,Debit,GB,Terminal,290,91.86,1,4.54,0.72,0.65,1,1,0,0
2026-02-17T12:14:00+00:00,316.25,Groceries,In-store,Credit,GB,Terminal,157,66.52,2,11.43,0.4,3.85,1,1,0,0
2026-01-31T11:04:00+00:00,349.45,Retail,Online,Debit,DE,Mobile,100,87.06,6,1464.93,130.0,4.64,0,0,1,1
2026-01-18T10:50:00+00:00,32.38,Retail,ATM,Debit,ID,Terminal,130,26.14,1,17.23,4.0,1.07,1,1,0,0
2026-02-20T19:15:00+00:00,72.11,Entertainment,Online,Credit,US,Mobile,189,49.14,1,15.54,2.85,1.3,0,0,1,0
2026-01-03T02:17:00+00:00,169.23,Retail,Online,Credit,ID,Mobile,20,29.68,4,1432.48,103.58,5.84,0,0,1,1
2026-01-04T18:04:00+00:00,221.58,Groceries,Online,Debit,AU,Desktop,15,97.9,1,12.46,0.39,2.38,0,0,1,0
2026-01-22T10:32:00+00:00,13.46,Retail,Online,Credit,DE,Desktop,137,24.21,1,0.7,1.69,0.64,0,0,1,0
2026-01-08T16:11:00+00:00,41.56,Retail,Online,Credit,US,Mobile,52,33.0,3,36.1,1.96,1.5,0,0,1,0
2026-01-19T14:36:00+00:00,79.18,Groceries,Contactless,Debit,ID,Terminal,246,85.4,4,2.94,1.42,1.02,1,1,0,0
2026-02-28T15:26:00+00:00,57.8,Electronics,In-store,Debit,ID,Terminal,256,40.08,2,10.43,0.36,1.7,1,1,0,0
2026-01-26T23:16:00+00:00,32.81,Retail,Online,Credit,US,Mobile,166,33.0,3,9.02,4.41,0.81,0,0,1,0
2026-01-30T15:36:00+00:00,66.48,Travel,In-store,Credit,ID,Terminal,74,108.78,2,7.78,5.85,0.74,1,1,0,0
2026-01-24T10:09:00+00:00,165.55,Retail,In-store,Debit,ID,Terminal,133,111.72,2,2.19,1.11,1.45,0,0,0,0
2026-02-12T12:48:00+00:00,117.68,Travel,Contactless,Credit,DE,Terminal,197,96.48,2,0.88,2.04,1.15,1,1,0,0
2026-01-24T07:41:00+00:00,60.92,Services,In-store,Debit,AU,Terminal,178,104.76,1,2.45,1.5,0.56,1,1,0,0
2026-01-18T11:05:00+00:00,116.94,Groceries,In-store,Prepaid,DE,Terminal,70,51.91,2,18.34,1.51,2.13,0,1,0,0
2026-01-01T11:59:00+00:00,86.85,Groceries,In-store,Credit,GB,Terminal,35,52.83,1,1.5,4.03,1.45,1,1,0,0
2026-02-07T16:16:00+00:00,32.94,Dining,In-store,Debit,SG,Terminal,174,39.6,1,2.81,4.13,0.88,1,1,0,0
2026-02-17T20:57:00+00:00,47.0,Retail,Online,Credit,GB,Mobile,132,67.29,1,11.7,7.2,0.69,0,0,1,0
2026-01-26T11:36:00+00:00,47.68,Retail,Contactless,Credit,JP,Terminal,200,42.81,2,2.39,7.06,1.16,1,1,0,0
2026-01-19T19:55:00+00:00,74.99,Retail,In-store,Debit,SG,Terminal,132,45.54,1,4.07,2.07,1.39,1,1,0,0
2026-02-19T19:27:00+00:00,40.23,Groceries,Online,Credit,DE,Mobile,120,89.12,1,8.08,42.19,0.34,0,0,1,0
2026-02-26T15:46:00+00:00,130.02,Retail,Online,Credit,GB,Desktop,118,130.31,1,10.08,11.59,1.17,0,0,1,0
2026-01-27T16:18:00+00:00,83.05,Dining,Contactless,Credit,SG,Terminal,107,78.17,3,2.34,1.27,1.38,0,1,0,0
2026-01-13T18:41:00+00:00,44.78,Retail,Online,Credit,US,Mobile,720,193.7,2,8.63,2.79,0.21,0,0,1,0
2026-02-10T12:10:00+00:00,45.7,Travel,Contactless,Credit,US,Terminal,113,38.15,2,11.46,0.34,1.04,1,1,0,0
2026-02-07T23:08:00+00:00,33.46,Retail,Online,Credit,SG,Mobile,106,18.27,2,1.82,2.53,1.42,0,0,1,0
2026-01-20T12:42:00+00:00,713.78,Retail,Online,Credit,AU,Mobile,222,96.02,4,564.72,586.22,6.75,0,0,1,0
2026-02-18T07:01:00+00:00,66.51,Groceries,Online,Credit,JP,Mobile,184,36.54,1,3.36,39.7,1.52,0,0,1,0
2026-01-13T17:14:00+00:00,47.22,Travel,Contactless,Credit,ID,Terminal,142,50.51,2,8.47,2.18,0.75,1,1,0,0
2026-01-03T11:29:00+00:00,11.19,Retail,Contactless,Credit,SG,Terminal,73,19.1,1,16.37,3.44,0.48,1,1,0,0
2026-01-14T02:41:00+00:00,11.41,Electronics,In-store,Debit,SG,Terminal,53,33.63,1,6.09,4.51,0.3,0,1,0,0
2026-02-14T09:34:00+00:00,34.95,Dining,Online,Debit,ID,Mobile,129,22.73,1,20.18,17.81,1.82,0,0,1,0
2026-02-03T12:55:00+00:00,64.88,Groceries,ATM,Debit,JP,Terminal,117,45.5,2,17.64,0.92,1.43,1,1,0,0
2026-02-11T10:43:00+00:00,92.48,Retail,Contactless,Credit,GB,Terminal,94,46.69,2,20.06,35.01,1.9,1,1,0,0
2026-01-30T08:12:00+00:00,37.19,Entertainment,Online,Credit,AU,Mobile,234,63.97,3,11.51,1.79,0.59,0,0,1,0
2026-01-07T09:42:00+00:00,1042.36,Retail,Online,Credit,JP,Mobile,256,135.07,4,1496.44,34.12,7.76,0,0,1,0
2026-02-12T06:43:00+00:00,213.17,Dining,Online,Credit,ID,Desktop,100,93.69,4,681.03,80.22,1.86,0,0,1,1
2026-02-10T08:51:00+00:00,10.26,Travel,In-store,Debit,DE,Terminal,65,21.02,1,1.18,1.09,0.54,1,1,0,0
2026-02-20T18:48:00+00:00,99.21,Dining,In-store,Credit,DE,Terminal,277,89.59,2,3.09,3.74,1.0,0,1,0,0
2026-01-08T19:37:00+00:00,94.16,Dining,Online,Prepaid,US,Mobile,35,64.89,1,5.86,0.47,1.39,0,0,1,0
2026-01-03T17:37:00+00:00,132.41,Groceries,In-store,Credit,GB,Terminal,129,56.62,1,6.71,2.83,2.61,1,1,0,0
2026-01-19T10:27:00+00:00,41.12,Dining,In-store,Debit,ID,Terminal,245,59.46,2,10.95,4.78,0.8,0,1,0,0
2026-02-17T15:19:00+00:00,29.82,Electronics,Online,Credit,SG,Mobile,65,68.92,2,3.04,10.84,0.54,0,0,1,0
2026-01-07T06:57:00+00:00,21.43,Electronics,Contactless,Credit,AU,Terminal,52,38.49,2,67.33,4.86,0.52,1,1,0,0
2026-02-21T21:14:00+00:00,32.03,Retail,In-store,Debit,DE,Terminal,129,53.6,3,6.6,10.19,0.6,1,1,0,0
2026-02-26T00:50:00+00:00,428.05,Electronics,In-store,Credit,SG,Terminal,426,130.26,2,7.33,1.34,3.66,0,1,0,0
2026-02-12T10:47:00+00:00,44.16,Travel,In-store,Credit,SG,Terminal,442,38.19,1,3.53,3.65,1.48,1,0,0,0
2026-02-27T07:36:00+00:00,60.14,Groceries,Online,Debit,SG,Mobile,305,30.89,1,2.45,0.26,1.84,0,0,1,0
2026-02-10T23:19:00+00:00,45.11,Dining,Contactless,Debit,GB,Terminal,66,57.97,4,6.43,2.19,0.8,1,0,0,0
2026-01-06T04:42:00+00:00,24.32,Dining,Contactless,Credit,GB,Terminal,134,28.94,1,7.62,3.62,0.92,0,1,0,0
2026-02-26T00:48:00+00:00,24.74,Electronics,In-store,Prepaid,SG,Terminal,643,19.69,2,6.72,3.96,1.42,0,1,0,1
2026-02-17T07:35:00+00:00,31.55,Dining,Online,Credit,SG,Desktop,252,48.24,2,45.63,0.51,0.67,0,0,1,0
2026-02-23T19:50:00+00:00,126.73,Electronics,Contactless,Debit,ID,Terminal,45,154.72,1,6.43,1.67,0.77,1,1,0,0
2026-01-08T12:30:00+00:00,34.25,Electronics,In-store,Credit,GB,Terminal,235,58.85,2,6.72,1.91,0.61,1,1,0,0
2026-01-23T21:52:00+00:00,40.61,Entertainment,In-store,Debit,DE,Terminal,80,67.77,1,18.12,1.6,0.7,1,1,0,0
2026-01-12T21:24:00+00:00,14.27,Entertainment,In-store,Credit,DE,Terminal,109,15.11,3,6.12,5.08,0.95,1,0,0,0
2026-02-08T17:49:00+00:00,50.97,Retail,In-store,Debit,GB,Terminal,226,80.22,2,13.37,1.98,0.55,1,1,0,0
2026-02-06T09:04:00+00:00,71.04,Groceries,In-store,Prepaid,JP,Terminal,104,64.12,1,1.81,2.72,1.1,1,0,0,0
2026-02-02T22:54:00+00:00,43.52,Groceries,Contactless,Debit,AU,Terminal,93,39.17,1,1.83,1.51,1.1,1,0,0,0
2026-01-10T13:40:00+00:00,53.71,Travel,Online,Credit,SG,Mobile,286,67.83,3,8.45,7.13,0.83,0,0,1,0
2026-01-07T13:55:00+00:00,33.18,Dining,Contactless,Debit,GB,Terminal,227,67.4,2,5.73,7.68,0.55,1,0,0,0
2026-02-28T15:55:00+00:00,26.48,Services,In-store,Credit,AU,Terminal,169,30.31,3,3.03,1.81,0.99,0,1,0,0
2026-01-14T17:29:00+00:00,40.72,Dining,In-store,Credit,SG,Terminal,587,74.87,1,8.45,42.55,0.68,1,1,0,0
2026-02-27T22:39:00+00:00,145.56,Dining,Contactless,Debit,SG,Terminal,156,131.39,3,9.3,1.14,0.95,0,0,0,0
2026-01-31T22:17:00+00:00,100.77,Entertainment,Online,Credit,AU,Mobile,168,52.03,2,3.38,6.73,1.82,0,0,1,0
2026-01-02T12:58:00+00:00,14.73,Electronics,Contactless,Credit,DE,Terminal,108,34.33,2,4.18,0.95,0.42,1,1,0,0
2026-01-28T08:11:00+00:00,198.45,Retail,In-store,Debit,SG,Terminal,68,53.76,1,9.38,5.33,3.55,1,1,0,0
2026-02-22T20:11:00+00:00,97.0,Dining,In-store,Debit,US,Terminal,49,105.16,1,2.4,4.93,0.88,1,0,0,0
2026-02-04T08:23:00+00:00,29.45,Services,Online,Credit,SG,Mobile,246,27.19,2,3.8,0.89,1.19,0,0,1,0
2026-02-26T14:26:00+00:00,48.77,Travel,In-store,Credit,JP,Terminal,98,87.89,2,13.29,2.16,0.58,1,1,0,0
2026-02-17T09:15:00+00:00,68.43,Retail,In-store,Credit,JP,Terminal,822,38.83,2,7.2,15.92,1.87,1,1,0,0
2026-02-23T12:57:00+00:00,83.59,Retail,Contactless,Debit,GB,Terminal,72,70.62,2,4.37,1.09,0.85,0,1,0,0
2026-02-18T14:50:00+00:00,34.52,Travel,In-store,Prepaid,JP,Terminal,79,41.81,2,2.74,3.68,0.72,1,1,0,0
2026-02-11T16:12:00+00:00,27.56,Electronics,Contactless,Credit,ID,Terminal,169,41.74,1,2.42,3.44,0.65,1,0,0,0
2026-01-17T22:50:00+00:00,151.58,Electronics,Contactless,Credit,GB,Terminal,65,162.39,1,6.39,2.36,0.78,1,1,0,0
2026-02-07T20:18:00+00:00,33.94,Groceries,In-store,Debit,DE,Terminal,47,24.15,2,68.61,0.44,1.2,1,0,0,0
2026-01-16T04:26:00+00:00,362.55,Electronics,Online,Credit,DE,Mobile,72,82.72,7,830.78,251.8,5.24,0,0,1,1
2026-02-08T11:58:00+00:00,162.66,Services,Online,Credit,DE,Desktop,29,185.93,3,1.71,2.49,0.9,0,0,1,0
2026-02-06T14:48:00+00:00,55.83,Dining,Online,Credit,ID,Mobile,154,94.22,1,16.09,7.42,0.59,0,0,1,0
2026-02-17T01:21:00+00:00,80.43,Dining,Online,Debit,AU,Mobile,52,25.4,6,193.49,138.62,2.92,0,0,1,1
2026-01-23T13:38:00+00:00,17.67,Groceries,Online,Credit,US,Mobile,258,26.23,1,7.35,2.62,0.69,0,0,1,0
2026-01-18T20:48:00+00:00,44.88,Retail,In-store,Debit,DE,Terminal,188,37.02,1,3.87,3.57,1.23,1,0,0,0
2026-02-27T14:34:00+00:00,87.64,Retail,ATM,Debit,ID,Terminal,947,66.86,2,68.38,0.92,1.39,1,1,0,0
2026-01-20T04:14:00+00:00,121.19,Retail,In-store,Credit,SG,Terminal,103,69.89,2,2.12,11.68,1.51,1,0,0,0
2026-02-08T16:48:00+00:00,20.18,Retail,Online,Credit,SG,Desktop,53,26.4,1,10.43,1.69,0.92,0,0,1,0
2026-02-23T11:21:00+00:00,37.9,Travel,Contactless,Credit,JP,Terminal,925,34.22,2,3.48,1.71,1.17,0,1,0,0
2026-01-16T10:48:00+00:00,23.3,Retail,ATM,Debit,AU,Terminal,144,35.61,2,16.66,8.96,0.83,1,0,0,0
2026-01-23T17:32:00+00:00,14.71,Services,In-store,Prepaid,JP,Terminal,72,53.65,1,10.2,3.15,0.31,1,0,0,0
2026-01-07T09:47:00+00:00,184.46,Entertainment,Online,Debit,AU,Desktop,44,219.21,4,29.37,1.94,0.81,0,0,1,0
2026-01-11T15:49:00+00:00,25.14,Groceries,In-store,Credit,SG,Terminal,107,32.9,3,16.28,3.72,0.73,1,1,0,0
2026-02-13T18:32:00+00:00,14.88,Entertainment,In-store,Prepaid,US,Terminal,77,31.98,1,3.45,4.6,0.48,1,1,0,0
2026-01-08T11:19:00+00:00,110.81,Dining,In-store,Credit,AU,Terminal,78,28.89,5,11023.92,97.68,3.31,1,0,0,0
2026-01-20T13:19:00+00:00,109.17,Entertainment,Contactless,Credit,ID,Terminal,31,91.2,2,13.61,6.19,1.0,1,1,0,0
2026-01-09T15:02:00+00:00,26.62,Travel,In-store,Prepaid,ID,Terminal,103,58.74,1,4.03,0.69,0.46,0,1,0,0
2026-01-12T21:24:00+00:00,20.68,Retail,Online,Debit,JP,Desktop,60,33.7,7,9.26,3.2,0.59,0,0,1,1
2026-02-18T22:12:00+00:00,108.32,Travel,In-store,Credit,DE,Terminal,66,47.66,4,14.79,5.48,2.41,1,0,0,0
2026-01-16T19:40:00+00:00,13.37,Dining,In-store,Credit,DE,Terminal,99,36.07,3,14.18,4.58,0.34,1,1,0,0
2026-01-30T21:39:00+00:00,263.36,Electronics,Online,Debit,ID,Mobile,31,73.14,5,769.42,11.69,4.21,0,0,1,1
2026-02-11T14:54:00+00:00,195.43,Electronics,Online,Credit,JP,Mobile,143,345.45,1,21.39,2.17,0.45,0,0,1,0
2026-02-25T09:09:00+00:00,295.97,Travel,In-store,Credit,ID,Terminal,433,86.32,2,1158.62,32.65,2.96,1,0,0,0
2026-02-09T06:43:00+00:00,39.69,Travel,In-store,Credit,ID,Terminal,155,56.8,1,2.91,8.9,0.82,1,1,0,0
2026-01-25T12:13:00+00:00,17.69,Entertainment,ATM,Debit,AU,Terminal,59,39.16,2,75.1,1.66,0.5,1,1,0,0
2026-01-07T11:47:00+00:00,35.07,Electronics,Contactless,Debit,ID,Terminal,123,25.2,1,64.44,7.96,1.32,1,1,0,0
2026-01-27T15:48:00+00:00,198.47,Travel,In-store,Credit,JP,Terminal,172,97.21,1,17.83,0.73,2.13,1,1,0,0
2026-02-09T16:17:00+00:00,156.68,Retail,In-store,Debit,DE,Terminal,57,93.84,2,7.71,3.64,1.56,1,1,0,0
2026-01-01T12:58:00+00:00,74.11,Services,Online,Credit,SG,Mobile,70,44.57,2,7.86,2.48,1.74,0,0,1,0
2026-02-06T19:26:00+00:00,63.53,Entertainment,Online,Debit,AU,Desktop,69,132.78,1,5.18,39.02,0.39,0,0,1,0
2026-01-01T19:38:00+00:00,48.62,Dining,In-store,Debit,JP,Terminal,117,61.17,3,5.97,7.99,0.79,1,0,0,0
2026-02-18T17:44:00+00:00,168.69,Entertainment,In-store,Debit,ID,Terminal,103,99.84,1,0.67,7.49,1.23,1,1,0,0
2026-02-27T12:36:00+00:00,125.34,Dining,Contactless,Debit,ID,Terminal,41,73.15,1,39.78,18.69,1.58,1,0,0,0
2026-01-06T10:52:00+00:00,123.53,Dining,Contactless,Credit,DE,Terminal,89,53.78,1,26.98,3.27,2.74,1,1,0,0
2026-02-26T08:04:00+00:00,76.2,Electronics,ATM,Credit,DE,Terminal,130,32.44,1,1.17,2.23,1.79,1,1,0,0
2026-01-17T10:30:00+00:00,101.91,Groceries,In-store,Debit,AU,Terminal,284,54.89,2,19.67,1.99,1.61,1,0,0,0
2026-01-05T21:47:00+00:00,517.8,Travel,In-store,Credit,JP,Terminal,53,104.31,1,7.33,3.41,4.72,1,0,0,0
2026-02-18T12:01:00+00:00,46.22,Electronics,Online,Prepaid,ID,Desktop,70,43.37,1,5.94,0.15,0.98,0,0,1,0
2026-01-20T12:28:00+00:00,53.09,Entertainment,Online,Credit,US,Desktop,60,80.31,1,12.71,2.47,0.77,0,0,1,0
2026-01-27T13:53:00+00:00,24.33,Dining,In-store,Credit,ID,Terminal,42,29.85,1,1.09,3.09,1.03,1,0,0,0
2026-03-01T16:19:00+00:00,52.16,Groceries,Online,Credit,US,Mobile,21,100.19,1,7.3,2.1,0.52,0,0,1,0
2026-02-24T20:05:00+00:00,85.16,Electronics,Contactless,Credit,JP,Terminal,183,73.95,3,8.06,0.53,0.96,1,1,0,0
2026-02-02T01:23:00+00:00,46.97,Retail,Online,Debit,AU,Mobile,48,27.62,4,487.11,94.65,1.62,0,0,1,1
2026-02-11T18:31:00+00:00,43.31,Travel,Contactless,Debit,ID,Terminal,178,52.16,2,1.64,0.53,0.66,1,1,0,0
2026-01-17T12:05:00+00:00,575.76,Travel,Online,Credit,DE,Mobile,53,110.55,4,728.95,647.91,4.39,0,0,1,1
2026-01-04T10:28:00+00:00,44.39,Entertainment,ATM,Debit,DE,Terminal,98,26.62,1,23.71,1.9,1.66,0,1,0,0
2026-02-12T14:39:00+00:00,64.5,Groceries,Online,Debit,AU,Desktop,85,30.08,1,11.57,0.31,1.84,0,0,1,0
2026-01-28T14:57:00+00:00,35.71,Electronics,In-store,Credit,US,Terminal,281,57.68,3,5.74,2.0,0.51,1,1,0,0
2026-02-25T08:40:00+00:00,799.02,Dining,Contactless,Credit,ID,Terminal,209,241.45,2,142.3,6.02,3.34,1,1,0,0
2026-01-18T07:07:00+00:00,195.79,Dining,Online,Debit,JP,Mobile,122,38.97,5,161.25,131.12,5.17,0,0,1,0
2026-01-14T15:56:00+00:00,90.83,Travel,Online,Credit,ID,Mobile,66,83.26,2,17.3,0.99,1.07,0,0,1,0
2026-02-15T20:39:00+00:00,90.25,Retail,In-store,Debit,SG,Terminal,47,71.46,4,582.66,55.8,1.73,1,0,0,1
2026-02-01T15:50:00+00:00,26.81,Travel,In-store,Credit,GB,Terminal,153,41.13,1,67.6,1.85,0.63,1,0,0,0
2026-01-09T12:18:00+00:00,130.23,Retail,Contactless,Prepaid,JP,Terminal,86,67.0,2,11.31,1.58,1.77,1,0,0,0
2026-02-08T14:01:00+00:00,47.13,Services,Online,Debit,SG,Mobile,158,45.1,2,14.31,0.7,1.03,0,0,1,0
2026-02-22T20:26:00+00:00,49.36,Retail,In-store,Credit,AU,Terminal,200,47.82,2,12.89,2.3,0.99,1,1,0,0
2026-02-07T20:21:00+00:00,21.66,Services,Online,Credit,JP,Desktop,181,20.49,3,2.31,0.65,1.06,0,0,1,0
2026-02-13T10:24:00+00:00,17.28,Groceries,Online,Debit,AU,Desktop,261,59.39,1,2.84,6.35,0.38,0,0,1,0
2026-01-10T07:56:00+00:00,116.82,Groceries,In-store,Credit,GB,Terminal,243,108.25,1,5.46,7.18,0.87,1,1,0,0
2026-02-05T16:20:00+00:00,131.98,Dining,Contactless,Credit,US,Terminal,276,62.64,1,21.18,0.9,2.21,1,1,0,0
2026-02-11T09:16:00+00:00,204.85,Dining,Contactless,Credit,ID,Terminal,92,122.59,2,9.55,1.2,1.81,1,0,0,0
2026-02-03T18:52:00+00:00,89.67,Travel,Online,Prepaid,DE,Desktop,231,87.99,2,5.89,1.61,0.85,0,0,1,0
2026-02-26T11:53:00+00:00,160.45,Travel,In-store,Credit,ID,Terminal,187,58.05,1,33.43,2.38,2.43,1,1,0,0
2026-02-27T09:43:00+00:00,17.58,Groceries,In-store,Credit,US,Terminal,236,40.12,1,0.83,3.18,0.42,1,0,0,0
2026-02-02T18:07:00+00:00,24.57,Electronics,Contactless,Credit,US,Terminal,145,43.99,1,1.78,3.91,0.51,1,0,0,0
2026-02-21T09:53:00+00:00,58.53,Dining,Online,Credit,DE,Mobile,188,23.2,3,0.47,3.82,2.93,0,0,1,0
2026-01-05T00:02:00+00:00,66.3,Dining,Contactless,Debit,US,Terminal,65,50.72,1,27.91,11.63,1.32,0,0,0,0
2026-02-25T18:48:00+00:00,60.59,Travel,In-store,Credit,JP,Terminal,186,66.35,3,6.64,2.61,0.77,1,1,0,0
2026-01-09T07:44:00+00:00,767.16,Dining,Online,Debit,GB,Mobile,314,184.02,3,1290.68,29.89,4.55,0,0,1,0
2026-02-19T12:25:00+00:00,41.83,Retail,Contactless,Credit,ID,Terminal,426,85.06,1,6.55,0.49,0.56,1,1,0,0
2026-01-27T12:11:00+00:00,38.07,Electronics,Online,Debit,ID,Mobile,123,34.39,2,22.77,12.63,1.1,0,0,1,0
2026-01-22T14:03:00+00:00,127.75,Dining,Online,Debit,ID,Mobile,156,23.67,5,387.83,183.03,5.32,0,0,1,1
2026-02-20T03:02:00+00:00,53.64,Retail,In-store,Debit,SG,Terminal,119,52.76,2,11.6,3.02,0.93,1,1,0,0
2026-01-11T08:17:00+00:00,196.26,Retail,Online,Credit,ID,Desktop,72,102.27,2,595.78,172.26,2.3,0,0,1,1
2026-02-04T12:28:00+00:00,40.83,Retail,Online,Credit,DE,Desktop,140,52.28,1,10.71,2.89,1.09,0,0,1,0
2026-01-18T21:20:00+00:00,64.31,Entertainment,Contactless,Credit,SG,Terminal,326,85.82,1,47.14,3.79,0.66,1,1,0,0
2026-01-16T17:36:00+00:00,23.34,Dining,In-store,Debit,AU,Terminal,154,53.64,1,1.24,1.69,0.5,1,1,0,0
2026-02-27T17:06:00+00:00,179.85,Retail,In-store,Prepaid,JP,Terminal,88,96.16,2,6.85,7.07,2.02,1,1,0,0
2026-01-10T16:42:00+00:00,57.01,Electronics,Online,Credit,GB,Mobile,277,21.37,3,9.19,1.46,3.54,0,0,1,0
2026-02-27T17:09:00+00:00,3072.11,Travel,Online,Credit,SG,Mobile,94,171.18,2,470.18,44.55,15.71,0,0,1,0
2026-01-02T14:26:00+00:00,42.33,Dining,Contactless,Credit,US,Terminal,167,29.28,1,4.77,0.45,1.38,1,1,0,0
2026-01-13T23:01:00+00:00,82.4,Electronics,Contactless,Credit,AU,Terminal,41,101.08,1,4.1,1.94,0.78,1,1,0,0
2026-01-23T15:55:00+00:00,46.47,Electronics,In-store,Credit,ID,Terminal,239,50.56,2,39.77,8.74,0.88,1,1,0,0
2026-01-14T15:26:00+00:00,50.82,Dining,Contactless,Debit,ID,Terminal,36,55.96,1,6.84,1.56,1.19,1,0,0,0
2026-01-16T02:22:00+00:00,32.29,Travel,Online,Debit,AU,Mobile,94,51.59,1,107.96,0.62,0.71,0,0,1,0
2026-02-09T17:10:00+00:00,140.48,Retail,Contactless,Credit,ID,Terminal,51,71.25,2,13.21,3.27,2.09,1,0,0,0
2026-01-04T12:13:00+00:00,19.26,Dining,Contactless,Credit,ID,Terminal,61,81.24,2,5.37,1.28,0.26,1,1,0,0
2026-02-03T02:16:00+00:00,454.54,Groceries,In-store,Credit,GB,Terminal,43,120.05,3,818.89,517.12,3.92,0,0,0,1
2026-01-25T02:05:00+00:00,1204.52,Retail,Online,Credit,SG,Mobile,27,150.68,7,502.62,322.01,7.74,0,0,1,1
2026-02-03T02:28:00+00:00,46.64,Groceries,In-store,Debit,US,Terminal,225,74.86,2,32.34,0.69,0.55,1,1,0,0
2026-01-21T12:08:00+00:00,120.61,Groceries,In-store,Credit,JP,Terminal,113,183.81,1,2.05,2.07,0.8,0,0,0,0
2026-02-24T20:09:00+00:00,85.4,Retail,Online,Credit,AU,Mobile,151,64.1,1,1.02,1.16,1.33,0,0,1,0
2026-01-20T08:05:00+00:00,1610.28,Services,In-store,Credit,US,Terminal,75,121.55,7,663.2,34.45,12.08,1,0,0,0
2026-02-03T17:03:00+00:00,29.26,Retail,In-store,Debit,AU,Terminal,226,79.73,2,18.53,2.33,0.41,1,0,0,0
2026-01-27T11:49:00+00:00,16.28,Electronics,In-store,Debit,US,Terminal,152,42.23,1,10.12,5.57,0.4,1,0,0,0
2026-02-04T14:45:00+00:00,37.04,Electronics,ATM,Credit,US,Terminal,194,67.88,2,15.48,2.27,0.51,1,1,0,0
2026-01-24T20:40:00+00:00,29.82,Retail,Online,Credit,SG,Mobile,228,83.69,4,13.17,1.47,0.36,0,0,1,0
2026-02-09T15:53:00+00:00,23.99,Groceries,Contactless,Debit,DE,Terminal,245,59.09,2,1.45,0.27,0.37,1,1,0,0
2026-01-13T13:27:00+00:00,40.35,Dining,In-store,Credit,AU,Terminal,179,78.91,1,10.07,1.26,0.51,1,1,0,0
2026-01-31T16:20:00+00:00,201.69,Retail,ATM,Debit,SG,Terminal,151,105.9,2,31.45,4.27,1.98,1,1,0,0
2026-02-21T10:25:00+00:00,38.82,Electronics,Contactless,Credit,US,Terminal,290,59.43,3,8.93,0.64,0.76,0,1,0,0
2026-02-04T01:27:00+00:00,8.65,Groceries,Online,Credit,JP,Mobile,150,8.9,2,1.75,8.87,0.94,0,0,1,0
2026-01-13T21:06:00+00:00,474.13,Retail,Online,Credit,ID,Desktop,33,179.63,5,308.82,61.34,2.61,0,0,1,1
2026-02-14T19:17:00+00:00,59.76,Travel,Online,Debit,US,Mobile,255,49.73,1,13.63,2.99,1.37,0,0,1,0
2026-01-20T16:28:00+00:00,112.56,Groceries,Online,Credit,ID,Mobile,279,35.33,2,53.26,1.65,2.95,0,0,1,0
2026-02-24T14:27:00+00:00,18.24,Groceries,In-store,Credit,US,Terminal,129,29.06,2,0.86,0.76,0.53,1,1,0,0
2026-02-19T08:23:00+00:00,119.68,Groceries,In-store,Credit,GB,Terminal,207,48.49,3,10.99,3.82,2.69,1,0,0,0
2026-02-25T07:05:00+00:00,44.06,Groceries,Online,Debit,GB,Mobile,184,41.86,1,2.65,1.35,1.16,0,0,1,0
2026-02-20T10:16:00+00:00,31.57,Electronics,Online,Debit,JP,Mobile,143,37.37,4,12.92,1.07,0.93,0,0,1,0
2026-02-10T22:27:00+00:00,36.84,Travel,Contactless,Credit,GB,Terminal,48,38.73,1,14.11,0.23,1.18,0,0,0,0
2026-02-09T13:13:00+00:00,129.94,Entertainment,In-store,Debit,DE,Terminal,62,85.14,1,5.72,9.05,1.18,1,0,0,0
2026-01-17T18:27:00+00:00,621.9,Electronics,In-store,Credit,GB,Terminal,103,225.82,3,14.8,2.47,2.92,1,1,0,0
2026-01-23T01:19:00+00:00,117.25,Services,In-store,Credit,US,Terminal,138,102.86,2,25.89,7.44,1.27,0,1,0,0
2026-02-22T13:18:00+00:00,139.59,Groceries,Contactless,Credit,JP,Terminal,58,125.17,2,6.17,4.57,1.29,1,0,0,0
2026-02-07T10:55:00+00:00,162.86,Dining,Online,Credit,ID,Desktop,31,47.21,3,102.42,332.43,3.63,0,0,1,0
2026-02-11T21:52:00+00:00,91.64,Electronics,Online,Credit,JP,Mobile,124,64.59,2,35.45,1.4,1.55,0,0,1,0
2026-01-13T09:42:00+00:00,48.96,Electronics,Online,Debit,GB,Mobile,135,79.62,1,18.39,0.62,0.51,0,0,1,0
2026-01-23T15:25:00+00:00,168.43,Electronics,Online,Credit,SG,Mobile,81,39.3,7,828.93,235.73,5.04,0,0,1,1
2026-01-16T09:48:00+00:00,206.62,Groceries,Online,Debit,US,Mobile,519,45.75,1,3.46,2.8,5.52,0,0,1,0
2026-02-07T06:08:00+00:00,22.08,Dining,In-store,Prepaid,AU,Terminal,51,105.16,1,21.85,1.54,0.2,1,1,0,0
2026-02-01T11:11:00+00:00,128.93,Retail,In-store,Credit,JP,Terminal,170,122.57,1,69.87,5.17,1.07,1,1,0,0
2026-01-26T23:45:00+00:00,66.9,Retail,Contactless,Credit,DE,Terminal,709,63.04,1,6.47,3.35,1.09,1,1,0,0
2026-02-16T21:54:00+00:00,23.91,Groceries,In-store,Debit,SG,Terminal,53,27.75,2,8.2,4.66,0.8,1,1,0,0
2026-02-20T15:08:00+00:00,41.22,Groceries,In-store,Credit,SG,Terminal,67,49.79,1,2.29,0.88,0.81,1,1,0,0
2026-02-25T18:29:00+00:00,22.96,Groceries,Online,Debit,DE,Mobile,265,23.64,1,3.35,6.54,0.98,0,0,1,0
2026-01-21T12:05:00+00:00,41.68,Retail,Contactless,Credit,AU,Terminal,153,63.36,2,2.27,2.45,0.79,1,0,0,0
2026-01-29T20:58:00+00:00,60.75,Electronics,In-store,Debit,AU,Terminal,162,71.24,2,8.53,7.28,1.06,1,0,0,0
2026-01-27T10:22:00+00:00,31.52,Electronics,Contactless,Credit,JP,Terminal,207,50.6,2,5.08,6.48,0.68,1,0,0,0
2026-02-26T12:48:00+00:00,198.35,Dining,Online,Credit,GB,Mobile,225,70.61,2,11.13,4.89,3.23,0,0,1,0
2026-02-17T08:47:00+00:00,64.7,Electronics,ATM,Debit,ID,Terminal,180,79.12,2,2.77,2.2,0.79,1,1,0,0
2026-02-25T21:09:00+00:00,74.16,Entertainment,Online,Credit,US,Mobile,196,71.3,2,6.15,5.0,1.31,0,0,1,0
2026-01-13T11:57:00+00:00,15.9,Retail,Online,Credit,AU,Mobile,58,27.63,2,2.59,7.47,0.61,0,0,1,0
2026-02-02T10:57:00+00:00,82.39,Electronics,ATM,Credit,ID,Terminal,267,51.18,2,9.08,4.51,1.65,0,1,0,0
2026-02-03T10:39:00+00:00,113.98,Retail,Online,Credit,US,Mobile,401,78.76,2,1.23,3.01,1.45,0,0,1,0
2026-01-26T13:57:00+00:00,212.29,Retail,Online,Credit,JP,Mobile,291,168.37,1,8.73,5.01,1.2,0,0,1,0
2026-01-27T14:53:00+00:00,120.77,Groceries,In-store,Credit,US,Terminal,190,50.56,4,328.13,64.99,2.49,1,1,0,0
2026-02-20T16:33:00+00:00,45.82,Travel,Online,Credit,JP,Mobile,503,86.32,1,9.02,11.18,0.58,0,0,1,0
2026-01-23T18:34:00+00:00,329.64,Dining,ATM,Credit,ID,Terminal,153,106.78,3,1.2,0.46,2.63,1,0,0,0
2026-01-27T16:59:00+00:00,29.29,Retail,Online,Credit,SG,Desktop,269,53.1,3,15.18,2.55,0.58,0,0,1,0
2026-01-07T13:11:00+00:00,210.25,Dining,In-store,Credit,DE,Terminal,439,127.29,1,5.32,1.64,1.37,0,1,0,0
2026-02-08T14:28:00+00:00,64.94,Entertainment,In-store,Credit,DE,Terminal,104,131.82,2,9.38,1.3,0.51,1,0,0,0
2026-01-01T22:33:00+00:00,254.76,Electronics,Contactless,Debit,GB,Terminal,336,148.01,1,0.94,3.34,1.72,1,0,0,0
2026-02-14T13:05:00+00:00,48.15,Groceries,In-store,Prepaid,DE,Terminal,60,81.29,1,1.88,0.8,0.6,1,1,0,0
2026-02-06T11:44:00+00:00,146.49,Entertainment,Contactless,Credit,JP,Terminal,73,279.8,1,4.81,21.16,0.51,1,0,0,0
2026-02-27T16:37:00+00:00,22.73,Groceries,ATM,Prepaid,ID,Terminal,67,40.45,1,33.55,0.64,0.59,1,1,0,0
2026-02-03T16:04:00+00:00,159.14,Entertainment,Online,Debit,DE,Mobile,29,240.0,1,13.2,0.95,0.65,0,0,1,0
2026-02-13T21:50:00+00:00,143.93,Retail,In-store,Credit,JP,Terminal,81,99.42,1,8.52,0.86,1.19,0,0,0,0
2026-02-26T12:25:00+00:00,159.27,Services,In-store,Credit,ID,Terminal,142,144.21,2,2.67,3.0,0.96,1,1,0,0
2026-01-14T20:06:00+00:00,134.32,Groceries,Online,Credit,JP,Mobile,36,49.01,8,132.04,303.25,2.39,0,0,1,1
2026-01-19T15:05:00+00:00,79.61,Groceries,Online,Credit,AU,Mobile,54,104.47,2,10.02,4.16,0.91,0,0,1,0
2026-02-01T16:16:00+00:00,59.45,Electronics,In-store,Debit,SG,Terminal,23,152.56,2,15.97,10.72,0.45,1,0,0,0
2026-01-03T04:23:00+00:00,42.12,Travel,Online,Credit,SG,Mobile,79,29.76,2,9.3,1.08,1.38,0,0,1,0
2026-01-15T20:24:00+00:00,92.45,Dining,ATM,Debit,AU,Terminal,74,54.26,4,48.45,4.75,1.54,0,1,0,0
2026-01-28T09:33:00+00:00,12.75,Travel,Contactless,Credit,AU,Terminal,505,15.0,1,3.49,1.82,0.91,1,0,0,0
2026-01-15T10:39:00+00:00,53.61,Dining,Contactless,Debit,GB,Terminal,132,53.74,2,9.0,3.09,1.09,1,1,0,0
2026-01-03T16:43:00+00:00,116.41,Retail,Contactless,Credit,ID,Terminal,458,35.5,1,1.15,7.45,2.74,1,1,0,0
2026-02-14T09:26:00+00:00,47.94,Dining,Online,Credit,JP,Mobile,81,52.38,3,9.32,0.45,0.84,0,0,1,0
2026-01-16T08:21:00+00:00,238.05,Dining,Contactless,Credit,ID,Terminal,280,403.58,1,37.2,18.01,0.51,1,1,0,0
2026-01-02T21:44:00+00:00,230.05,Retail,In-store,Credit,AU,Terminal,159,184.3,2,2.35,2.13,1.32,1,1,0,0
2026-02-10T16:07:00+00:00,10.12,Retail,ATM,Credit,ID,Terminal,76,23.67,3,18.66,0.49,0.46,1,1,0,0
2026-01-14T21:54:00+00:00,79.36,Retail,In-store,Credit,ID,Terminal,160,86.59,3,36.06,1.23,0.81,1,1,0,0
2026-01-28T06:29:00+00:00,62.41,Dining,Contactless,Credit,AU,Terminal,116,101.42,1,3.46,2.72,0.64,1,1,0,0
2026-02-15T03:37:00+00:00,26.73,Retail,In-store,Debit,SG,Terminal,108,48.44,2,12.35,1.23,0.6,1,1,0,0
2026-01-20T10:07:00+00:00,47.57,Retail,Online,Credit,ID,Mobile,41,67.76,2,42.0,0.32,0.79,0,0,1,0
2026-02-05T03:05:00+00:00,108.95,Groceries,In-store,Debit,SG,Terminal,533,72.2,1,9.52,2.71,1.61,0,1,0,0
2026-02-17T13:05:00+00:00,51.62,Electronics,ATM,Credit,US,Terminal,196,25.15,2,17.56,1.2,1.83,1,1,0,0
2026-02-14T22:23:00+00:00,41.58,Groceries,In-store,Credit,ID,Terminal,61,30.87,1,1.05,4.72,1.64,1,1,0,0
2026-01-21T12:43:00+00:00,83.29,Groceries,In-store,Debit,DE,Terminal,176,67.49,1,14.25,0.85,1.14,1,1,0,0
2026-01-24T17:57:00+00:00,46.19,Dining,Online,Prepaid,AU,Mobile,105,64.37,3,13.05,23.61,0.79,0,0,1,0
2026-01-10T16:36:00+00:00,7.93,Groceries,Online,Debit,GB,Mobile,358,38.07,3,1.72,4.11,0.21,0,0,1,0
2026-01-10T03:25:00+00:00,40.96,Services,In-store,Credit,ID,Terminal,109,36.0,1,2.56,2.99,1.16,1,1,0,0
2026-01-17T10:31:00+00:00,12.43,Electronics,ATM,Credit,SG,Terminal,130,56.92,2,14.36,4.59,0.22,1,1,0,0
2026-02-26T15:10:00+00:00,28.97,Groceries,Online,Debit,GB,Desktop,86,107.34,2,5.3,0.4,0.28,0,0,1,0
2026-02-27T07:10:00+00:00,45.25,Retail,ATM,Credit,DE,Terminal,188,57.41,2,25.11,1.5,0.84,1,1,0,0
2026-02-21T13:51:00+00:00,174.95,Retail,Online,Credit,SG,Mobile,132,173.26,1,10.4,14.63,1.09,0,0,1,0
2026-01-16T16:55:00+00:00,31.8,Electronics,Contactless,Debit,GB,Terminal,322,38.39,1,7.86,1.79,0.7,0,1,0,0
2026-02-05T11:50:00+00:00,164.15,Groceries,In-store,Credit,GB,Terminal,166,68.41,2,6.13,2.31,2.39,0,0,0,0
2026-01-22T11:51:00+00:00,57.96,Retail,ATM,Debit,JP,Terminal,743,47.93,1,10.2,1.54,1.23,1,1,0,0
2026-01-17T17:43:00+00:00,64.31,Dining,In-store,Debit,SG,Terminal,121,88.43,1,17.87,10.64,0.79,1,1,0,0
2026-01-11T12:50:00+00:00,75.07,Dining,Online,Credit,DE,Mobile,77,36.31,1,13.29,1.93,2.18,0,0,1,0
2026-02-27T14:02:00+00:00,473.35,Groceries,In-store,Debit,ID,Terminal,80,211.2,2,4.64,0.7,2.44,1,1,0,0
2026-02-08T09:03:00+00:00,28.17,Retail,In-store,Debit,DE,Terminal,81,20.11,2,28.89,32.42,1.27,1,0,0,0
2026-02-12T18:53:00+00:00,95.24,Dining,Contactless,Debit,AU,Terminal,75,184.02,3,15.23,0.62,0.57,1,0,0,0
2026-01-17T15:04:00+00:00,31.35,Dining,Contactless,Credit,SG,Terminal,389,63.98,5,11.29,2.23,0.66,1,0,0,0
2026-02-28T22:15:00+00:00,32.78,Groceries,Online,Credit,DE,Mobile,112,86.41,2,8.17,1.06,0.38,0,0,1,0
2026-01-13T17:28:00+00:00,124.56,Services,Contactless,Credit,SG,Terminal,166,143.66,3,12.81,1.22,0.9,1,1,0,0
2026-01-11T15:31:00+00:00,47.01,Groceries,Online,Credit,GB,Mobile,55,105.37,2,0.99,0.85,0.48,0,0,1,0
2026-02-05T15:17:00+00:00,31.82,Dining,ATM,Credit,US,Terminal,134,37.54,1,9.64,1.43,0.75,1,1,0,0
2026-02-26T11:53:00+00:00,67.78,Dining,Online,Debit,AU,Desktop,26,89.13,1,44.89,6.58,1.08,0,0,1,0
2026-02-15T13:20:00+00:00,67.28,Travel,Online,Debit,DE,Mobile,172,203.13,1,9.41,0.37,0.27,0,0,1,0
2026-02-27T16:47:00+00:00,16.39,Electronics,In-store,Credit,JP,Terminal,92,33.89,2,8.1,8.68,0.42,1,1,0,0
2026-02-05T14:42:00+00:00,148.57,Retail,In-store,Credit,JP,Terminal,413,239.12,2,3.84,7.3,0.67,1,0,0,0
2026-01-15T21:02:00+00:00,65.34,Entertainment,In-store,Credit,JP,Terminal,240,77.53,2,12.71,4.09,0.89,1,1,0,0
2026-01-30T14:56:00+00:00,33.04,Retail,In-store,Debit,JP,Terminal,237,45.53,1,5.96,2.79,0.68,0,1,0,0
2026-01-30T01:12:00+00:00,28.24,Retail,Contactless,Credit,SG,Terminal,73,33.76,3,31.19,3.24,0.78,1,1,0,0
2026-02-28T08:36:00+00:00,28.63,Entertainment,Contactless,Credit,US,Terminal,173,52.19,2,2.86,10.21,0.6,1,1,0,0
2026-01-18T04:36:00+00:00,5.16,Groceries,Online,Debit,SG,Mobile,531,16.93,1,4.49,0.43,0.38,0,0,1,0
2026-01-18T20:01:00+00:00,40.18,Electronics,Online,Credit,ID,Mobile,79,46.07,1,3.82,5.09,0.66,0,0,1,0
2026-01-25T11:58:00+00:00,46.58,Electronics,In-store,Credit,AU,Terminal,75,50.86,3,55.59,1.17,0.81,1,1,0,0
2026-01-29T18:02:00+00:00,23.33,Travel,Online,Debit,GB,Mobile,140,30.01,2,6.0,5.62,0.76,0,0,1,0
2026-02-05T13:25:00+00:00,99.31,Retail,In-store,Debit,JP,Terminal,160,98.11,3,4.04,1.33,0.99,1,1,0,0
2026-01-12T20:13:00+00:00,67.92,Groceries,ATM,Credit,JP,Terminal,216,52.34,3,0.74,4.99,1.2,1,0,0,0
2026-02-18T13:12:00+00:00,61.91,Electronics,In-store,Debit,DE,Terminal,197,39.91,3,2.71,0.52,1.41,0,0,0,0
2026-01-31T19:00:00+00:00,23.21,Retail,Online,Credit,JP,Mobile,159,48.84,1,13.21,0.45,0.62,0,0,1,0
2026-01-29T16:07:00+00:00,25.23,Dining,ATM,Credit,ID,Terminal,82,76.01,1,13.15,2.2,0.35,1,1,0,0
2026-01-30T10:08:00+00:00,121.13,Retail,In-store,Credit,DE,Terminal,544,63.28,2,3.61,10.33,2.03,1,1,0,0
2026-02-25T15:40:00+00:00,43.92,Retail,Contactless,Credit,JP,Terminal,391,38.26,2,3.84,4.21,1.17,1,1,0,0
2026-02-16T10:03:00+00:00,36.97,Groceries,In-store,Debit,SG,Terminal,189,65.48,1,57.16,4.18,0.51,0,1,0,0
2026-02-03T09:32:00+00:00,50.73,Groceries,In-store,Debit,GB,Terminal,327,58.39,1,143.45,5.81,1.1,1,1,0,0
2026-01-28T11:16:00+00:00,43.21,Electronics,Online,Credit,GB,Mobile,133,28.77,1,26.17,1.65,1.79,0,0,1,0
2026-01-14T11:02:00+00:00,123.46,Dining,Online,Credit,DE,Desktop,58,50.02,1,41.07,4.53,2.7,0,0,1,0
2026-01-09T13:02:00+00:00,96.74,Electronics,Contactless,Debit,SG,Terminal,258,87.93,2,51.86,1.38,1.08,1,1,0,0
2026-02-26T15:50:00+00:00,173.65,Travel,Online,Credit,DE,Mobile,56,87.52,1,84.44,1.8,1.78,0,0,1,0
2026-02-26T22:54:00+00:00,28.01,Services,Online,Debit,US,Mobile,588,51.96,3,5.3,2.03,0.44,0,0,1,0
2026-01-17T13:37:00+00:00,81.48,Groceries,Online,Debit,GB,Mobile,62,93.68,1,2.81,1.43,0.9,0,0,1,0
2026-01-17T17:31:00+00:00,26.66,Electronics,Contactless,Debit,US,Terminal,372,31.91,2,55.53,2.3,0.75,0,1,0,0
2026-02-21T13:14:00+00:00,40.77,Retail,In-store,Credit,AU,Terminal,516,32.56,2,2.56,1.91,1.14,1,0,0,0
2026-01-15T13:51:00+00:00,137.83,Entertainment,In-store,Debit,ID,Terminal,54,51.25,3,2.38,1.21,2.51,0,0,0,0
2026-02-10T12:29:00+00:00,875.85,Entertainment,Online,Credit,ID,Mobile,50,159.72,3,147.5,95.53,5.5,0,0,1,0
2026-02-24T19:40:00+00:00,32.88,Electronics,ATM,Debit,AU,Terminal,199,67.1,2,6.39,2.87,0.52,1,1,0,0
2026-02-25T08:47:00+00:00,18.53,Groceries,Online,Credit,JP,Mobile,412,50.45,1,0.83,0.82,0.42,0,0,1,0
2026-02-09T11:27:00+00:00,363.93,Retail,In-store,Debit,US,Terminal,230,164.63,1,1.53,3.73,2.56,1,1,0,0
2026-01-07T17:19:00+00:00,66.5,Electronics,ATM,Credit,JP,Terminal,78,50.07,1,3.73,1.5,1.27,1,0,0,0
2026-02-23T11:27:00+00:00,312.1,Dining,Contactless,Credit,ID,Terminal,416,257.9,4,1.98,3.0,1.22,1,1,0,0
2026-01-12T00:53:00+00:00,30.59,Groceries,Online,Prepaid,AU,Mobile,677,43.28,3,23.78,1.26,0.75,0,0,1,0
2026-01-18T10:43:00+00:00,37.15,Groceries,Online,Credit,SG,Mobile,72,31.26,1,7.44,7.03,1.09,0,0,1,0
2026-01-11T02:41:00+00:00,26.41,Retail,Contactless,Debit,US,Terminal,184,54.16,3,13.94,6.4,0.5,1,0,0,0
2026-01-04T11:19:00+00:00,53.49,Travel,In-store,Debit,ID,Terminal,219,51.32,3,12.36,0.86,1.17,1,1,0,0
2026-01-12T11:19:00+00:00,15.36,Dining,In-store,Credit,ID,Terminal,116,35.69,1,5.89,4.16,0.45,1,1,0,0
2026-01-26T21:31:00+00:00,269.13,Services,In-store,Credit,US,Terminal,75,327.43,1,21.91,10.45,0.74,1,1,0,0
2026-01-01T18:01:00+00:00,40.26,Travel,Online,Credit,ID,Desktop,67,74.23,2,12.15,0.95,0.62,0,0,1,0
2026-01-15T08:07:00+00:00,10.27,Services,Contactless,Credit,DE,Terminal,40,81.59,1,5.21,1.03,0.12,1,1,0,0
2026-01-10T08:33:00+00:00,33.04,Retail,Contactless,Debit,SG,Terminal,259,44.69,2,1.16,5.13,0.74,1,1,0,0
2026-02-13T23:47:00+00:00,19.85,Travel,Online,Credit,US,Desktop,98,41.45,1,13.1,0.67,0.53,0,0,1,0
2026-02-11T16:22:00+00:00,91.66,Electronics,Contactless,Credit,SG,Terminal,452,117.52,2,1.85,1.13,0.81,1,1,0,0
2026-01-13T15:19:00+00:00,15.29,Dining,In-store,Credit,ID,Terminal,207,20.3,2,11.23,0.89,0.92,1,1,0,0
2026-02-21T15:42:00+00:00,80.44,Dining,In-store,Credit,DE,Terminal,133,28.71,1,8.06,5.19,2.76,1,0,0,0
2026-01-05T08:10:00+00:00,47.98,Retail,Contactless,Credit,JP,Terminal,390,51.38,3,1.65,1.23,1.12,0,1,0,0
2026-01-10T10:05:00+00:00,189.57,Groceries,In-store,Debit,DE,Terminal,133,145.21,3,9.82,1.85,1.14,1,1,0,0
2026-01-29T13:44:00+00:00,58.67,Dining,In-store,Debit,SG,Terminal,95,47.3,1,9.12,1.16,1.26,0,1,0,0
2026-02-24T13:29:00+00:00,116.36,Dining,Online,Credit,JP,Mobile,235,79.08,1,9.16,7.76,1.58,0,0,1,0
2026-01-17T22:05:00+00:00,87.4,Entertainment,Contactless,Credit,AU,Terminal,95,61.44,1,8.69,1.04,1.22,1,1,0,0
2026-02-27T04:38:00+00:00,687.52,Electronics,Online,Debit,ID,Mobile,157,140.13,4,217.54,26.91,5.61,0,0,1,0
2026-01-16T01:57:00+00:00,28.04,Dining,Contactless,Credit,GB,Terminal,179,21.54,3,14.16,0.58,1.43,1,1,0,0
2026-02-07T20:21:00+00:00,15.74,Dining,Contactless,Credit,ID,Terminal,144,97.36,2,3.47,4.92,0.21,1,1,0,0
2026-01-19T19:41:00+00:00,1081.56,Travel,Online,Debit,AU,Mobile,181,53.02,3,136.72,236.48,17.21,0,0,1,0
2026-02-05T11:42:00+00:00,347.33,Travel,Contactless,Credit,ID,Terminal,181,110.08,2,15.52,8.57,2.47,1,1,0,0
2026-01-19T11:44:00+00:00,30.1,Travel,ATM,Debit,GB,Terminal,157,35.43,1,20.7,0.7,1.06,1,1,0,0
2026-01-15T23:28:00+00:00,108.17,Dining,Online,Debit,US,Mobile,31,61.3,4,868.54,87.25,1.96,0,0,1,1
2026-01-27T09:04:00+00:00,111.37,Retail,In-store,Credit,JP,Terminal,66,56.45,1,5.88,27.86,1.96,1,1,0,0
2026-01-20T19:07:00+00:00,17.66,Services,Online,Credit,GB,Mobile,81,31.45,2,0.88,1.82,0.6,0,0,1,0
2026-02-04T10:33:00+00:00,33.6,Retail,Contactless,Credit,SG,Terminal,85,26.25,5,37.71,1.4,1.29,0,1,0,0
2026-01-30T05:30:00+00:00,16.98,Retail,In-store,Credit,AU,Terminal,217,41.38,1,0.86,2.41,0.42,1,1,0,0
2026-02-02T14:01:00+00:00,254.12,Services,In-store,Debit,SG,Terminal,458,65.66,4,14.08,4.18,3.67,1,0,0,0
2026-01-09T17:14:00+00:00,12.29,Dining,In-store,Debit,US,Terminal,136,36.89,1,75.28,4.11,0.38,1,1,0,0
2026-02-05T21:19:00+00:00,48.1,Electronics,Contactless,Credit,GB,Terminal,324,48.69,1,8.71,1.33,0.96,0,0,0,0
2026-02-13T15:48:00+00:00,3.79,Groceries,In-store,Credit,US,Terminal,83,17.71,2,10.18,1.37,0.25,1,1,0,0
2026-01-08T07:43:00+00:00,40.45,Groceries,Online,Credit,DE,Desktop,123,47.42,2,11.22,1.83,0.9,0,0,1,0
2026-01-13T16:51:00+00:00,66.41,Travel,Online,Credit,JP,Mobile,121,117.37,3,9.19,1.19,0.71,0,0,1,0
2026-01-04T07:12:00+00:00,169.16,Dining,In-store,Credit,US,Terminal,207,95.43,1,98.07,0.72,1.87,1,1,0,0
2026-01-14T09:52:00+00:00,37.54,Entertainment,Contactless,Credit,DE,Terminal,88,57.03,2,2.92,15.0,0.71,1,0,0,0
2026-02-25T11:41:00+00:00,149.45,Travel,Online,Debit,ID,Mobile,230,70.69,2,2.55,1.64,1.87,0,0,1,0
2026-01-06T05:02:00+00:00,17.1,Dining,In-store,Credit,SG,Terminal,174,35.22,1,5.15,1.73,0.49,1,1,0,0
2026-01-14T12:33:00+00:00,136.59,Electronics,In-store,Credit,US,Terminal,153,173.45,1,50.14,1.79,0.78,1,1,0,1
2026-01-09T17:15:00+00:00,181.04,Dining,Online,Credit,SG,Mobile,91,231.38,2,3.92,2.27,0.78,0,0,1,0
2026-02-19T05:54:00+00:00,63.92,Groceries,Contactless,Credit,US,Terminal,42,67.16,1,11.86,3.8,1.26,1,1,0,0
2026-02-04T13:26:00+00:00,290.83,Retail,Online,Credit,ID,Desktop,99,325.04,1,24.0,1.54,1.16,0,0,1,0
2026-01-04T10:29:00+00:00,274.3,Groceries,Online,Prepaid,GB,Desktop,230,38.78,3,1050.35,343.56,7.37,0,0,1,0
2026-01-15T14:56:00+00:00,30.22,Dining,Online,Debit,ID,Desktop,39,26.76,3,22.64,4.47,1.09,0,0,1,0
2026-02-10T13:18:00+00:00,51.33,Services,In-store,Credit,SG,Terminal,45,38.04,1,35.16,2.03,1.39,1,1,0,0
2026-02-15T09:37:00+00:00,24.74,Electronics,Online,Credit,AU,Mobile,111,52.32,1,10.37,1.26,0.53,0,0,1,0
2026-02-06T19:52:00+00:00,308.79,Dining,In-store,Debit,GB,Terminal,75,271.2,1,4.47,7.28,1.17,1,1,0,0
2026-02-03T14:34:00+00:00,120.52,Retail,In-store,Credit,ID,Terminal,1284,50.26,3,8.69,2.09,2.5,1,1,0,0
2026-01-28T23:28:00+00:00,12.44,Travel,Contactless,Credit,JP,Terminal,160,34.51,1,5.09,0.71,0.33,1,1,0,0
2026-02-20T09:18:00+00:00,235.85,Dining,Online,Credit,JP,Mobile,33,33.65,6,7141.71,305.23,6.38,0,0,1,1
2026-01-23T10:17:00+00:00,165.45,Travel,Contactless,Credit,DE,Terminal,299,126.6,3,4.11,1.19,1.4,1,1,0,0
2026-02-27T19:50:00+00:00,261.83,Groceries,Contactless,Credit,DE,Terminal,129,115.38,2,12.57,5.86,2.28,1,1,0,0
2026-02-21T17:24:00+00:00,66.06,Dining,Contactless,Credit,DE,Terminal,127,44.01,1,1.42,0.2,1.45,1,1,0,0
2026-02-25T13:19:00+00:00,18.51,Dining,Online,Debit,JP,Mobile,484,17.83,4,8.55,1.7,0.98,0,0,1,0
2026-02-12T18:26:00+00:00,43.29,Groceries,Contactless,Credit,ID,Terminal,31,28.97,1,5.39,7.85,1.21,1,0,0,0
2026-01-21T12:03:00+00:00,107.71,Dining,ATM,Debit,ID,Terminal,68,184.71,2,15.54,2.47,0.59,1,1,0,0
2026-02-08T13:13:00+00:00,407.13,Groceries,Contactless,Credit,DE,Terminal,195,94.42,8,964.81,199.96,3.7,0,1,0,0
2026-01-28T12:54:00+00:00,21.84,Retail,Contactless,Credit,JP,Terminal,69,62.96,1,35.12,1.0,0.4,1,1,0,0
2026-02-25T19:47:00+00:00,434.33,Retail,In-store,Prepaid,GB,Terminal,68,203.31,1,32.18,3.48,2.32,1,1,0,0
2026-02-24T20:53:00+00:00,199.21,Dining,ATM,Prepaid,US,Terminal,240,215.49,3,6.87,2.47,1.22,1,0,0,0
2026-01-05T09:49:00+00:00,31.45,Retail,Contactless,Credit,ID,Terminal,84,58.95,3,2.61,3.14,0.52,1,1,0,0
2026-02-15T15:02:00+00:00,70.88,Groceries,Online,Prepaid,DE,Mobile,174,59.66,1,2.97,18.9,1.09,0,0,1,0
2026-02-14T08:26:00+00:00,56.16,Travel,In-store,Prepaid,US,Terminal,112,41.33,1,10.31,9.07,1.89,1,1,0,0
2026-02-06T19:07:00+00:00,87.8,Dining,In-store,Credit,DE,Terminal,172,50.15,3,8.79,5.43,1.71,1,1,0,0
2026-02-28T10:01:00+00:00,12.9,Dining,In-store,Credit,ID,Terminal,125,22.96,1,9.81,5.5,0.52,1,0,0,0
2026-01-05T03:14:00+00:00,3.25,Travel,In-store,Credit,SG,Terminal,242,22.9,5,4.1,0.99,0.13,1,1,0,0
2026-02-28T17:06:00+00:00,19.88,Retail,In-store,Credit,ID,Terminal,262,19.69,3,35.91,1.54,1.18,1,1,0,0
2026-01-01T16:54:00+00:00,71.91,Groceries,Contactless,Credit,US,Terminal,82,122.1,1,1.46,0.53,0.53,1,0,0,0
2026-01-11T12:30:00+00:00,29.73,Groceries,ATM,Credit,US,Terminal,43,21.87,2,3.86,0.69,1.36,1,0,0,0
2026-02-08T15:56:00+00:00,385.09,Groceries,In-store,Debit,SG,Terminal,122,214.32,2,2.26,1.01,1.66,1,0,0,0
2026-02-18T16:15:00+00:00,347.01,Groceries,Online,Credit,SG,Mobile,29,37.53,7,354.29,106.79,9.4,0,0,1,1
2026-02-24T09:30:00+00:00,534.08,Entertainment,In-store,Debit,GB,Terminal,81,186.66,3,29.11,0.72,2.72,1,1,0,0
2026-01-04T11:19:00+00:00,109.23,Retail,In-store,Prepaid,AU,Terminal,39,47.59,1,5.38,2.37,1.99,1,1,0,0
2026-02-19T13:30:00+00:00,57.98,Groceries,Online,Credit,DE,Mobile,101,21.8,1,8.26,2.11,2.73,0,0,1,0
2026-02-11T15:31:00+00:00,313.06,Entertainment,Online,Debit,GB,Desktop,138,139.0,2,15.34,0.79,2.17,0,0,1,0
2026-01-25T15:02:00+00:00,404.53,Dining,In-store,Credit,DE,Terminal,88,150.09,1,5.11,11.31,2.29,1,0,0,0
2026-02-08T13:39:00+00:00,29.62,Services,In-store,Credit,DE,Terminal,129,33.48,1,11.26,0.65,0.9,1,1,0,0
2026-01-24T16:12:00+00:00,17.44,Retail,Contactless,Debit,US,Terminal,211,48.64,2,9.74,7.52,0.42,1,0,0,0
2026-01-28T02:11:00+00:00,157.3,Electronics,Contactless,Debit,JP,Terminal,362,33.49,1,2.13,0.26,4.3,1,1,0,0
2026-01-13T11:59:00+00:00,64.54,Electronics,Online,Debit,ID,Mobile,393,55.79,1,4.43,2.13,0.96,0,0,1,0
2026-01-21T15:41:00+00:00,151.32,Services,In-store,Credit,JP,Terminal,85,64.72,1,10.91,0.74,1.98,1,1,0,0
2026-02-09T11:05:00+00:00,176.51,Retail,In-store,Credit,ID,Terminal,79,48.02,4,1826.96,57.14,3.35,1,1,0,0
2026-01-15T21:06:00+00:00,116.82,Dining,Online,Credit,GB,Mobile,51,18.5,5,1825.09,671.93,8.56,0,0,1,0
2026-02-17T22:04:00+00:00,7.72,Groceries,Online,Debit,GB,Mobile,237,41.36,1,74.07,1.74,0.2,0,0,1,0
2026-01-21T12:33:00+00:00,322.73,Dining,Contactless,Debit,GB,Terminal,152,95.32,3,760.52,36.43,3.65,1,1,0,0
2026-02-25T10:40:00+00:00,46.02,Retail,Online,Credit,SG,Mobile,362,52.68,2,4.69,4.01,0.87,0,0,1,0
2026-01-06T10:40:00+00:00,74.7,Dining,Contactless,Debit,GB,Terminal,152,48.77,1,6.89,1.72,1.23,1,1,0,0
2026-01-22T13:00:00+00:00,51.38,Retail,Contactless,Credit,US,Terminal,90,32.95,2,6.52,2.86,1.79,1,1,0,0
2026-01-19T21:17:00+00:00,25.45,Groceries,Online,Debit,SG,Desktop,129,40.59,1,4.72,0.99,0.47,0,0,1,0
2026-02-04T10:11:00+00:00,199.4,Electronics,Contactless,Credit,SG,Terminal,115,150.78,1,11.26,1.04,1.39,1,0,0,0
2026-01-31T11:50:00+00:00,51.42,Groceries,Online,Credit,AU,Mobile,81,28.76,1,11.85,1.12,1.97,0,0,1,0
2026-01-04T14:08:00+00:00,425.33,Entertainment,ATM,Credit,DE,Terminal,142,96.4,1,2.03,5.47,3.95,1,1,0,0
2026-01-31T14:47:00+00:00,100.37,Retail,Contactless,Debit,GB,Terminal,72,62.21,2,24.46,1.96,1.43,1,1,0,0
2026-02-01T16:14:00+00:00,53.45,Travel,Online,Credit,JP,Mobile,355,70.75,1,0.98,0.86,0.69,0,0,1,0
2026-02-04T17:52:00+00:00,14.23,Retail,In-store,Debit,SG,Terminal,40,37.49,1,5.79,2.89,0.42,1,1,0,0
2026-02-02T18:19:00+00:00,147.04,Retail,In-store,Credit,JP,Terminal,311,48.01,1,26.16,2.66,2.87,1,1,0,0
2026-02-13T04:20:00+00:00,391.14,Electronics,Online,Credit,SG,Mobile,31,60.12,4,869.68,195.12,7.44,0,0,1,1
2026-02-13T06:32:00+00:00,35.31,Retail,ATM,Credit,ID,Terminal,17,43.02,2,4.99,1.52,0.91,1,1,0,0
2026-01-07T16:55:00+00:00,25.0,Groceries,Online,Credit,US,Mobile,38,74.85,2,64.44,2.28,0.34,0,0,1,0
2026-02-08T15:26:00+00:00,37.84,Services,In-store,Credit,SG,Terminal,128,81.23,1,4.55,3.75,0.52,1,1,0,0
2026-02-21T10:29:00+00:00,387.82,Retail,ATM,Credit,US,Terminal,99,247.71,2,0.82,0.9,1.37,1,1,0,0
2026-01-28T19:23:00+00:00,77.09,Services,Contactless,Credit,AU,Terminal,178,72.3,1,12.16,5.97,1.15,0,1,0,0
2026-01-22T17:18:00+00:00,4.67,Retail,In-store,Prepaid,US,Terminal,99,17.41,1,1.04,2.5,0.28,1,1,0,0
2026-02-01T12:59:00+00:00,156.61,Groceries,Contactless,Debit,GB,Terminal,201,128.5,1,2.96,0.82,1.37,0,1,0,0
2026-01-12T22:37:00+00:00,21.11,Dining,Contactless,Credit,DE,Terminal,135,52.85,2,14.66,0.81,0.35,1,1,0,0
2026-01-28T16:58:00+00:00,437.31,Retail,Online,Debit,JP,Desktop,211,223.13,1,4.45,2.23,2.14,0,0,1,0
2026-01-11T20:53:00+00:00,191.3,Travel,Online,Credit,GB,Mobile,246,156.98,2,13.99,1.42,1.05,0,0,1,0
2026-01-22T17:25:00+00:00,34.58,Entertainment,In-store,Credit,ID,Terminal,191,43.45,2,2.07,5.23,0.69,0,1,0,0
2026-02-18T17:53:00+00:00,155.27,Groceries,Contactless,Debit,ID,Terminal,109,96.47,2,19.0,1.85,1.71,1,1,0,0
2026-02-25T10:07:00+00:00,47.32,Dining,Online,Prepaid,US,Mobile,363,41.01,1,1.15,3.33,1.15,0,0,1,0
2026-01-29T12:14:00+00:00,119.3,Groceries,Online,Debit,JP,Mobile,128,60.45,2,31.52,1.05,2.1,0,0,1,0
2026-02-26T15:27:00+00:00,497.82,Travel,Contactless,Debit,DE,Terminal,80,93.63,5,264.31,107.45,4.95,1,0,0,0
2026-01-16T18:09:00+00:00,122.03,Dining,In-store,Debit,ID,Terminal,99,124.39,1,39.82,9.17,1.01,1,0,0,0
2026-01-16T20:00:00+00:00,79.1,Dining,Contactless,Credit,AU,Terminal,175,107.97,3,2.93,2.12,0.77,1,0,0,0
2026-02-25T07:26:00+00:00,69.25,Retail,Online,Credit,ID,Mobile,269,63.35,2,61.39,1.41,1.09,0,0,1,0
2026-02-07T17:03:00+00:00,652.8,Travel,In-store,Credit,JP,Terminal,214,303.15,4,2.58,1.04,2.65,1,0,0,0
2026-02-05T10:56:00+00:00,31.85,Dining,Contactless,Credit,AU,Terminal,214,47.6,1,1.03,2.41,0.68,1,1,0,0
2026-01-22T16:32:00+00:00,31.86,Groceries,ATM,Credit,US,Terminal,103,21.23,2,7.75,10.07,1.38,1,1,0,0
2026-02-08T11:57:00+00:00,13.1,Dining,Online,Debit,JP,Desktop,287,24.06,2,28.71,0.63,0.53,0,0,1,0
2026-02-26T15:38:00+00:00,45.62,Groceries,Contactless,Credit,GB,Terminal,134,157.29,1,17.63,2.34,0.26,1,1,0,0
2026-01-15T16:16:00+00:00,292.88,Groceries,Online,Debit,SG,Mobile,30,57.41,6,1602.42,19.81,5.36,0,0,1,1
2026-02-15T19:39:00+00:00,73.21,Retail,Contactless,Credit,US,Terminal,35,66.91,2,18.02,1.63,1.16,0,0,0,0
2026-01-24T16:04:00+00:00,31.62,Retail,In-store,Credit,AU,Terminal,205,42.41,2,3.0,3.2,0.86,1,1,0,1
2026-01-22T10:30:00+00:00,15.57,Retail,In-store,Prepaid,JP,Terminal,89,44.96,2,17.17,0.51,0.37,1,1,0,0
2026-01-19T15:42:00+00:00,52.07,Retail,In-store,Prepaid,GB,Terminal,62,36.18,2,8.18,1.58,1.11,0,0,0,0
2026-02-21T16:26:00+00:00,92.5,Travel,Online,Debit,GB,Desktop,54,81.96,2,3.38,3.29,1.09,0,0,1,0
2026-01-15T12:13:00+00:00,27.93,Retail,In-store,Credit,GB,Terminal,251,56.64,2,9.0,2.8,0.53,1,0,0,0
2026-01-26T10:55:00+00:00,28.02,Groceries,In-store,Credit,US,Terminal,151,80.06,2,6.95,3.45,0.4,1,0,0,0
2026-02-23T20:12:00+00:00,48.25,Travel,Online,Credit,JP,Mobile,192,75.24,2,35.08,0.93,0.79,0,0,1,0
2026-01-30T09:16:00+00:00,56.83,Travel,In-store,Debit,DE,Terminal,115,45.75,3,4.19,3.29,1.38,1,1,0,0
2026-01-08T08:44:00+00:00,30.84,Retail,Online,Debit,JP,Mobile,138,23.38,1,3.98,1.35,1.2,0,0,1,0
2026-02-28T15:15:00+00:00,11.17,Entertainment,In-store,Credit,US,Terminal,130,22.09,2,3.43,5.02,0.53,1,0,0,0
2026-01-06T11:12:00+00:00,382.85,Retail,Contactless,Credit,ID,Terminal,59,431.52,2,59.53,0.24,1.0,1,1,0,0
2026-02-23T14:08:00+00:00,226.01,Dining,Online,Debit,AU,Desktop,237,157.72,1,3.64,1.84,1.6,0,0,1,0
2026-01-23T10:47:00+00:00,70.0,Electronics,Contactless,Credit,AU,Terminal,73,144.19,2,30.77,2.72,0.45,1,1,0,0
2026-02-09T12:07:00+00:00,188.69,Groceries,In-store,Credit,SG,Terminal,91,38.92,3,143.38,423.87,4.9,1,1,0,0
2026-02-09T12:55:00+00:00,118.54,Services,Contactless,Debit,GB,Terminal,173,60.71,3,12.9,2.68,2.12,1,1,0,0
2026-01-17T14:08:00+00:00,14.29,Travel,Contactless,Debit,GB,Terminal,277,35.52,1,9.86,2.97,0.42,1,1,0,0
2026-01-19T06:09:00+00:00,64.74,Groceries,Contactless,Credit,US,Terminal,87,25.72,1,28.69,3.58,1.89,0,0,0,0
2026-01-09T13:57:00+00:00,121.48,Retail,In-store,Debit,JP,Terminal,228,41.15,1,24.46,8.61,2.52,1,0,0,0
2026-01-13T16:32:00+00:00,139.1,Electronics,Contactless,Debit,SG,Terminal,169,142.88,2,8.09,1.68,0.8,1,1,0,0
2026-01-04T16:43:00+00:00,61.93,Entertainment,ATM,Credit,SG,Terminal,115,104.22,3,4.09,0.6,0.75,0,0,0,0
2026-01-04T10:42:00+00:00,55.17,Dining,Contactless,Credit,DE,Terminal,126,32.12,3,44.14,0.5,1.75,1,1,0,0
2026-01-25T14:17:00+00:00,37.19,Groceries,Online,Credit,DE,Mobile,125,49.17,1,3.67,4.78,0.82,0,0,1,0
2026-02-19T12:32:00+00:00,22.62,Dining,In-store,Debit,US,Terminal,157,98.19,2,0.61,3.07,0.21,0,1,0,0
2026-01-24T03:28:00+00:00,41.49,Retail,Online,Credit,GB,Mobile,300,41.63,1,0.96,1.9,0.87,0,0,1,0
2026-02-14T13:54:00+00:00,81.93,Groceries,In-store,Debit,ID,Terminal,164,63.54,1,1.25,1.37,1.24,1,1,0,0
2026-01-20T16:50:00+00:00,102.17,Services,Contactless,Credit,ID,Terminal,110,78.35,3,14.23,2.95,1.46,1,1,0,0
2026-02-08T21:04:00+00:00,38.18,Retail,Online,Credit,SG,Mobile,97,77.8,2,84.43,3.03,0.53,0,0,1,0
2026-02-01T08:38:00+00:00,60.26,Travel,Contactless,Debit,ID,Terminal,148,71.18,2,0.78,3.97,0.78,1,1,0,0
2026-02-13T12:59:00+00:00,73.29,Retail,In-store,Credit,ID,Terminal,96,39.45,3,3.12,0.81,1.69,1,1,0,0
2026-02-10T21:27:00+00:00,38.21,Travel,Online,Credit,GB,Mobile,38,42.18,2,8.15,0.42,0.89,0,0,1,0
2026-02-20T19:33:00+00:00,53.63,Groceries,Online,Debit,US,Mobile,99,28.88,6,2440.74,44.1,1.83,0,0,1,1
2026-02-03T20:45:00+00:00,43.77,Groceries,In-store,Credit,AU,Terminal,122,21.87,1,3.11,0.64,1.99,1,1,0,0
2026-01-16T16:12:00+00:00,239.28,Dining,Online,Credit,JP,Mobile,118,56.0,2,853.96,27.03,4.13,0,0,1,0
2026-01-06T19:17:00+00:00,204.42,Electronics,Contactless,Debit,AU,Terminal,345,102.57,1,5.61,11.82,1.82,1,0,0,0
2026-02-17T17:37:00+00:00,10.38,Electronics,In-store,Debit,JP,Terminal,93,24.6,1,130.04,0.25,0.39,1,1,0,0
2026-01-13T06:58:00+00:00,61.9,Groceries,Online,Credit,SG,Mobile,180,72.06,2,8.66,3.93,0.86,0,0,1,0
2026-01-07T17:39:00+00:00,126.43,Dining,ATM,Credit,JP,Terminal,133,100.49,2,10.93,6.09,1.27,1,1,0,0
2026-01-26T08:46:00+00:00,15.81,Groceries,In-store,Credit,ID,Terminal,170,18.29,2,8.11,6.6,0.87,1,1,0,0
2026-02-25T17:00:00+00:00,20.27,Groceries,Contactless,Credit,SG,Terminal,88,50.61,2,4.68,3.25,0.44,1,1,0,0
2026-01-20T12:05:00+00:00,33.35,Travel,Online,Credit,ID,Mobile,252,175.92,1,21.01,9.21,0.21,0,0,1,0
2026-02-03T16:50:00+00:00,220.06,Groceries,Online,Credit,JP,Mobile,465,86.38,2,2.06,14.63,2.37,0,0,1,0
2026-01-28T06:46:00+00:00,17.55,Groceries,Contactless,Prepaid,AU,Terminal,69,17.89,2,0.82,1.82,1.08,1,1,0,0
2026-02-15T08:04:00+00:00,195.81,Retail,Online,Credit,AU,Mobile,228,92.57,2,6.26,3.85,1.9,0,0,1,0
2026-02-18T07:23:00+00:00,60.53,Dining,In-store,Prepaid,US,Terminal,146,37.11,2,18.12,8.81,1.64,1,1,0,0
2026-01-30T12:12:00+00:00,140.6,Electronics,Online,Credit,DE,Mobile,173,94.57,2,3.9,1.04,1.34,0,0,1,0
2026-01-27T09:36:00+00:00,31.66,Entertainment,Contactless,Credit,SG,Terminal,185,38.53,3,9.07,1.93,0.76,1,0,0,0
2026-01-25T00:35:00+00:00,81.35,Services,Contactless,Credit,DE,Terminal,55,58.3,1,1.93,1.32,1.25,1,1,0,0
2026-02-12T19:01:00+00:00,89.73,Electronics,Contactless,Credit,DE,Terminal,77,42.55,2,23.78,3.9,2.24,1,0,0,0
2026-02-12T17:46:00+00:00,316.3,Dining,Contactless,Credit,SG,Terminal,113,60.46,3,913.33,16.48,4.96,1,1,0,0
2026-01-16T14:10:00+00:00,137.86,Electronics,Online,Debit,GB,Mobile,316,41.73,2,7.55,10.35,3.0,0,0,1,0
2026-01-20T17:38:00+00:00,15.54,Groceries,In-store,Credit,GB,Terminal,108,52.18,2,8.9,4.19,0.36,0,0,0,0
2026-02-13T11:49:00+00:00,11.95,Dining,In-store,Debit,JP,Terminal,186,28.1,2,1.6,4.44,0.34,1,1,0,0
2026-02-05T16:37:00+00:00,189.83,Entertainment,Contactless,Credit,US,Terminal,139,83.01,2,1.68,0.23,1.7,1,1,0,0
2026-02-13T14:59:00+00:00,42.5,Dining,Online,Credit,JP,Mobile,140,67.62,4,6.46,0.87,0.56,0,0,1,0
2026-01-01T07:29:00+00:00,76.78,Dining,ATM,Credit,JP,Terminal,149,21.1,2,13.0,10.92,3.28,0,1,0,0
2026-02-23T16:16:00+00:00,1340.89,Dining,Online,Debit,DE,Mobile,75,115.05,7,829.49,92.07,10.8,0,0,1,0
2026-02-20T23:30:00+00:00,127.44,Electronics,In-store,Debit,DE,Terminal,120,53.81,5,4.96,0.44,2.47,1,0,0,0
2026-02-23T10:43:00+00:00,105.55,Retail,Online,Credit,JP,Desktop,100,67.03,3,16.78,3.07,1.6,0,0,1,0
2026-01-11T00:25:00+00:00,58.61,Groceries,In-store,Debit,US,Terminal,129,99.18,1,35.26,4.85,0.52,1,1,0,0
2026-02-03T17:05:00+00:00,21.72,Services,Online,Debit,AU,Mobile,83,74.69,2,6.7,4.18,0.33,0,0,1,0
2026-02-06T10:16:00+00:00,261.54,Services,Online,Debit,JP,Mobile,478,128.69,4,10.39,2.12,2.33,0,0,1,0
2026-01-18T12:31:00+00:00,17.25,Dining,Contactless,Credit,ID,Terminal,40,49.87,2,5.88,7.66,0.36,1,0,0,0
2026-02-21T00:21:00+00:00,317.45,Groceries,Online,Debit,AU,Mobile,41,118.2,2,6.43,1.22,2.47,0,0,1,0
2026-01-04T06:54:00+00:00,81.65,Entertainment,Contactless,Debit,DE,Terminal,181,65.36,3,8.9,4.22,1.4,1,1,0,0
2026-02-10T16:52:00+00:00,71.76,Entertainment,In-store,Debit,SG,Terminal,239,83.93,5,48.11,2.82,0.88,1,1,0,0
2026-02-04T22:38:00+00:00,93.93,Groceries,In-store,Debit,JP,Terminal,413,78.44,2,20.22,2.15,1.21,1,1,0,0
2026-01-29T15:22:00+00:00,745.02,Travel,Online,Credit,JP,Desktop,111,135.16,1,1105.11,75.26,6.29,0,0,1,0
2026-02-16T19:10:00+00:00,291.85,Services,In-store,Credit,ID,Terminal,134,96.44,1,270.67,77.98,4.16,1,1,0,0
2026-01-31T09:45:00+00:00,88.46,Groceries,In-store,Credit,AU,Terminal,190,45.24,2,2.75,2.54,2.23,1,0,0,0
2026-01-05T06:57:00+00:00,90.0,Retail,In-store,Credit,ID,Terminal,358,39.77,1,11.34,1.84,2.19,1,1,0,0
2026-01-27T11:36:00+00:00,63.27,Electronics,Online,Credit,US,Mobile,53,58.42,2,29.02,5.12,1.02,0,0,1,0
2026-02-26T09:00:00+00:00,24.98,Travel,In-store,Debit,SG,Terminal,153,36.82,1,49.19,1.44,0.64,0,1,0,0
2026-01-03T15:13:00+00:00,68.38,Electronics,ATM,Debit,AU,Terminal,210,30.45,2,0.5,11.8,2.07,1,1,0,0
2026-01-04T21:33:00+00:00,3.67,Travel,Online,Debit,DE,Mobile,106,15.13,2,108.97,1.38,0.26,0,0,1,0
2026-02-16T10:09:00+00:00,24.02,Groceries,Online,Credit,US,Mobile,181,22.04,3,11.69,6.17,1.22,0,0,1,0
2026-01-07T20:34:00+00:00,336.23,Services,In-store,Debit,US,Terminal,87,219.32,1,20.08,6.44,1.46,1,1,0,0
2026-02-27T14:07:00+00:00,21.16,Dining,Online,Debit,AU,Desktop,315,39.38,2,1.09,2.9,0.55,0,0,1,0
2026-02-02T07:26:00+00:00,395.01,Dining,In-store,Debit,US,Terminal,39,207.94,2,5.69,2.66,1.69,1,1,0,0
2026-02-13T14:29:00+00:00,74.83,Dining,Online,Debit,GB,Mobile,111,78.42,1,18.27,1.19,0.91,0,0,1,0
2026-02-11T13:38:00+00:00,45.43,Electronics,In-store,Credit,GB,Terminal,199,58.42,1,2.03,1.47,0.66,1,1,0,0
2026-02-23T17:12:00+00:00,35.92,Dining,In-store,Credit,ID,Terminal,109,22.75,1,0.31,3.06,1.68,1,1,0,0
2026-03-01T17:35:00+00:00,32.74,Retail,In-store,Debit,GB,Terminal,244,60.52,1,10.69,2.35,0.47,1,1,0,0
2026-02-22T16:15:00+00:00,425.53,Groceries,Online,Debit,AU,Mobile,141,206.42,1,7.0,8.03,1.58,0,0,1,0
2026-02-10T16:25:00+00:00,45.17,Dining,Contactless,Debit,DE,Terminal,165,166.08,3,36.07,1.56,0.27,0,1,0,0
2026-01-22T15:50:00+00:00,432.81,Retail,Contactless,Credit,US,Terminal,199,72.11,2,373.94,74.14,5.62,1,1,0,0
2026-01-20T10:03:00+00:00,122.68,Entertainment,Contactless,Debit,AU,Terminal,129,28.6,2,405.29,20.81,4.84,1,1,0,0
2026-01-22T20:29:00+00:00,24.03,Electronics,ATM,Credit,JP,Terminal,42,32.39,3,15.92,4.68,0.66,0,1,0,0
2026-02-28T12:56:00+00:00,47.19,Electronics,In-store,Credit,GB,Terminal,152,34.67,8,23.03,4.28,1.18,1,1,0,1
2026-01-28T15:19:00+00:00,114.11,Groceries,Online,Credit,US,Desktop,349,138.49,2,3.39,6.53,0.88,0,0,1,0
2026-01-03T17:25:00+00:00,333.86,Groceries,Online,Debit,JP,Mobile,222,174.27,3,20.88,6.91,1.78,0,0,1,0
2026-01-06T13:11:00+00:00,473.94,Electronics,Online,Debit,US,Mobile,34,68.53,4,251.16,242.0,6.67,0,0,1,1
2026-02-03T13:09:00+00:00,63.72,Groceries,Online,Credit,SG,Mobile,183,49.55,2,7.52,5.65,1.22,0,0,1,0
2026-01-03T02:26:00+00:00,202.99,Dining,Contactless,Credit,US,Terminal,40,165.12,1,15.45,4.53,1.11,1,1,0,0
2026-02-10T10:34:00+00:00,23.54,Groceries,Online,Credit,US,Mobile,44,31.94,1,18.72,5.28,0.69,0,0,1,0
2026-01-01T15:15:00+00:00,46.92,Services,Contactless,Debit,AU,Terminal,725,62.41,1,10.49,0.39,0.77,1,1,0,0
2026-02-10T20:33:00+00:00,97.82,Travel,Online,Credit,GB,Mobile,56,81.53,3,2.25,0.82,1.08,0,0,1,0
2026-02-01T11:02:00+00:00,32.99,Services,Contactless,Credit,DE,Terminal,108,34.44,1,0.94,0.7,0.83,1,1,0,0
2026-02-10T18:31:00+00:00,68.29,Services,In-store,Credit,SG,Terminal,148,39.91,3,6.01,8.76,1.84,1,0,0,0
2026-02-02T14:52:00+00:00,37.11,Retail,In-store,Credit,DE,Terminal,170,37.94,1,21.51,1.12,0.98,1,0,0,0
2026-01-24T17:42:00+00:00,140.34,Travel,ATM,Credit,DE,Terminal,134,151.54,2,12.12,1.32,1.17,1,1,0,0
2026-01-05T18:34:00+00:00,87.4,Groceries,In-store,Credit,AU,Terminal,103,209.42,2,9.64,2.48,0.39,1,1,0,0
2026-02-05T15:57:00+00:00,126.27,Dining,In-store,Credit,DE,Terminal,125,65.01,1,7.33,0.71,1.66,1,0,0,0
2026-01-11T12:49:00+00:00,31.56,Groceries,Contactless,Credit,DE,Terminal,297,50.69,3,10.38,3.6,0.64,0,1,0,0
2026-02-23T15:03:00+00:00,102.62,Retail,In-store,Debit,AU,Terminal,209,40.86,4,149.38,13.06,2.47,1,1,0,0
2026-02-14T16:44:00+00:00,150.38,Travel,In-store,Credit,JP,Terminal,216,60.41,1,17.43,0.76,2.56,0,1,0,0
2026-02-26T19:43:00+00:00,291.48,Dining,In-store,Debit,US,Terminal,34,42.2,5,1131.09,134.13,7.26,1,0,0,0
2026-02-01T14:00:00+00:00,98.78,Retail,In-store,Credit,US,Terminal,194,56.65,1,5.0,0.71,1.69,1,1,0,0
2026-02-25T19:24:00+00:00,445.16,Travel,Online,Debit,US,Desktop,146,78.93,2,721.05,403.07,6.25,0,0,1,0
2026-02-16T12:39:00+00:00,39.18,Retail,Online,Credit,GB,Mobile,86,46.37,2,1.12,2.58,0.87,0,0,1,0
2026-02-19T17:39:00+00:00,36.81,Entertainment,Online,Debit,US,Mobile,487,53.34,2,9.01,7.63,0.78,0,0,1,0
2026-01-13T15:08:00+00:00,86.41,Retail,ATM,Debit,AU,Terminal,48,53.49,1,6.38,3.52,1.5,1,1,0,0
2026-02-16T06:14:00+00:00,94.33,Groceries,Contactless,Credit,DE,Terminal,131,49.09,2,29.52,2.43,1.86,1,0,0,0
2026-02-04T14:04:00+00:00,193.39,Groceries,In-store,Debit,JP,Terminal,307,45.29,2,358.34,40.59,4.52,0,1,0,0
2026-02-17T17:30:00+00:00,332.03,Entertainment,In-store,Credit,ID,Terminal,149,99.03,1,19.21,6.23,3.34,1,1,0,0
2026-01-15T16:01:00+00:00,77.32,Electronics,Online,Credit,SG,Desktop,34,19.09,5,289.95,170.93,4.17,0,0,1,0
2026-01-16T14:37:00+00:00,75.77,Groceries,In-store,Credit,DE,Terminal,368,167.89,1,0.6,19.78,0.39,1,1,0,0
2026-02-27T18:50:00+00:00,100.83,Groceries,Online,Credit,ID,Mobile,40,65.9,4,347.9,251.74,1.62,0,0,1,0
2026-01-25T20:46:00+00:00,31.58,Dining,In-store,Debit,AU,Terminal,58,89.7,1,9.17,1.65,0.32,1,1,0,0
2026-02-25T08:34:00+00:00,63.0,Services,In-store,Credit,AU,Terminal,264,96.67,1,8.72,3.29,0.71,1,1,0,0
2026-01-14T10:40:00+00:00,33.84,Groceries,Contactless,Credit,GB,Terminal,68,38.08,1,8.87,3.75,0.8,1,1,0,0
2026-01-20T23:46:00+00:00,53.72,Electronics,In-store,Credit,GB,Terminal,112,33.3,2,4.23,7.87,1.41,1,0,0,0
2026-01-25T10:46:00+00:00,32.21,Travel,In-store,Debit,AU,Terminal,67,30.85,1,5.18,9.22,0.91,1,1,0,0
2026-01-10T18:38:00+00:00,96.89,Travel,Contactless,Prepaid,DE,Terminal,141,51.39,2,2.14,2.09,1.56,1,1,0,0
2026-01-26T14:58:00+00:00,93.72,Retail,Online,Credit,DE,Mobile,310,95.06,1,0.82,0.73,0.95,0,0,1,0
2026-01-09T12:08:00+00:00,45.14,Retail,In-store,Credit,AU,Terminal,44,41.29,2,6.57,0.39,0.93,1,1,0,0
2026-01-09T17:28:00+00:00,71.4,Groceries,In-store,Credit,AU,Terminal,159,89.58,3,3.26,0.79,0.65,0,1,0,0
2026-01-11T17:36:00+00:00,24.95,Dining,Contactless,Debit,ID,Terminal,40,12.95,2,24.24,1.36,2.23,1,0,0,0
2026-01-22T10:50:00+00:00,15.51,Dining,Online,Debit,SG,Mobile,583,46.96,2,0.67,11.07,0.36,0,0,1,0
2026-02-07T01:06:00+00:00,118.04,Groceries,Online,Credit,AU,Desktop,70,128.85,2,10.18,11.24,1.11,0,0,1,0
2026-01-23T17:18:00+00:00,51.12,Groceries,ATM,Debit,US,Terminal,199,53.99,3,76.22,6.42,0.82,1,1,0,0
2026-01-11T16:03:00+00:00,43.36,Entertainment,In-store,Credit,SG,Terminal,164,35.2,1,6.04,8.42,1.5,1,1,0,0
2026-02-27T08:18:00+00:00,28.47,Retail,In-store,Credit,DE,Terminal,147,39.37,2,7.37,1.21,0.91,1,1,0,0
2026-01-12T03:20:00+00:00,6.78,Retail,Online,Credit,JP,Mobile,98,8.43,1,11.81,0.54,0.93,0,0,1,0
2026-02-08T16:19:00+00:00,19.51,Retail,In-store,Prepaid,GB,Terminal,51,31.26,2,12.87,0.9,0.78,1,1,0,0
2026-01-25T10:05:00+00:00,272.16,Groceries,In-store,Credit,GB,Terminal,125,119.97,9,4.71,0.32,2.19,0,0,0,1
2026-01-04T17:35:00+00:00,169.32,Dining,In-store,Credit,AU,Terminal,69,41.32,2,147.06,36.09,4.72,0,1,0,0
2026-02-17T19:42:00+00:00,572.2,Travel,Online,Debit,SG,Desktop,123,44.61,3,914.15,66.29,15.98,0,0,1,0
2026-01-07T16:12:00+00:00,14.41,Dining,Contactless,Credit,GB,Terminal,105,13.25,1,0.91,2.91,1.09,1,0,0,0
2026-01-09T15:36:00+00:00,19.6,Dining,ATM,Debit,SG,Terminal,267,20.9,1,18.46,2.82,0.94,1,1,0,0
2026-01-03T14:22:00+00:00,86.52,Retail,Online,Debit,GB,Mobile,659,130.78,1,4.8,1.23,0.84,0,0,1,0
2026-01-10T14:40:00+00:00,107.59,Groceries,Online,Credit,ID,Mobile,83,90.13,3,7.41,4.34,1.31,0,0,1,0
2026-01-19T22:27:00+00:00,16.48,Travel,Contactless,Credit,JP,Terminal,148,25.96,2,4.14,1.26,0.64,1,1,0,0
2026-01-05T04:54:00+00:00,38.63,Groceries,ATM,Credit,DE,Terminal,285,40.05,3,35.66,2.48,1.01,1,1,0,0
2026-01-11T14:44:00+00:00,52.63,Groceries,Online,Debit,JP,Mobile,340,59.21,1,9.72,0.81,0.93,0,0,1,0
2026-01-04T10:21:00+00:00,36.51,Groceries,Contactless,Credit,JP,Terminal,120,27.73,3,5.19,7.31,1.13,1,0,0,0
2026-01-14T17:29:00+00:00,24.86,Groceries,In-store,Credit,SG,Terminal,123,16.4,2,5.03,2.51,1.15,1,1,0,0
2026-01-10T17:33:00+00:00,61.87,Retail,In-store,Debit,GB,Terminal,329,54.41,2,6.28,4.85,1.18,1,1,0,0
2026-01-17T10:07:00+00:00,368.41,Entertainment,Online,Debit,SG,Mobile,36,87.55,2,6226.9,32.58,5.0,0,0,1,0
2026-02-17T17:22:00+00:00,209.97,Retail,Contactless,Credit,US,Terminal,254,88.65,2,1.74,2.93,2.44,1,1,0,0
2026-01-08T16:16:00+00:00,131.13,Entertainment,In-store,Credit,SG,Terminal,76,106.58,3,24.32,4.36,1.2,1,1,0,0
2026-03-01T19:08:00+00:00,517.48,Retail,Online,Credit,DE,Desktop,49,21.98,9,832.9,14.24,23.71,0,0,1,1
2026-01-31T18:14:00+00:00,64.58,Groceries,Online,Credit,JP,Mobile,140,62.65,1,40.2,7.91,0.95,0,0,1,0
2026-01-13T17:50:00+00:00,113.02,Dining,In-store,Credit,JP,Terminal,87,50.68,2,14.76,0.71,1.67,1,1,0,0
2026-01-10T08:48:00+00:00,26.85,Retail,Online,Credit,US,Mobile,166,57.01,2,7.42,3.04,0.59,0,0,1,0
2026-01-11T23:34:00+00:00,108.3,Services,Online,Credit,JP,Mobile,104,52.58,1,22.69,14.7,2.2,0,0,1,0
2026-02-15T18:37:00+00:00,28.63,Dining,In-store,Credit,SG,Terminal,272,39.28,1,9.51,6.39,0.6,1,1,0,0
2026-01-10T19:37:00+00:00,9.71,Electronics,In-store,Debit,JP,Terminal,78,8.49,1,16.95,0.55,1.22,1,0,0,0
2026-02-03T17:41:00+00:00,569.0,Groceries,Online,Credit,JP,Mobile,64,128.4,2,2145.31,92.02,4.0,0,0,1,0
2026-01-03T19:15:00+00:00,99.16,Retail,Contactless,Credit,AU,Terminal,145,74.78,2,8.18,8.44,1.22,0,1,0,0
2026-01-27T15:33:00+00:00,21.55,Electronics,In-store,Credit,SG,Terminal,127,22.99,3,4.63,1.09,0.8,1,0,0,0
2026-02-20T01:49:00+00:00,59.56,Retail,In-store,Debit,US,Terminal,386,82.07,2,3.64,1.72,0.57,0,1,0,0
2026-02-18T13:02:00+00:00,36.75,Groceries,ATM,Credit,GB,Terminal,131,45.12,1,12.13,1.67,0.78,1,0,0,0
2026-01-31T10:30:00+00:00,87.93,Electronics,Online,Credit,SG,Mobile,134,45.96,1,2.81,4.35,2.4,0,0,1,0
2026-01-16T11:06:00+00:00,41.23,Retail,Contactless,Credit,JP,Terminal,57,36.62,1,5.03,0.53,1.23,1,1,0,0
2026-01-20T10:04:00+00:00,47.19,Travel,In-store,Credit,SG,Terminal,153,85.54,3,2.55,4.6,0.42,1,1,0,0
2026-01-20T15:37:00+00:00,54.35,Services,Contactless,Credit,SG,Terminal,60,35.88,3,12.93,1.32,1.82,0,1,0,0
2026-01-13T18:19:00+00:00,16.76,Dining,Online,Credit,DE,Mobile,117,29.58,3,3.23,2.43,0.53,0,0,1,0
2026-02-09T19:30:00+00:00,132.9,Groceries,Contactless,Debit,DE,Terminal,70,125.92,2,1.79,1.96,1.46,1,1,0,0
2026-01-11T19:27:00+00:00,58.62,Services,Online,Debit,AU,Mobile,192,53.72,1,2.18,4.48,1.3,0,0,1,0
2026-02-27T02:33:00+00:00,83.23,Entertainment,Contactless,Debit,SG,Terminal,124,54.82,4,3.94,2.41,1.35,1,0,0,0
2026-01-07T17:20:00+00:00,276.93,Dining,Online,Credit,JP,Mobile,300,94.64,1,4.36,10.39,2.91,0,0,1,0
2026-02-07T21:31:00+00:00,20.56,Electronics,Contactless,Credit,JP,Terminal,66,39.1,1,9.74,6.62,0.55,1,1,0,0
2026-02-09T17:06:00+00:00,53.98,Electronics,Online,Credit,JP,Mobile,137,44.51,3,6.19,1.11,1.35,0,0,1,0
2026-02-09T08:14:00+00:00,114.45,Groceries,In-store,Credit,GB,Terminal,146,73.61,2,11.1,9.63,2.02,1,1,0,0
2026-02-09T21:19:00+00:00,15.02,Groceries,In-store,Credit,US,Terminal,120,22.16,1,12.13,3.39,0.62,1,1,0,0
2026-01-27T14:31:00+00:00,39.04,Retail,Contactless,Credit,AU,Terminal,285,69.67,2,16.69,2.92,0.58,1,1,0,0
2026-01-08T15:00:00+00:00,23.4,Retail,In-store,Credit,US,Terminal,126,36.92,2,0.91,5.74,0.77,1,1,0,0
2026-02-07T11:53:00+00:00,119.26,Retail,ATM,Debit,SG,Terminal,64,105.22,3,2.14,0.87,1.13,1,1,0,0
2026-01-13T19:12:00+00:00,35.74,Retail,In-store,Credit,US,Terminal,176,86.08,3,13.6,0.62,0.39,1,1,0,0
2026-01-13T19:50:00+00:00,100.01,Retail,In-store,Credit,JP,Terminal,466,79.0,3,9.32,2.52,1.3,1,1,0,0
2026-02-19T18:38:00+00:00,8.31,Retail,Contactless,Credit,ID,Terminal,82,21.23,1,21.64,1.34,0.39,1,0,0,0
2026-01-09T09:18:00+00:00,595.63,Dining,In-store,Credit,JP,Terminal,126,56.42,2,81.58,874.56,10.51,1,0,0,0
2026-02-02T08:32:00+00:00,32.51,Groceries,In-store,Prepaid,AU,Terminal,153,28.07,1,4.38,1.15,1.27,1,0,0,0
2026-01-22T22:16:00+00:00,179.33,Services,Contactless,Credit,US,Terminal,256,58.91,1,5.33,2.56,3.02,1,1,0,0
2026-01-11T19:22:00+00:00,20.6,Travel,Online,Debit,SG,Desktop,225,13.4,1,8.87,2.98,1.4,0,0,1,0
2026-02-27T19:48:00+00:00,19.38,Services,ATM,Debit,US,Terminal,145,22.16,2,7.69,8.43,0.76,0,1,0,0
2026-02-09T17:57:00+00:00,81.49,Retail,In-store,Debit,DE,Terminal,99,130.7,2,12.38,0.91,0.56,1,1,0,0
2026-01-29T07:28:00+00:00,75.21,Groceries,Online,Debit,AU,Mobile,95,76.7,2,6.51,0.49,1.07,0,0,1,0
2026-02-20T14:02:00+00:00,47.18,Electronics,ATM,Credit,AU,Terminal,186,47.94,1,33.43,9.92,0.91,1,1,0,0
2026-01-21T08:26:00+00:00,68.39,Dining,Online,Debit,DE,Desktop,80,33.43,4,47.48,2.67,1.93,0,0,1,0
2026-01-20T12:38:00+00:00,14.11,Groceries,Contactless,Credit,GB,Terminal,50,29.82,1,2.16,5.53,0.52,1,0,0,0
2026-01-03T09:30:00+00:00,209.08,Electronics,In-store,Debit,DE,Terminal,113,68.72,1,7.76,5.79,3.23,1,1,0,0
2026-02-15T13:37:00+00:00,107.27,Dining,In-store,Debit,JP,Terminal,92,48.26,2,17.78,6.89,2.03,1,1,0,0
2026-02-28T16:08:00+00:00,160.47,Entertainment,Online,Credit,DE,Mobile,102,164.9,3,14.07,1.69,0.81,0,0,1,0
2026-02-20T19:31:00+00:00,118.99,Dining,ATM,Credit,GB,Terminal,194,53.51,3,4.72,1.29,2.81,1,0,0,0
2026-01-02T07:24:00+00:00,224.94,Dining,In-store,Debit,AU,Terminal,142,62.69,2,590.14,14.94,2.9,1,1,0,0
2026-01-21T20:15:00+00:00,29.85,Groceries,In-store,Credit,ID,Terminal,113,24.47,1,1.29,0.91,1.05,1,1,0,0
2026-02-27T09:57:00+00:00,20.49,Retail,In-store,Debit,JP,Terminal,58,47.73,2,7.24,2.62,0.42,1,0,0,0
2026-02-25T21:30:00+00:00,190.3,Retail,ATM,Debit,AU,Terminal,100,67.7,2,1.48,1.22,2.9,1,1,0,0
2026-01-13T13:21:00+00:00,16.56,Groceries,In-store,Credit,US,Terminal,43,47.36,1,12.92,0.79,0.33,1,1,0,0
2026-01-25T05:28:00+00:00,15.3,Entertainment,Contactless,Credit,AU,Terminal,77,44.01,2,2.17,2.59,0.38,1,0,0,0
2026-02-03T18:38:00+00:00,45.42,Groceries,Online,Debit,AU,Desktop,76,74.63,4,8.84,9.42,0.62,0,0,1,0
2026-01-07T04:08:00+00:00,279.42,Electronics,Online,Debit,GB,Mobile,134,161.52,2,10.5,2.33,2.1,0,0,1,0
2026-01-24T15:58:00+00:00,88.22,Services,Online,Debit,US,Mobile,139,66.3,2,8.03,0.79,1.67,0,0,1,0
2026-02-15T18:14:00+00:00,171.16,Groceries,Contactless,Credit,US,Terminal,112,126.94,1,3.69,8.78,1.0,1,1,0,0
2026-02-15T13:06:00+00:00,158.22,Groceries,In-store,Credit,ID,Terminal,60,90.38,2,5.86,1.13,1.74,1,1,0,0
2026-01-11T16:26:00+00:00,107.74,Entertainment,ATM,Credit,SG,Terminal,40,122.1,1,27.09,10.8,0.86,1,1,0,0
2026-02-01T15:57:00+00:00,48.5,Dining,In-store,Credit,JP,Terminal,344,40.6,3,4.63,1.89,1.2,1,1,0,0
2026-01-13T06:22:00+00:00,121.75,Electronics,Online,Credit,SG,Mobile,74,52.75,3,7.57,2.73,2.57,0,0,1,0
2026-02-14T16:34:00+00:00,40.26,Travel,Online,Debit,SG,Mobile,109,52.89,1,4.0,11.72,0.79,0,0,1,0
2026-02-09T21:07:00+00:00,49.99,Groceries,ATM,Debit,JP,Terminal,95,86.06,2,22.7,0.64,0.57,0,1,0,0
2026-02-11T11:29:00+00:00,121.65,Travel,ATM,Debit,US,Terminal,245,100.99,3,8.05,0.86,1.24,1,1,0,0
2026-01-31T08:14:00+00:00,86.7,Retail,Contactless,Credit,US,Terminal,164,65.45,2,3.19,1.77,1.46,1,1,0,0
2026-01-23T10:00:00+00:00,112.24,Dining,Online,Credit,US,Mobile,81,106.68,2,7.45,2.14,0.99,0,0,1,0
2026-01-05T15:35:00+00:00,73.73,Retail,Online,Credit,JP,Mobile,192,41.84,2,5.67,34.54,1.72,0,0,1,0
2026-02-15T23:31:00+00:00,92.0,Dining,ATM,Credit,ID,Terminal,52,107.29,1,34.19,1.01,0.81,1,0,0,0
2026-02-18T18:42:00+00:00,127.87,Electronics,Contactless,Credit,ID,Terminal,125,116.78,2,7.03,0.67,1.0,1,0,0,0
2026-01-26T18:59:00+00:00,106.74,Retail,ATM,Debit,DE,Terminal,16,93.73,1,1.61,0.96,1.16,1,1,0,0
2026-01-02T12:45:00+00:00,71.05,Groceries,Online,Credit,ID,Mobile,167,65.84,3,12.79,3.1,1.1,0,0,1,0
2026-02-03T15:51:00+00:00,291.96,Dining,Online,Credit,JP,Mobile,99,95.93,1,52.7,4.02,2.51,0,0,1,0
2026-01-12T12:32:00+00:00,34.65,Retail,Online,Debit,SG,Desktop,114,33.75,2,27.57,1.21,1.16,0,0,1,0
2026-02-25T05:56:00+00:00,41.14,Retail,ATM,Credit,SG,Terminal,312,68.64,1,2.2,2.51,0.76,1,0,0,0
2026-02-07T13:03:00+00:00,100.98,Retail,In-store,Credit,JP,Terminal,79,73.36,1,5.5,17.21,1.28,1,1,0,0
2026-03-01T14:47:00+00:00,40.43,Groceries,In-store,Prepaid,SG,Terminal,81,25.43,2,7.14,2.55,1.73,1,0,0,0
2026-02-16T19:13:00+00:00,106.53,Groceries,Contactless,Debit,ID,Terminal,47,82.14,2,7.24,3.39,1.49,1,1,0,0
2026-02-22T17:58:00+00:00,43.34,Groceries,Online,Credit,DE,Mobile,138,26.8,2,11.24,16.26,1.44,0,0,1,0
2026-01-28T13:43:00+00:00,16.35,Electronics,Online,Debit,US,Desktop,127,45.69,1,5.06,1.22,0.36,0,0,1,0
2026-02-26T13:11:00+00:00,10.34,Groceries,Online,Credit,ID,Mobile,223,61.92,2,2.7,1.15,0.2,0,0,1,0
2026-01-28T18:17:00+00:00,98.22,Retail,Online,Debit,SG,Desktop,130,37.53,3,21.05,1.54,2.04,0,0,1,0
2026-01-24T11:04:00+00:00,62.57,Groceries,ATM,Debit,GB,Terminal,169,63.67,3,2.15,1.45,1.21,1,1,0,0
2026-02-26T12:40:00+00:00,56.75,Groceries,Online,Credit,DE,Mobile,193,63.01,1,3.06,0.4,0.91,0,0,1,0
2026-01-22T20:12:00+00:00,39.32,Dining,Online,Debit,DE,Desktop,172,35.41,2,2.13,2.82,1.42,0,0,1,0
2026-01-19T17:38:00+00:00,275.7,Travel,ATM,Credit,JP,Terminal,122,87.29,2,14.49,3.06,3.05,1,1,0,0
2026-02-01T21:03:00+00:00,74.91,Retail,In-store,Debit,JP,Terminal,195,36.72,2,8.31,2.04,2.22,0,0,0,0
2026-02-02T19:30:00+00:00,2540.88,Dining,Online,Credit,DE,Mobile,210,266.98,1,1178.33,140.82,8.56,0,0,1,0
2026-02-02T17:13:00+00:00,29.87,Groceries,Online,Credit,ID,Desktop,270,56.2,3,3.12,3.18,0.53,0,0,1,0
2026-02-08T10:18:00+00:00,19.4,Electronics,Online,Credit,SG,Mobile,662,28.18,2,1.86,0.66,0.58,0,0,1,0
2026-01-28T14:25:00+00:00,6.33,Groceries,Online,Debit,JP,Mobile,66,31.82,1,4.53,3.28,0.21,0,0,1,0
2026-02-25T12:04:00+00:00,141.19,Entertainment,In-store,Credit,JP,Terminal,192,127.22,3,6.05,4.3,1.37,1,1,0,0
2026-02-23T12:22:00+00:00,87.56,Groceries,In-store,Credit,ID,Terminal,132,46.25,3,9.3,0.5,1.84,1,1,0,0
2026-02-15T17:43:00+00:00,46.46,Groceries,Online,Debit,GB,Mobile,154,24.87,2,1.16,10.62,1.93,0,0,1,0
2026-01-22T12:20:00+00:00,116.42,Retail,In-store,Prepaid,SG,Terminal,228,105.1,3,12.51,0.71,1.4,1,1,0,0
2026-01-08T08:14:00+00:00,33.69,Retail,Online,Prepaid,US,Desktop,156,46.06,1,2.76,0.79,0.84,0,0,1,0
2026-01-01T12:29:00+00:00,278.4,Travel,Online,Debit,ID,Desktop,21,92.27,9,218.73,134.55,3.32,0,0,1,1
2026-02-15T11:16:00+00:00,383.21,Dining,Online,Credit,AU,Mobile,31,110.84,5,1621.46,187.67,2.82,0,0,1,1
2026-01-10T14:53:00+00:00,65.96,Dining,Online,Credit,DE,Desktop,200,72.13,3,0.67,5.35,0.83,0,0,1,0
2026-02-07T01:07:00+00:00,703.37,Retail,In-store,Credit,SG,Terminal,78,286.39,2,635.72,192.67,2.57,1,1,0,0
2026-01-27T09:29:00+00:00,292.6,Retail,Online,Credit,DE,Desktop,20,19.67,8,633.08,65.39,13.99,0,0,1,1
2026-02-16T09:43:00+00:00,11.2,Groceries,Online,Credit,JP,Mobile,108,35.46,4,3.0,2.74,0.41,0,0,1,0
2026-02-21T07:23:00+00:00,38.78,Services,In-store,Credit,SG,Terminal,48,51.09,4,4.52,1.79,0.82,1,1,0,0
2026-01-06T11:57:00+00:00,76.82,Groceries,In-store,Debit,GB,Terminal,78,262.37,1,28.31,2.93,0.28,1,1,0,0
2026-01-29T17:59:00+00:00,220.1,Entertainment,In-store,Prepaid,JP,Terminal,521,194.16,1,64.02,2.63,1.11,1,1,0,0
2026-02-25T21:28:00+00:00,119.83,Services,Online,Credit,DE,Mobile,30,139.44,5,23.84,1.48,0.92,0,0,1,1
2026-01-23T09:42:00+00:00,135.32,Retail,Online,Debit,US,Mobile,175,36.01,2,3549.13,77.69,3.78,0,0,1,0
2026-02-17T09:21:00+00:00,21.02,Services,In-store,Debit,US,Terminal,75,38.85,1,3.45,0.39,0.52,1,1,0,0
2026-02-14T18:57:00+00:00,32.52,Travel,Online,Debit,SG,Desktop,208,35.21,1,1.3,5.64,0.92,0,0,1,0
2026-02-20T10:30:00+00:00,26.71,Retail,ATM,Credit,SG,Terminal,111,36.26,2,6.97,3.31,0.66,1,1,0,0
2026-01-05T15:36:00+00:00,140.73,Travel,In-store,Debit,GB,Terminal,233,159.22,1,17.91,0.24,0.85,1,1,0,0
2026-02-22T08:23:00+00:00,170.99,Dining,In-store,Credit,GB,Terminal,107,51.5,1,0.96,5.44,3.11,1,1,0,0
2026-01-01T18:25:00+00:00,72.03,Retail,Contactless,Debit,ID,Terminal,96,56.12,2,2.67,2.33,1.03,1,1,0,0
2026-01-06T10:18:00+00:00,142.78,Retail,Online,Credit,DE,Mobile,120,99.82,2,3.01,0.96,1.28,0,0,1,0
2026-01-11T13:15:00+00:00,17.76,Travel,In-store,Prepaid,US,Terminal,134,20.46,1,10.94,0.88,0.69,1,1,0,0
2026-02-17T11:58:00+00:00,32.48,Groceries,In-store,Credit,DE,Terminal,157,62.44,2,9.49,1.24,0.57,1,0,0,0
2026-01-09T16:20:00+00:00,21.88,Services,In-store,Credit,US,Terminal,82,29.58,1,3.15,0.97,0.91,1,1,0,0
2026-02-12T10:56:00+00:00,213.33,Electronics,Contactless,Debit,ID,Terminal,71,49.83,3,9.01,1.11,4.36,1,0,0,0
2026-01-18T00:00:00+00:00,30.92,Dining,In-store,Prepaid,ID,Terminal,49,41.22,2,2.1,13.47,0.77,1,1,0,0
2026-02-10T14:37:00+00:00,55.65,Dining,In-store,Credit,US,Terminal,89,39.86,1,4.62,3.56,1.15,0,0,0,0
2026-02-11T22:48:00+00:00,33.32,Entertainment,In-store,Credit,US,Terminal,41,69.87,1,1.84,18.84,0.55,1,0,0,0
2026-01-23T18:01:00+00:00,11.53,Groceries,Contactless,Debit,SG,Terminal,54,69.67,1,6.26,3.08,0.17,1,1,0,0
2026-02-27T23:03:00+00:00,31.19,Electronics,In-store,Debit,ID,Terminal,113,52.31,1,3.06,4.39,0.57,1,1,0,0
2026-01-16T13:22:00+00:00,314.19,Groceries,In-store,Credit,DE,Terminal,202,76.78,5,15.79,1.02,4.04,1,1,0,0
2026-01-05T14:18:00+00:00,228.66,Entertainment,Online,Credit,GB,Desktop,105,34.31,2,433.2,92.94,6.82,0,0,1,0
2026-02-06T18:11:00+00:00,251.39,Retail,In-store,Credit,GB,Terminal,541,93.98,2,5.76,2.27,2.55,1,1,0,0
2026-01-04T11:30:00+00:00,45.18,Travel,Online,Credit,ID,Desktop,166,52.77,1,51.67,4.57,0.74,0,0,1,0
2026-01-18T08:34:00+00:00,11.52,Electronics,Online,Credit,SG,Mobile,154,44.06,2,11.26,2.34,0.21,0,0,1,0
2026-01-31T09:51:00+00:00,16.78,Dining,In-store,Credit,ID,Terminal,60,36.0,2,4.93,3.49,0.46,1,1,0,0
2026-02-25T22:23:00+00:00,54.77,Groceries,Contactless,Credit,JP,Terminal,201,51.58,2,3.89,3.37,1.18,0,1,0,0
2026-02-12T18:47:00+00:00,265.8,Retail,Online,Debit,JP,Mobile,201,203.55,1,2.02,1.82,1.07,0,0,1,0
2026-02-06T11:24:00+00:00,46.17,Travel,Online,Debit,JP,Mobile,69,57.91,1,6.87,1.64,0.92,0,0,1,0
2026-02-01T18:45:00+00:00,24.05,Retail,In-store,Prepaid,US,Terminal,138,28.68,2,10.36,1.26,0.66,1,1,0,0
2026-01-22T16:55:00+00:00,215.85,Electronics,Contactless,Debit,JP,Terminal,391,109.64,1,0.9,7.26,1.65,1,1,0,0
2026-02-19T13:24:00+00:00,36.45,Dining,In-store,Credit,US,Terminal,161,44.4,1,1.65,1.82,0.68,1,0,0,0
2026-01-02T02:54:00+00:00,88.62,Groceries,In-store,Credit,AU,Terminal,243,72.56,1,4.19,3.42,1.12,1,0,0,0
2026-01-10T17:33:00+00:00,32.23,Retail,In-store,Credit,DE,Terminal,105,40.7,1,2.21,2.1,1.04,1,0,0,0
2026-01-10T11:16:00+00:00,89.03,Retail,Online,Debit,AU,Mobile,39,138.73,2,7.75,7.12,0.73,0,0,1,0
2026-02-07T02:51:00+00:00,116.69,Entertainment,Online,Credit,DE,Mobile,62,41.1,7,544.77,15.06,2.73,0,0,1,1
2026-01-18T14:37:00+00:00,97.11,Dining,In-store,Prepaid,SG,Terminal,120,149.7,1,6.46,3.33,0.71,1,1,0,0
2026-01-04T10:33:00+00:00,86.37,Travel,Contactless,Debit,ID,Terminal,159,30.51,2,13.53,0.7,2.95,1,1,0,0
2026-01-10T17:51:00+00:00,99.38,Services,Contactless,Debit,ID,Terminal,138,49.88,1,3.88,3.64,1.84,1,0,0,0
2026-02-09T11:39:00+00:00,254.82,Retail,In-store,Debit,JP,Terminal,77,149.9,2,7.03,2.12,1.74,1,1,0,0
2026-02-02T18:57:00+00:00,32.56,Retail,In-store,Debit,GB,Terminal,140,67.31,1,2.45,0.56,0.57,1,0,0,0
2026-02-02T13:00:00+00:00,112.19,Dining,ATM,Debit,SG,Terminal,86,264.13,1,10.11,3.45,0.38,1,0,0,0
2026-02-13T14:44:00+00:00,98.67,Groceries,In-store,Credit,AU,Terminal,65,50.66,1,8.03,3.08,1.82,1,1,0,0
2026-02-01T17:29:00+00:00,570.02,Retail,Online,Debit,GB,Mobile,77,71.31,7,119.3,87.25,8.26,0,0,1,1
2026-02-23T02:05:00+00:00,229.5,Dining,In-store,Prepaid,SG,Terminal,74,208.17,1,6.23,2.22,1.01,1,1,0,0
2026-02-04T10:21:00+00:00,16.75,Dining,Contactless,Prepaid,DE,Terminal,121,22.55,2,7.09,2.89,0.73,1,0,0,0
2026-02-08T11:40:00+00:00,9.22,Retail,Online,Debit,AU,Mobile,72,20.81,1,10.07,7.99,0.37,0,0,1,0
2026-01-20T09:03:00+00:00,58.0,Travel,In-store,Debit,SG,Terminal,369,35.98,4,10.48,1.8,1.58,0,1,0,0
2026-02-04T14:29:00+00:00,234.21,Groceries,In-store,Debit,JP,Terminal,189,102.38,2,3.34,6.77,1.93,1,0,0,0
2026-01-11T15:40:00+00:00,10.06,Dining,In-store,Credit,DE,Terminal,66,21.19,2,17.12,2.37,0.61,1,0,0,0
2026-01-15T18:17:00+00:00,54.32,Dining,ATM,Credit,ID,Terminal,134,88.95,4,13.14,8.99,0.58,1,0,0,0
2026-02-27T14:52:00+00:00,160.79,Groceries,ATM,Credit,SG,Terminal,136,84.98,1,3.33,1.94,1.99,0,1,0,0
2026-02-22T12:53:00+00:00,632.53,Travel,Online,Credit,JP,Desktop,144,223.49,2,126.85,56.47,3.16,0,0,1,0
2026-01-25T20:38:00+00:00,384.98,Travel,ATM,Credit,US,Terminal,87,119.05,2,3.62,0.82,2.78,0,1,0,0
2026-01-19T13:38:00+00:00,74.04,Retail,In-store,Credit,US,Terminal,83,76.45,1,1.46,2.38,0.86,1,1,0,0
2026-02-07T11:16:00+00:00,81.69,Retail,Contactless,Credit,GB,Terminal,378,145.98,1,9.29,1.11,0.73,1,1,0,0
2026-02-12T06:54:00+00:00,89.23,Retail,Online,Credit,GB,Mobile,71,85.65,2,27.16,10.02,0.95,0,0,1,0
2026-01-02T09:29:00+00:00,35.11,Entertainment,Contactless,Debit,SG,Terminal,64,44.74,2,35.29,1.03,0.73,1,1,0,0
2026-02-14T16:04:00+00:00,48.44,Groceries,In-store,Debit,DE,Terminal,37,28.67,1,2.23,1.23,1.86,1,1,0,0
2026-01-03T09:20:00+00:00,59.77,Dining,In-store,Debit,SG,Terminal,112,41.68,2,17.56,4.4,1.6,1,0,0,0
2026-01-03T12:47:00+00:00,86.64,Dining,ATM,Credit,JP,Terminal,54,58.79,2,8.11,8.05,1.81,1,0,0,0
2026-01-29T10:34:00+00:00,341.82,Dining,Contactless,Prepaid,US,Terminal,208,67.61,8,31.96,228.39,5.28,0,1,0,1
2026-02-09T12:35:00+00:00,10.24,Groceries,In-store,Credit,JP,Terminal,51,15.06,2,5.13,7.09,0.7,1,1,0,0
2026-01-21T16:41:00+00:00,53.26,Groceries,ATM,Debit,ID,Terminal,78,52.32,1,4.54,2.27,0.92,1,1,0,0
2026-02-25T10:18:00+00:00,45.14,Groceries,In-store,Debit,DE,Terminal,614,61.47,2,27.99,2.3,0.71,1,1,0,0
2026-01-25T08:15:00+00:00,877.78,Retail,Online,Debit,GB,Desktop,95,86.13,8,171.05,822.01,11.7,0,0,1,1
2026-02-11T18:52:00+00:00,307.93,Travel,Online,Debit,SG,Mobile,37,173.72,1,13.73,13.33,1.72,0,0,1,0
2026-01-31T17:29:00+00:00,57.45,Travel,In-store,Credit,GB,Terminal,135,68.08,2,6.57,5.02,0.87,1,0,0,0
2026-01-29T23:47:00+00:00,15.38,Groceries,Online,Debit,DE,Desktop,158,33.41,3,1.51,7.44,0.52,0,0,1,0
2026-01-18T08:37:00+00:00,36.12,Retail,Online,Credit,GB,Mobile,67,18.51,3,4.03,5.8,2.4,0,0,1,0
2026-01-25T16:34:00+00:00,102.77,Electronics,Online,Credit,JP,Mobile,206,94.31,1,39.84,0.74,1.0,0,0,1,0
2026-01-23T10:30:00+00:00,30.95,Retail,In-store,Credit,SG,Terminal,49,34.3,1,6.11,2.36,0.85,1,1,0,0
2026-01-09T14:58:00+00:00,274.96,Dining,In-store,Credit,AU,Terminal,40,106.0,2,20.01,10.99,2.41,1,1,0,0
2026-02-14T17:34:00+00:00,91.6,Dining,Online,Credit,JP,Mobile,260,149.65,3,18.84,5.05,0.67,0,0,1,0
2026-01-14T09:47:00+00:00,17.13,Travel,ATM,Debit,GB,Terminal,199,22.12,1,4.51,2.31,0.76,1,0,0,0
2026-01-01T13:13:00+00:00,57.87,Electronics,ATM,Credit,DE,Terminal,484,86.49,1,1.8,11.12,0.8,1,1,0,0
2026-02-23T10:28:00+00:00,50.18,Services,In-store,Prepaid,US,Terminal,123,139.8,2,2.08,3.56,0.41,1,0,0,0
2026-02-11T09:32:00+00:00,131.96,Groceries,Contactless,Credit,JP,Terminal,397,117.02,1,36.48,5.24,1.12,0,1,0,0
2026-01-24T17:03:00+00:00,9.2,Retail,Online,Credit,US,Mobile,90,15.45,2,8.73,3.58,0.58,0,0,1,0
2026-02-14T10:59:00+00:00,92.72,Dining,In-store,Credit,GB,Terminal,298,34.64,4,66.21,188.89,3.31,1,0,0,0
2026-01-10T14:36:00+00:00,13.65,Groceries,In-store,Debit,JP,Terminal,492,26.26,1,18.49,4.54,0.6,1,1,0,0
2026-01-22T16:06:00+00:00,51.87,Groceries,In-store,Prepaid,ID,Terminal,70,84.8,2,1.04,9.02,0.64,1,1,0,0
2026-01-24T13:26:00+00:00,49.06,Electronics,In-store,Debit,AU,Terminal,38,78.94,2,2.98,10.28,0.55,1,0,0,0
2026-01-29T08:59:00+00:00,10.11,Groceries,In-store,Debit,SG,Terminal,155,10.45,2,8.08,1.57,1.08,1,1,0,0
2026-01-27T01:34:00+00:00,42.36,Dining,Online,Debit,GB,Mobile,153,49.62,2,118.21,3.51,0.84,0,0,1,0
2026-01-26T12:13:00+00:00,99.7,Retail,In-store,Debit,SG,Terminal,119,101.54,3,18.13,8.77,0.95,1,1,0,0
2026-01-21T23:02:00+00:00,255.46,Electronics,In-store,Debit,SG,Terminal,262,66.43,1,4.35,2.16,3.97,1,1,0,0
2026-01-24T22:24:00+00:00,57.6,Dining,In-store,Credit,US,Terminal,60,66.36,1,7.62,0.66,0.84,1,1,0,0
2026-01-02T13:49:00+00:00,53.68,Groceries,Contactless,Debit,ID,Terminal,122,47.6,1,20.32,0.99,1.34,1,1,0,0
2026-01-01T12:16:00+00:00,40.13,Groceries,Online,Debit,US,Desktop,77,30.32,1,35.31,1.06,1.44,0,0,1,0
2026-01-23T16:48:00+00:00,63.84,Retail,Contactless,Credit,SG,Terminal,417,59.68,4,5.63,1.56,0.89,1,0,0,0
2026-02-10T18:33:00+00:00,83.03,Dining,Online,Credit,US,Mobile,229,62.42,2,5.81,1.17,1.09,0,0,1,0
2026-02-23T15:45:00+00:00,93.91,Retail,Online,Credit,SG,Mobile,81,90.01,1,2.97,6.88,0.94,0,0,1,0
2026-02-24T17:54:00+00:00,114.59,Groceries,In-store,Prepaid,AU,Terminal,137,94.89,2,15.36,1.86,1.05,1,0,0,0
2026-01-17T02:46:00+00:00,32.29,Retail,Online,Credit,SG,Mobile,118,63.8,1,22.84,8.68,0.64,0,0,1,0
2026-02-02T19:41:00+00:00,73.84,Groceries,Contactless,Credit,US,Terminal,53,122.94,4,0.88,0.79,0.68,0,1,0,0
2026-01-22T14:10:00+00:00,216.23,Groceries,Online,Debit,GB,Mobile,406,47.29,3,288.16,77.22,4.76,0,0,1,0
2026-01-04T13:44:00+00:00,8.78,Electronics,Online,Credit,JP,Mobile,98,23.6,2,1.94,2.73,0.27,0,0,1,0
2026-02-12T10:30:00+00:00,184.37,Travel,Online,Debit,JP,Mobile,1159,82.28,1,8.72,5.53,2.33,0,0,1,0
2026-01-03T08:12:00+00:00,254.35,Retail,Contactless,Debit,US,Terminal,137,65.51,2,1.89,7.72,3.52,1,0,0,0
2026-01-10T12:45:00+00:00,89.82,Dining,In-store,Credit,JP,Terminal,320,83.35,2,1.73,1.44,1.03,1,1,0,0
2026-02-21T20:54:00+00:00,38.74,Groceries,In-store,Credit,US,Terminal,136,26.53,3,25.43,6.64,1.39,1,1,0,0
2026-02-20T14:37:00+00:00,347.66,Groceries,In-store,Debit,US,Terminal,166,193.26,3,6.16,0.46,1.8,0,0,0,0
2026-02-05T12:52:00+00:00,169.78,Retail,Online,Credit,US,Mobile,100,95.76,3,417.42,262.78,2.07,0,0,1,0
2026-02-02T08:31:00+00:00,57.81,Dining,Contactless,Debit,SG,Terminal,38,50.04,1,11.88,0.64,1.64,1,1,0,0
2026-02-14T06:53:00+00:00,27.5,Retail,Online,Credit,JP,Mobile,431,32.85,1,21.5,3.84,0.71,0,0,1,0
2026-02-02T15:21:00+00:00,428.48,Groceries,In-store,Debit,DE,Terminal,87,121.53,1,4.66,7.61,3.82,1,0,0,0
2026-02-14T21:01:00+00:00,19.0,Electronics,Contactless,Debit,GB,Terminal,373,29.48,4,4.78,5.97,0.82,0,1,0,0
2026-01-08T13:39:00+00:00,450.29,Retail,In-store,Credit,DE,Terminal,579,262.4,1,4.8,0.48,1.62,1,1,0,0
2026-02-28T10:20:00+00:00,35.35,Electronics,Contactless,Debit,DE,Terminal,84,40.5,1,24.28,1.57,0.83,0,1,0,0
2026-01-05T12:02:00+00:00,735.17,Groceries,Contactless,Credit,US,Terminal,74,184.63,1,6.86,5.04,3.6,1,0,0,0
2026-02-14T14:32:00+00:00,41.57,Groceries,Online,Credit,ID,Mobile,89,53.52,2,5.36,4.9,0.67,0,0,1,0
2026-02-20T10:01:00+00:00,1451.53,Dining,Contactless,Credit,DE,Terminal,11,168.59,6,685.39,144.88,9.7,1,0,0,1
2026-01-02T13:30:00+00:00,45.47,Groceries,Online,Debit,AU,Mobile,170,37.42,1,55.39,0.27,1.36,0,0,1,0
2026-01-14T20:26:00+00:00,69.51,Electronics,In-store,Credit,AU,Terminal,332,61.08,2,8.02,8.15,1.19,1,1,0,0
2026-01-17T16:16:00+00:00,120.53,Retail,In-store,Debit,GB,Terminal,69,101.81,2,5.49,9.74,1.06,1,1,0,0
2026-01-27T08:32:00+00:00,43.1,Travel,Contactless,Credit,US,Terminal,186,92.79,4,62.63,2.9,0.61,1,1,0,0
2026-01-11T08:24:00+00:00,23.31,Electronics,ATM,Credit,JP,Terminal,114,123.41,3,31.91,3.09,0.19,1,1,0,0
2026-01-31T14:19:00+00:00,89.16,Retail,In-store,Credit,ID,Terminal,115,43.95,1,27.2,4.07,1.8,1,1,0,0
2026-02-27T18:04:00+00:00,48.81,Electronics,Online,Credit,ID,Mobile,132,63.76,1,4.26,10.6,0.68,0,0,1,0
2026-01-02T14:40:00+00:00,283.93,Groceries,ATM,Credit,SG,Terminal,169,135.84,2,3.82,3.16,1.91,1,1,0,0
2026-02-23T18:04:00+00:00,50.29,Services,In-store,Credit,GB,Terminal,85,38.15,3,0.98,2.03,1.15,0,1,0,0
2026-02-12T07:55:00+00:00,119.01,Groceries,Online,Credit,GB,Desktop,135,87.54,1,21.36,3.6,1.94,0,0,1,0
2026-01-27T11:50:00+00:00,97.95,Groceries,Contactless,Prepaid,DE,Terminal,88,52.33,2,8.04,2.43,1.52,1,1,0,0
2026-02-02T04:07:00+00:00,14.42,Entertainment,Contactless,Debit,JP,Terminal,146,68.98,2,1.02,2.46,0.2,1,0,0,0
2026-01-10T12:21:00+00:00,102.48,Travel,Online,Credit,ID,Mobile,70,63.75,1,27.72,0.42,1.35,0,0,1,0
2026-02-24T14:28:00+00:00,23.15,Electronics,Online,Prepaid,SG,Desktop,253,36.15,1,5.1,4.15,0.75,0,0,1,0
2026-01-03T20:34:00+00:00,77.08,Groceries,In-store,Credit,DE,Terminal,105,50.93,3,5.84,7.94,1.9,1,0,0,0
2026-01-08T13:56:00+00:00,111.38,Dining,Online,Debit,SG,Mobile,55,66.3,1,1.4,6.82,1.33,0,0,1,0
2026-02-12T12:01:00+00:00,67.13,Services,In-store,Credit,AU,Terminal,115,56.44,2,12.7,6.37,1.34,1,1,0,0
2026-01-11T16:57:00+00:00,641.03,Dining,Online,Debit,DE,Mobile,127,167.72,3,774.29,104.27,3.98,0,0,1,0
2026-01-05T17:38:00+00:00,65.32,Electronics,Contactless,Credit,DE,Terminal,95,116.33,1,7.01,2.85,0.52,1,1,0,0
2026-01-16T09:29:00+00:00,56.86,Services,Online,Credit,US,Desktop,43,72.86,1,4.66,8.1,0.71,0,0,1,0
2026-02-04T16:19:00+00:00,12.78,Travel,In-store,Credit,AU,Terminal,122,36.74,2,132.84,5.86,0.3,0,0,0,0
2026-01-19T14:46:00+00:00,23.28,Travel,Online,Credit,JP,Mobile,150,35.32,1,1.97,10.87,0.64,0,0,1,0
2026-02-20T14:02:00+00:00,70.68,Retail,Contactless,Credit,US,Terminal,180,217.67,2,3.34,1.26,0.37,1,1,0,0
2026-02-26T23:11:00+00:00,12.99,Retail,In-store,Debit,US,Terminal,272,31.3,1,16.1,1.25,0.38,1,1,0,0
2026-01-26T17:51:00+00:00,70.82,Electronics,In-store,Debit,SG,Terminal,190,64.98,1,2.42,1.76,0.99,1,1,0,0
2026-02-04T18:48:00+00:00,77.46,Services,In-store,Credit,AU,Terminal,169,76.3,1,2.23,0.96,1.29,1,1,0,0
2026-02-05T18:27:00+00:00,273.79,Groceries,Online,Credit,DE,Mobile,199,49.29,5,1547.92,29.33,4.62,0,0,1,0
2026-01-17T16:58:00+00:00,15.43,Electronics,Online,Credit,GB,Mobile,90,31.46,2,14.38,3.93,0.68,0,0,1,0
2026-01-29T02:23:00+00:00,21.26,Retail,Online,Credit,SG,Mobile,258,36.23,1,12.59,3.67,0.51,0,0,1,0
2026-01-13T12:19:00+00:00,29.54,Retail,Online,Credit,AU,Desktop,127,42.3,1,9.03,3.15,0.76,0,0,1,0
2026-02-27T17:08:00+00:00,23.12,Retail,Online,Credit,DE,Mobile,117,38.05,2,3.45,3.5,0.55,0,0,1,0
2026-02-01T09:14:00+00:00,692.56,Retail,Online,Debit,DE,Mobile,56,143.02,3,337.67,25.44,4.53,0,0,1,0
2026-01-26T21:14:00+00:00,21.45,Retail,Contactless,Credit,DE,Terminal,182,59.98,3,6.77,1.52,0.36,1,0,0,0
2026-01-13T00:07:00+00:00,64.91,Retail,Online,Debit,DE,Desktop,169,42.93,1,18.74,1.83,1.43,0,0,1,0
2026-01-09T14:58:00+00:00,41.54,Travel,In-store,Prepaid,AU,Terminal,225,64.68,1,11.8,2.58,0.65,1,0,0,0
2026-01-05T07:26:00+00:00,119.14,Groceries,In-store,Debit,JP,Terminal,50,93.15,2,2.66,0.57,1.17,1,0,0,0
2026-01-19T17:59:00+00:00,102.53,Dining,ATM,Debit,AU,Terminal,222,48.23,2,17.61,0.97,1.6,1,0,0,0
2026-02-07T15:19:00+00:00,103.05,Groceries,In-store,Debit,JP,Terminal,118,108.45,2,1.17,1.59,1.13,1,0,0,0
2026-02-26T12:53:00+00:00,134.93,Groceries,Online,Credit,JP,Desktop,71,26.41,3,313.42,316.8,7.73,0,0,1,0
2026-02-10T07:29:00+00:00,31.37,Retail,Contactless,Debit,US,Terminal,97,129.2,1,2.1,3.2,0.26,1,1,0,0
2026-01-10T13:14:00+00:00,38.31,Travel,Online,Debit,ID,Mobile,75,59.99,1,2.88,6.83,0.68,0,0,1,0
2026-01-05T11:31:00+00:00,101.86,Retail,In-store,Debit,JP,Terminal,169,58.49,2,61.51,2.18,1.83,0,1,0,0
2026-01-31T09:12:00+00:00,43.16,Entertainment,In-store,Credit,DE,Terminal,99,38.46,2,1.47,2.46,1.27,0,0,0,0
2026-01-31T09:51:00+00:00,88.35,Groceries,In-store,Credit,US,Terminal,126,27.16,1,3.0,4.05,2.9,1,1,0,0
2026-01-05T19:18:00+00:00,45.32,Groceries,In-store,Debit,US,Terminal,96,20.42,3,12.95,2.06,2.66,1,1,0,0
2026-02-04T11:52:00+00:00,43.32,Retail,Online,Credit,SG,Desktop,122,36.75,1,4.41,1.32,1.11,0,0,1,0
2026-01-07T07:44:00+00:00,75.85,Retail,Online,Prepaid,JP,Mobile,60,88.41,1,8.77,0.55,0.79,0,0,1,0
2026-02-08T09:26:00+00:00,87.54,Groceries,Online,Debit,AU,Mobile,32,32.3,2,2148.46,60.47,2.6,0,0,1,0
2026-03-01T16:27:00+00:00,82.42,Services,Online,Credit,JP,Mobile,864,22.05,4,916.07,253.71,3.51,0,0,1,0
2026-01-01T12:45:00+00:00,27.1,Retail,Online,Debit,ID,Mobile,137,33.42,2,4.41,8.68,0.72,0,0,1,0
2026-01-17T05:01:00+00:00,30.24,Dining,Contactless,Debit,JP,Terminal,1059,46.99,2,6.38,1.14,0.64,1,0,0,0
2026-02-17T05:33:00+00:00,24.07,Groceries,In-store,Credit,SG,Terminal,127,48.2,4,13.25,0.43,0.52,1,0,0,0
2026-02-13T05:42:00+00:00,70.0,Electronics,In-store,Debit,GB,Terminal,131,55.49,3,14.86,6.21,1.18,1,1,0,0
2026-02-01T17:43:00+00:00,337.36,Dining,ATM,Debit,SG,Terminal,109,118.06,1,7.56,2.64,2.64,1,1,0,0
2026-02-26T19:53:00+00:00,251.21,Retail,In-store,Credit,US,Terminal,198,135.91,2,10.99,0.64,1.65,1,1,0,0
2026-01-25T19:42:00+00:00,134.43,Retail,In-store,Credit,DE,Terminal,143,222.19,2,11.0,0.11,0.76,1,0,0,0
2026-02-09T14:26:00+00:00,35.47,Travel,Online,Debit,GB,Mobile,52,20.99,2,6.68,0.94,1.73,0,0,1,0
2026-01-27T12:49:00+00:00,34.47,Travel,In-store,Debit,AU,Terminal,63,34.59,2,3.8,1.55,1.14,1,1,0,0
2026-02-28T11:10:00+00:00,91.99,Dining,In-store,Debit,GB,Terminal,57,95.01,2,16.72,0.78,0.9,0,0,0,0
2026-01-28T17:09:00+00:00,42.75,Travel,In-store,Debit,SG,Terminal,144,44.92,3,10.19,4.91,0.87,1,1,0,0
2026-01-07T18:00:00+00:00,83.09,Electronics,In-store,Debit,DE,Terminal,148,105.58,1,0.75,1.09,0.82,1,0,0,0
2026-02-21T21:47:00+00:00,86.79,Groceries,In-store,Credit,AU,Terminal,143,69.04,1,2.98,2.49,1.38,1,1,0,0
2026-01-25T23:18:00+00:00,183.22,Groceries,Contactless,Debit,GB,Terminal,80,168.42,3,4.35,26.4,1.01,1,0,0,0
2026-02-11T16:13:00+00:00,68.64,Electronics,Online,Credit,US,Mobile,56,118.84,2,5.92,2.77,0.59,0,0,1,0
2026-01-25T09:11:00+00:00,82.55,Groceries,Online,Prepaid,SG,Mobile,295,120.26,3,27.78,2.19,0.57,0,0,1,0
2026-01-18T22:41:00+00:00,331.1,Services,Online,Credit,GB,Mobile,153,46.17,5,15101.64,100.19,5.7,0,0,1,0
2026-01-15T08:28:00+00:00,77.67,Travel,In-store,Credit,AU,Terminal,199,56.64,1,0.49,4.8,1.2,1,0,0,0
2026-01-01T10:57:00+00:00,38.77,Travel,Online,Credit,SG,Mobile,259,49.48,1,10.33,4.24,0.76,0,0,1,0
2026-01-06T18:41:00+00:00,13.15,Entertainment,In-store,Debit,DE,Terminal,31,22.67,2,7.98,0.9,0.46,0,1,0,0
2026-01-23T14:35:00+00:00,324.91,Electronics,In-store,Credit,AU,Terminal,138,157.06,5,6.06,1.63,2.0,1,0,0,0
2026-02-16T10:10:00+00:00,161.76,Retail,In-store,Debit,GB,Terminal,290,97.95,1,13.43,1.26,1.76,1,1,0,0
2026-01-12T14:53:00+00:00,11.89,Groceries,ATM,Debit,AU,Terminal,55,48.22,2,8.71,1.85,0.27,1,1,0,0
2026-02-11T17:18:00+00:00,272.35,Groceries,ATM,Credit,SG,Terminal,60,140.89,1,4.97,15.28,2.12,1,0,0,0
2026-02-06T10:48:00+00:00,32.46,Groceries,In-store,Prepaid,DE,Terminal,59,40.06,1,7.63,4.56,0.81,1,0,0,0
2026-02-11T14:00:00+00:00,20.15,Groceries,Contactless,Debit,DE,Terminal,45,18.27,1,13.63,2.27,1.04,1,0,0,0
2026-02-08T11:42:00+00:00,180.64,Retail,Online,Credit,AU,Mobile,198,116.14,3,12.28,8.54,1.87,0,0,1,0
2026-02-21T12:46:00+00:00,63.76,Dining,In-store,Credit,ID,Terminal,150,26.28,2,9.09,2.97,2.57,0,1,0,0
2026-01-20T10:04:00+00:00,93.9,Electronics,Contactless,Debit,JP,Terminal,55,53.13,1,3.89,0.48,1.72,1,1,0,0
2026-02-10T16:42:00+00:00,80.41,Retail,In-store,Credit,JP,Terminal,36,68.99,2,164.2,12.99,1.07,1,1,0,0
2026-02-21T11:01:00+00:00,30.4,Groceries,Contactless,Credit,SG,Terminal,72,77.52,4,10.97,2.1,0.39,1,0,0,0
2026-02-09T14:32:00+00:00,28.42,Travel,Contactless,Credit,DE,Terminal,278,104.74,1,17.09,0.26,0.26,1,1,0,0
2026-02-28T18:54:00+00:00,119.22,Travel,In-store,Prepaid,GB,Terminal,57,88.02,2,4.23,0.5,1.59,1,1,0,0
2026-02-19T08:23:00+00:00,162.55,Retail,In-store,Debit,ID,Terminal,38,86.27,1,9.1,7.6,2.12,1,1,0,0
2026-01-29T16:41:00+00:00,19.95,Retail,ATM,Credit,SG,Terminal,116,36.09,1,9.02,0.5,0.56,1,1,0,0
2026-02-16T11:11:00+00:00,60.97,Dining,In-store,Debit,ID,Terminal,54,73.06,4,0.9,9.48,0.78,1,1,0,0
2026-01-29T13:32:00+00:00,15.27,Electronics,ATM,Credit,ID,Terminal,413,22.68,2,3.36,2.67,0.65,1,1,0,0
2026-02-24T17:27:00+00:00,95.87,Retail,Online,Debit,US,Desktop,139,166.57,2,3.29,5.02,0.64,0,0,1,0
2026-01-05T20:00:00+00:00,42.27,Services,Online,Debit,ID,Mobile,95,24.25,2,3.82,1.9,1.8,0,0,1,0
2026-03-01T19:50:00+00:00,61.98,Services,In-store,Credit,ID,Terminal,97,48.17,1,2.28,4.15,1.06,1,1,0,0
2026-02-22T20:07:00+00:00,22.01,Dining,ATM,Prepaid,JP,Terminal,82,25.6,1,7.75,3.38,0.8,1,0,0,0
2026-01-18T04:03:00+00:00,176.25,Services,ATM,Credit,US,Terminal,88,37.54,1,34.37,2.37,4.8,1,1,0,0
2026-01-09T12:41:00+00:00,20.21,Groceries,Online,Credit,JP,Mobile,676,60.87,2,8.53,0.85,0.38,0,0,1,0
2026-02-04T18:49:00+00:00,50.57,Dining,In-store,Credit,SG,Terminal,244,42.79,2,2.01,3.52,1.3,1,1,0,0
2026-02-07T18:14:00+00:00,61.21,Travel,ATM,Credit,SG,Terminal,106,126.95,3,2.38,0.4,0.48,1,1,0,0
2026-01-23T12:40:00+00:00,60.69,Retail,In-store,Credit,SG,Terminal,144,69.93,2,4.88,6.24,0.84,1,0,0,0
2026-02-08T11:21:00+00:00,48.66,Electronics,In-store,Prepaid,ID,Terminal,73,44.66,1,1.56,3.0,1.01,1,0,0,0
2026-02-02T14:46:00+00:00,90.67,Services,In-store,Credit,AU,Terminal,250,55.32,1,10.33,3.91,1.56,1,1,0,0
2026-01-21T17:49:00+00:00,99.76,Dining,Contactless,Debit,GB,Terminal,11,133.33,1,32.73,0.18,0.79,1,1,0,0
2026-01-29T16:34:00+00:00,74.95,Retail,Online,Credit,GB,Desktop,81,108.94,4,3.92,0.8,0.74,0,0,1,0
2026-01-06T10:19:00+00:00,29.16,Retail,Contactless,Credit,US,Terminal,56,28.78,2,8.03,1.48,0.78,1,0,0,0
2026-02-02T00:21:00+00:00,17.04,Retail,Online,Credit,JP,Desktop,224,38.77,1,4.61,4.82,0.47,0,0,1,0
2026-02-09T19:31:00+00:00,94.89,Retail,In-store,Debit,US,Terminal,117,82.16,5,3.7,0.96,1.37,1,0,0,0
2026-02-27T13:11:00+00:00,67.43,Entertainment,Contactless,Debit,ID,Terminal,34,75.92,4,9.1,31.44,1.1,1,1,0,0
2026-01-21T18:04:00+00:00,35.2,Retail,Contactless,Credit,US,Terminal,107,30.49,1,3.56,1.89,1.21,1,1,0,0
2026-01-06T19:40:00+00:00,98.1,Services,Contactless,Credit,JP,Terminal,114,98.19,1,3.04,0.89,0.88,1,1,0,0
2026-01-10T21:29:00+00:00,25.7,Electronics,Contactless,Credit,SG,Terminal,324,33.82,1,1.24,2.04,0.82,1,1,0,0
2026-02-22T12:30:00+00:00,1666.43,Travel,In-store,Debit,SG,Terminal,140,140.82,7,478.69,42.48,9.77,1,1,0,0
2026-02-24T16:42:00+00:00,147.92,Dining,In-store,Credit,GB,Terminal,111,85.13,1,23.9,0.75,1.74,1,1,0,0
2026-02-17T15:28:00+00:00,74.12,Retail,Contactless,Debit,JP,Terminal,119,28.91,4,16.09,6.76,2.22,1,1,0,0
2026-01-30T09:13:00+00:00,45.09,Travel,In-store,Prepaid,US,Terminal,23,42.78,1,38.14,4.11,1.16,1,1,0,0
2026-02-28T13:00:00+00:00,82.02,Groceries,Online,Credit,ID,Desktop,64,42.3,2,3.52,4.12,2.14,0,0,1,0
2026-02-12T13:34:00+00:00,48.32,Retail,Contactless,Credit,JP,Terminal,28,66.95,2,18.84,8.82,0.71,1,1,0,0
2026-01-14T09:35:00+00:00,45.86,Electronics,Online,Credit,ID,Mobile,468,52.85,1,2.2,4.0,0.82,0,0,1,0
2026-01-19T12:35:00+00:00,54.22,Groceries,Online,Debit,SG,Mobile,81,28.66,3,16.12,0.85,1.94,0,0,1,0
2026-02-26T13:05:00+00:00,39.44,Dining,In-store,Credit,US,Terminal,179,24.38,4,45.09,5.0,1.56,1,1,0,0
2026-01-09T18:48:00+00:00,71.76,Retail,In-store,Credit,SG,Terminal,55,86.22,2,12.78,0.8,0.77,1,0,0,0
2026-02-13T19:54:00+00:00,29.16,Retail,Online,Debit,SG,Mobile,86,72.68,2,45.97,1.52,0.48,0,0,1,0
2026-01-03T17:21:00+00:00,50.29,Groceries,In-store,Credit,DE,Terminal,89,64.62,1,3.82,2.35,0.81,1,1,0,0
2026-02-11T18:01:00+00:00,207.25,Retail,In-store,Debit,DE,Terminal,163,71.95,4,384.65,94.9,3.08,1,0,0,0
2026-01-21T07:53:00+00:00,102.08,Dining,Online,Credit,JP,Desktop,101,40.35,2,2.7,0.41,2.69,0,0,1,0
2026-01-01T14:38:00+00:00,106.03,Retail,Online,Prepaid,AU,Mobile,71,68.01,2,7.68,0.93,1.48,0,0,1,0
2026-01-04T10:28:00+00:00,168.94,Dining,Online,Credit,SG,Mobile,26,314.2,2,9.94,2.4,0.57,0,0,1,0
2026-01-12T12:10:00+00:00,48.18,Groceries,ATM,Prepaid,US,Terminal,536,129.47,1,7.6,1.34,0.48,1,0,0,0
2026-03-01T16:01:00+00:00,27.64,Groceries,In-store,Credit,US,Terminal,78,50.03,1,4.39,7.59,0.57,1,1,0,0
2026-02-28T21:13:00+00:00,24.41,Electronics,Contactless,Credit,US,Terminal,85,42.94,1,4.31,9.0,0.65,1,1,0,0
2026-01-14T12:04:00+00:00,8.35,Dining,Online,Credit,SG,Mobile,74,9.4,1,10.8,0.8,0.83,0,0,1,0
2026-01-19T15:10:00+00:00,247.25,Retail,Online,Debit,DE,Mobile,299,120.86,2,6.2,2.61,1.84,0,0,1,0
2026-01-08T07:54:00+00:00,38.45,Groceries,Online,Debit,DE,Mobile,70,100.61,1,2.08,11.97,0.51,0,0,1,0
2026-01-31T16:40:00+00:00,146.26,Groceries,In-store,Credit,SG,Terminal,79,42.37,2,0.92,2.15,3.82,1,1,0,0
2026-02-19T10:04:00+00:00,12.81,Dining,In-store,Debit,JP,Terminal,129,23.79,3,3.84,1.64,0.51,1,0,0,0
2026-02-01T13:47:00+00:00,9.14,Travel,Contactless,Credit,GB,Terminal,263,28.48,1,1.62,5.81,0.39,1,1,0,0
2026-02-17T11:47:00+00:00,234.48,Groceries,Contactless,Credit,DE,Terminal,111,80.55,2,2.95,1.87,2.63,1,0,0,0
2026-02-28T05:11:00+00:00,136.66,Groceries,Online,Credit,US,Mobile,116,56.94,2,4.64,8.77,2.09,0,0,1,0
2026-03-01T17:59:00+00:00,76.36,Electronics,Online,Credit,AU,Mobile,103,94.59,2,6.29,1.36,0.82,0,0,1,0
2026-01-20T18:07:00+00:00,344.47,Retail,Online,Credit,US,Desktop,26,63.83,5,214.3,68.4,5.97,0,0,1,1
2026-01-15T18:50:00+00:00,99.49,Travel,Contactless,Credit,AU,Terminal,410,113.11,2,82.3,5.42,1.19,1,1,0,0
2026-01-30T21:18:00+00:00,85.7,Services,Contactless,Credit,AU,Terminal,63,76.72,2,1.85,2.72,1.0,1,1,0,0
2026-01-03T12:24:00+00:00,55.44,Electronics,Online,Credit,US,Desktop,148,103.41,1,27.94,2.74,0.41,0,0,1,0
2026-01-28T17:26:00+00:00,19.81,Groceries,Online,Credit,JP,Desktop,75,15.51,3,372.85,16.29,1.01,0,0,1,0
2026-02-13T11:13:00+00:00,14.42,Retail,ATM,Credit,JP,Terminal,171,27.05,1,3.58,1.73,0.55,1,1,0,0
2026-01-12T13:50:00+00:00,117.58,Groceries,Online,Debit,ID,Mobile,108,47.62,1,14.1,5.84,2.85,0,0,1,0
2026-02-18T18:09:00+00:00,395.82,Retail,Contactless,Credit,DE,Terminal,133,121.72,1,4.49,1.12,2.92,1,1,0,0
2026-02-21T20:36:00+00:00,158.15,Dining,Online,Credit,AU,Mobile,119,204.86,1,3.04,4.96,0.78,0,0,1,0
2026-01-22T12:22:00+00:00,29.41,Groceries,Online,Credit,AU,Mobile,52,54.23,3,52.92,3.22,0.51,0,0,1,0
2026-01-19T18:58:00+00:00,46.26,Dining,Online,Prepaid,US,Mobile,107,40.55,1,0.66,2.01,1.1,0,0,1,0
2026-02-26T17:29:00+00:00,20.77,Electronics,ATM,Debit,SG,Terminal,31,16.93,1,5.64,9.56,1.21,1,1,0,0
2026-02-19T09:52:00+00:00,161.98,Retail,In-store,Debit,GB,Terminal,131,105.78,1,9.11,1.75,1.34,1,0,0,0
2026-02-16T15:28:00+00:00,9.34,Groceries,Online,Debit,DE,Mobile,78,42.2,1,34.77,1.88,0.19,0,0,1,0
2026-01-21T13:42:00+00:00,2521.92,Groceries,ATM,Credit,JP,Terminal,96,412.78,2,4.77,1.99,6.54,1,1,0,0
2026-01-25T06:37:00+00:00,61.65,Electronics,Online,Credit,GB,Mobile,114,37.31,1,137.98,2.67,1.86,0,0,1,0
2026-02-11T14:22:00+00:00,139.89,Groceries,Online,Debit,DE,Mobile,124,237.09,2,17.03,5.3,0.82,0,0,1,0
2026-02-13T22:47:00+00:00,55.48,Retail,In-store,Credit,GB,Terminal,22,98.14,3,0.55,0.56,0.59,1,0,0,0
2026-01-15T17:19:00+00:00,45.68,Entertainment,In-store,Prepaid,JP,Terminal,86,30.93,2,1.49,5.86,1.7,0,0,0,0
2026-01-01T09:09:00+00:00,92.99,Retail,Contactless,Debit,SG,Terminal,135,70.17,1,9.59,2.63,1.26,1,1,0,0
2026-01-04T10:40:00+00:00,93.21,Dining,Contactless,Credit,GB,Terminal,339,99.62,3,2.1,4.28,0.98,1,1,0,0
2026-01-21T11:19:00+00:00,62.07,Groceries,In-store,Credit,US,Terminal,689,52.12,1,13.5,26.89,1.23,1,1,0,0
2026-01-28T01:42:00+00:00,99.52,Dining,Contactless,Debit,AU,Terminal,454,104.03,3,4.49,1.47,0.86,1,1,0,0
2026-01-11T06:44:00+00:00,127.89,Services,Online,Prepaid,GB,Desktop,67,102.55,2,1.98,0.72,1.18,0,0,1,0
2026-01-02T17:43:00+00:00,126.82,Dining,ATM,Credit,AU,Terminal,166,88.91,2,2.56,2.99,1.45,1,0,0,0
2026-01-19T14:53:00+00:00,84.89,Travel,Contactless,Credit,DE,Terminal,249,59.7,1,18.86,3.5,1.14,1,1,0,0
2026-02-22T16:46:00+00:00,174.62,Travel,Online,Debit,JP,Mobile,182,28.11,6,48.17,262.86,5.64,0,0,1,0
2026-01-13T17:50:00+00:00,119.06,Travel,Online,Credit,GB,Mobile,111,57.4,6,23.33,1.44,2.19,0,0,1,0
2026-02-09T06:56:00+00:00,22.11,Groceries,Contactless,Credit,ID,Terminal,141,67.66,2,24.09,1.07,0.34,1,1,0,0
2026-02-12T21:58:00+00:00,11.12,Retail,Contactless,Credit,DE,Terminal,154,17.82,2,5.13,0.53,0.56,1,0,0,0
2026-02-07T22:02:00+00:00,64.9,Entertainment,Online,Debit,JP,Mobile,76,67.36,1,1.58,0.63,0.94,0,0,1,0
2026-02-19T03:47:00+00:00,28.75,Dining,Online,Credit,ID,Mobile,142,56.66,1,13.62,1.62,0.59,0,0,1,0
2026-01-18T06:51:00+00:00,21.07,Entertainment,Contactless,Credit,SG,Terminal,50,25.98,1,4.33,2.19,0.72,1,1,0,0
2026-01-11T18:58:00+00:00,117.38,Travel,In-store,Credit,GB,Terminal,633,48.6,1,1.4,19.4,2.05,1,1,0,0
2026-01-10T15:12:00+00:00,48.35,Electronics,ATM,Credit,SG,Terminal,93,49.27,1,60.34,0.45,0.84,1,1,0,0
2026-01-26T23:56:00+00:00,76.78,Travel,In-store,Credit,AU,Terminal,180,211.57,1,2.79,3.44,0.3,1,1,0,0
2026-02-01T10:59:00+00:00,64.69,Services,In-store,Credit,US,Terminal,145,69.62,1,1.46,1.19,0.71,1,1,0,0
2026-02-05T18:39:00+00:00,141.79,Electronics,Online,Credit,GB,Mobile,135,118.32,2,10.11,3.07,0.96,0,0,1,0
2026-02-23T14:23:00+00:00,55.27,Groceries,Online,Credit,DE,Mobile,191,55.89,2,6.86,1.41,0.95,0,0,1,0
2026-01-09T14:42:00+00:00,115.54,Groceries,Online,Credit,GB,Mobile,274,17.85,6,2286.57,309.63,6.65,0,0,1,0
2026-02-06T09:07:00+00:00,91.22,Groceries,Contactless,Prepaid,GB,Terminal,134,93.41,1,4.86,6.88,1.24,1,1,0,0
2026-01-22T15:18:00+00:00,33.37,Retail,ATM,Credit,GB,Terminal,221,39.34,3,4.92,2.2,0.85,1,1,0,0
2026-02-11T12:33:00+00:00,22.87,Retail,In-store,Debit,SG,Terminal,175,48.51,1,10.68,10.37,0.44,1,1,0,0
2026-01-12T10:53:00+00:00,109.7,Retail,Contactless,Credit,GB,Terminal,51,30.43,6,555.28,235.12,3.58,1,1,0,0
2026-01-02T18:27:00+00:00,31.05,Retail,In-store,Debit,JP,Terminal,129,63.26,2,9.52,9.9,0.63,1,1,0,0
2026-02-03T10:41:00+00:00,89.87,Groceries,Online,Credit,US,Desktop,108,120.59,2,9.97,2.36,0.77,0,0,1,0
2026-01-19T11:33:00+00:00,170.49,Electronics,Online,Prepaid,ID,Mobile,195,110.64,2,8.86,6.37,1.42,0,0,1,0
2026-02-24T07:53:00+00:00,175.6,Retail,In-store,Debit,AU,Terminal,207,169.19,3,4.67,1.14,1.19,1,1,0,0
2026-02-13T16:52:00+00:00,291.66,Travel,In-store,Credit,DE,Terminal,138,185.52,2,18.47,1.03,1.54,0,1,0,0
2026-01-28T08:12:00+00:00,12.28,Services,Contactless,Credit,DE,Terminal,55,15.96,6,4.97,21.75,0.73,1,0,0,1
2026-01-23T21:28:00+00:00,75.54,Groceries,Contactless,Debit,US,Terminal,142,27.78,1,17.9,0.83,2.35,1,0,0,0
2026-02-10T17:22:00+00:00,32.61,Groceries,In-store,Prepaid,US,Terminal,85,18.63,2,34.01,1.59,1.4,1,0,0,0
2026-01-28T07:39:00+00:00,437.56,Dining,Online,Credit,GB,Mobile,101,90.99,9,211.6,16.48,5.05,0,0,1,1
2026-02-13T09:05:00+00:00,52.85,Travel,Online,Credit,DE,Desktop,194,38.46,2,104.06,1.06,1.34,0,0,1,0
2026-02-13T15:14:00+00:00,27.41,Groceries,Contactless,Prepaid,DE,Terminal,492,43.91,3,3.37,0.91,0.61,1,0,0,0
2026-03-01T19:55:00+00:00,14.24,Groceries,In-store,Debit,AU,Terminal,114,52.42,1,3.4,1.26,0.25,1,1,0,0
2026-01-19T22:47:00+00:00,52.58,Services,Contactless,Credit,US,Terminal,86,77.38,1,13.38,3.32,0.63,1,1,0,0
2026-02-07T16:48:00+00:00,207.1,Dining,Contactless,Credit,DE,Terminal,29,22.98,6,724.67,188.87,7.49,1,1,0,0
2026-01-30T21:38:00+00:00,19.08,Services,In-store,Debit,ID,Terminal,657,26.62,4,8.0,0.9,0.97,1,1,0,0
2026-01-12T08:45:00+00:00,54.07,Dining,In-store,Debit,JP,Terminal,189,60.39,2,18.18,1.12,0.85,1,1,0,0
2026-01-14T04:28:00+00:00,76.47,Retail,Contactless,Credit,JP,Terminal,228,131.52,2,9.76,7.27,0.55,0,1,0,0
2026-01-01T13:26:00+00:00,80.66,Electronics,In-store,Credit,US,Terminal,437,59.35,4,4325.64,605.04,1.4,0,0,0,0
2026-01-18T11:25:00+00:00,60.01,Entertainment,In-store,Credit,SG,Terminal,146,36.07,1,6.97,8.64,2.23,0,1,0,0
2026-01-09T20:00:00+00:00,12.02,Retail,Contactless,Debit,SG,Terminal,80,14.93,2,2.89,0.47,0.81,1,0,0,0
2026-01-12T01:19:00+00:00,72.28,Retail,Contactless,Debit,US,Terminal,250,112.08,1,4.03,8.08,0.71,1,1,0,0
2026-01-08T11:58:00+00:00,28.31,Groceries,ATM,Debit,DE,Terminal,113,37.4,1,12.41,15.7,0.61,1,1,0,0
2026-01-01T11:46:00+00:00,60.39,Services,ATM,Credit,SG,Terminal,37,28.62,3,12.61,0.45,2.01,0,1,0,0
2026-02-01T17:23:00+00:00,28.45,Entertainment,Online,Credit,SG,Mobile,384,19.79,3,9.27,7.26,1.59,0,0,1,0
2026-02-25T00:08:00+00:00,9.19,Travel,Contactless,Debit,SG,Terminal,61,23.68,1,2.9,3.08,0.51,0,1,0,0
2026-01-27T19:14:00+00:00,66.29,Electronics,Online,Debit,DE,Desktop,79,32.3,2,25.02,1.77,1.9,0,0,1,0
2026-01-31T21:36:00+00:00,47.72,Retail,Online,Debit,JP,Mobile,229,51.66,1,62.22,2.74,0.84,0,0,1,0
2026-02-06T13:51:00+00:00,86.29,Dining,In-store,Debit,DE,Terminal,32,27.5,5,460.42,171.27,3.23,1,0,0,0
2026-02-04T07:20:00+00:00,56.66,Electronics,Contactless,Prepaid,AU,Terminal,141,68.08,1,54.14,7.83,0.77,1,1,0,0
2026-01-05T05:12:00+00:00,27.91,Retail,Online,Credit,JP,Mobile,158,51.41,1,19.16,7.43,0.57,0,0,1,0
2026-01-27T10:24:00+00:00,119.59,Retail,Online,Debit,DE,Mobile,280,255.77,3,84.82,0.55,0.41,0,0,1,0
2026-02-19T08:10:00+00:00,33.86,Dining,In-store,Prepaid,ID,Terminal,202,19.93,1,12.43,1.29,1.49,1,0,0,0
2026-01-13T14:27:00+00:00,43.6,Entertainment,In-store,Credit,SG,Terminal,220,67.02,3,8.59,2.7,0.81,1,0,0,0
2026-01-07T12:28:00+00:00,76.28,Services,Online,Credit,SG,Desktop,248,67.57,1,18.66,11.85,1.35,0,0,1,0
2026-02-08T09:18:00+00:00,44.36,Groceries,Online,Credit,AU,Mobile,370,30.88,2,4.59,0.16,1.1,0,0,1,0
2026-02-11T18:27:00+00:00,93.99,Groceries,In-store,Debit,GB,Terminal,96,64.19,1,11.56,1.34,1.3,1,1,0,0
2026-02-13T15:35:00+00:00,21.92,Dining,Online,Credit,US,Desktop,66,99.51,1,31.94,0.53,0.26,0,0,1,0
2026-02-11T15:53:00+00:00,28.25,Retail,Online,Debit,ID,Mobile,68,64.25,3,18.2,0.63,0.54,0,0,1,0
2026-01-18T16:46:00+00:00,200.32,Dining,ATM,Debit,AU,Terminal,205,148.4,1,7.14,6.59,1.31,1,0,0,0
2026-02-04T19:59:00+00:00,5.29,Dining,Contactless,Credit,DE,Terminal,108,14.65,1,9.21,1.45,0.42,1,1,0,0
2026-02-21T16:34:00+00:00,38.97,Retail,ATM,Credit,US,Terminal,86,34.9,3,17.0,0.24,1.16,0,1,0,0
2026-01-11T08:15:00+00:00,60.97,Electronics,Contactless,Credit,SG,Terminal,280,157.4,2,16.39,2.1,0.39,0,1,0,0
2026-02-11T12:04:00+00:00,100.61,Dining,In-store,Credit,SG,Terminal,197,109.16,1,16.86,18.84,0.93,1,1,0,0
2026-02-06T14:12:00+00:00,248.63,Entertainment,Contactless,Prepaid,JP,Terminal,398,85.74,1,10.73,0.4,2.5,1,0,0,0
2026-01-17T09:21:00+00:00,254.77,Dining,Contactless,Debit,ID,Terminal,160,134.5,3,2.98,4.19,1.49,1,1,0,0
2026-02-25T21:28:00+00:00,4.78,Groceries,Contactless,Credit,SG,Terminal,195,17.36,1,3.55,11.8,0.29,1,1,0,0
2026-01-10T10:34:00+00:00,136.48,Groceries,Online,Credit,JP,Mobile,100,101.2,2,12.27,2.34,1.56,0,0,1,0
2026-02-18T17:26:00+00:00,362.19,Services,In-store,Credit,SG,Terminal,30,120.52,1,18.44,16.91,2.86,0,0,0,0
2026-02-04T23:19:00+00:00,1297.36,Groceries,Online,Debit,JP,Mobile,30,39.32,7,965.0,56.84,26.69,0,0,1,1
2026-01-08T10:49:00+00:00,391.95,Dining,Contactless,Credit,ID,Terminal,79,333.29,2,3.52,10.44,1.24,0,1,0,0
2026-01-27T13:36:00+00:00,154.82,Electronics,In-store,Credit,US,Terminal,51,68.55,7,377.55,368.68,2.02,1,0,0,0
2026-01-20T10:05:00+00:00,15.73,Electronics,In-store,Debit,GB,Terminal,150,14.51,1,2.03,2.38,1.21,1,1,0,0
2026-01-26T18:31:00+00:00,192.51,Services,In-store,Debit,GB,Terminal,254,77.31,1,1.6,0.56,2.48,1,1,0,0
2026-02-17T18:09:00+00:00,26.71,Travel,In-store,Credit,SG,Terminal,96,37.79,1,8.08,0.9,0.82,1,1,0,0
2026-02-08T20:47:00+00:00,227.1,Groceries,Contactless,Credit,SG,Terminal,176,128.67,1,32.92,0.24,1.76,1,0,0,0
2026-01-12T06:12:00+00:00,46.55,Retail,Contactless,Credit,ID,Terminal,89,86.16,2,8.25,4.46,0.55,1,1,0,0
2026-02-14T17:31:00+00:00,51.48,Groceries,In-store,Debit,DE,Terminal,120,40.91,1,60.28,3.95,1.16,0,0,0,0
2026-02-12T15:04:00+00:00,39.81,Retail,In-store,Credit,JP,Terminal,87,160.23,2,6.17,2.66,0.2,1,0,0,0
2026-01-06T12:56:00+00:00,54.1,Entertainment,Contactless,Credit,ID,Terminal,165,111.12,3,7.65,2.18,0.51,1,0,0,0
2026-02-25T19:03:00+00:00,24.98,Services,ATM,Credit,JP,Terminal,201,35.23,1,2.48,9.56,0.92,0,1,0,0
2026-01-01T19:38:00+00:00,39.24,Dining,In-store,Debit,GB,Terminal,444,54.66,1,5.04,3.31,0.74,1,1,0,0
2026-01-18T16:30:00+00:00,36.18,Retail,In-store,Credit,US,Terminal,89,84.44,2,2.0,1.41,0.41,1,1,0,0
2026-01-18T09:03:00+00:00,33.11,Groceries,Contactless,Credit,GB,Terminal,115,47.62,3,1.35,2.85,0.68,0,1,0,0
2026-01-06T10:53:00+00:00,53.87,Groceries,In-store,Credit,US,Terminal,295,48.55,2,2.03,19.06,1.13,1,1,0,0
2026-02-09T09:24:00+00:00,65.62,Groceries,In-store,Debit,US,Terminal,105,61.8,3,8.12,4.58,0.88,1,1,0,0
2026-01-28T10:49:00+00:00,29.45,Travel,In-store,Prepaid,DE,Terminal,190,30.18,2,3.29,1.67,0.96,1,0,0,0
2026-02-18T17:27:00+00:00,20.27,Services,Contactless,Credit,ID,Terminal,94,14.14,3,4.26,2.35,1.45,1,0,0,0
2026-01-19T11:11:00+00:00,47.54,Retail,Online,Credit,GB,Mobile,176,70.49,4,11.6,3.91,0.75,0,0,1,0
2026-02-21T11:17:00+00:00,28.3,Services,In-store,Debit,GB,Terminal,203,16.56,1,1.34,1.61,2.14,1,1,0,0
2026-01-31T10:08:00+00:00,16.51,Entertainment,Online,Prepaid,GB,Mobile,334,31.64,1,8.08,1.48,0.5,0,0,1,0
2026-01-01T05:24:00+00:00,60.08,Entertainment,Contactless,Debit,AU,Terminal,78,19.08,1,18.78,2.43,3.05,1,0,0,0
2026-01-19T11:36:00+00:00,33.14,Groceries,Online,Credit,ID,Desktop,189,20.67,2,20.66,11.24,1.84,0,0,1,0
2026-01-22T07:32:00+00:00,58.59,Groceries,In-store,Credit,SG,Terminal,121,79.61,4,13.04,5.42,0.74,1,1,0,0
2026-01-31T14:19:00+00:00,39.54,Dining,Online,Credit,AU,Mobile,42,52.22,4,6.98,1.63,0.77,0,0,1,0
2026-02-12T09:21:00+00:00,251.9,Travel,In-store,Credit,AU,Terminal,86,51.01,2,224.5,262.18,5.36,1,0,0,0
2026-01-10T10:30:00+00:00,30.96,Groceries,Contactless,Debit,GB,Terminal,79,25.65,1,6.75,2.48,1.34,1,1,0,0
2026-02-18T13:17:00+00:00,75.56,Groceries,In-store,Debit,SG,Terminal,181,39.4,1,45.55,3.47,1.82,1,0,0,0
2026-01-11T12:43:00+00:00,30.09,Services,In-store,Credit,JP,Terminal,72,77.07,2,9.98,3.17,0.4,1,0,0,0
2026-03-01T11:19:00+00:00,65.4,Retail,In-store,Credit,DE,Terminal,143,58.33,1,6.57,0.3,1.21,1,0,0,0
2026-01-24T21:53:00+00:00,22.89,Retail,Online,Credit,SG,Mobile,135,103.0,2,13.74,0.12,0.25,0,0,1,0
2026-02-26T05:14:00+00:00,91.88,Retail,In-store,Prepaid,JP,Terminal,211,112.99,1,7.8,3.09,0.83,1,0,0,0
2026-01-06T19:11:00+00:00,131.32,Dining,Contactless,Credit,AU,Terminal,96,51.22,5,9.47,1.05,2.27,1,1,0,0
2026-01-13T20:56:00+00:00,7.13,Dining,In-store,Credit,ID,Terminal,47,18.1,1,5.63,0.48,0.38,1,1,0,0
2026-03-01T22:04:00+00:00,12.25,Retail,Online,Prepaid,GB,Desktop,256,36.9,3,4.68,1.08,0.34,0,0,1,0
2026-01-11T19:00:00+00:00,62.4,Groceries,In-store,Credit,SG,Terminal,90,56.63,1,22.1,6.2,1.06,1,1,0,0
2026-01-20T18:13:00+00:00,94.9,Retail,Contactless,Credit,GB,Terminal,289,36.43,3,0.86,3.52,2.18,1,1,0,0
2026-02-03T10:10:00+00:00,36.6,Travel,Contactless,Debit,ID,Terminal,132,30.4,4,12.51,5.32,1.13,0,1,0,0
2026-01-12T09:33:00+00:00,18.51,Electronics,Contactless,Debit,ID,Terminal,140,63.14,1,4.37,3.87,0.28,1,0,0,0
2026-01-21T15:51:00+00:00,528.04,Retail,Online,Debit,US,Desktop,205,292.86,2,54.83,43.87,1.66,0,0,1,0
2026-02-12T14:05:00+00:00,42.21,Electronics,Online,Debit,JP,Mobile,210,43.93,1,2.53,5.35,0.98,0,0,1,0
2026-01-29T17:31:00+00:00,27.41,Groceries,ATM,Debit,AU,Terminal,127,60.23,1,7.1,4.42,0.44,0,0,0,0
2026-01-26T08:19:00+00:00,123.76,Dining,Online,Debit,AU,Mobile,99,25.72,3,498.51,97.76,5.13,0,0,1,0
2026-02-10T11:46:00+00:00,115.37,Groceries,Contactless,Debit,ID,Terminal,130,135.4,1,16.68,2.61,1.04,0,1,0,0
2026-02-27T16:18:00+00:00,75.91,Travel,Online,Debit,GB,Desktop,37,106.55,2,17.97,5.43,0.68,0,0,1,0
2026-02-20T15:18:00+00:00,303.06,Travel,ATM,Credit,DE,Terminal,266,101.87,1,1.35,1.16,2.84,1,1,0,0
2026-01-04T11:06:00+00:00,187.27,Dining,In-store,Credit,ID,Terminal,73,146.04,3,11.19,7.3,1.33,1,1,0,0
2026-02-07T08:00:00+00:00,102.32,Retail,In-store,Credit,ID,Terminal,93,45.71,1,16.47,4.33,1.96,1,1,0,0
2026-01-29T19:58:00+00:00,376.3,Groceries,Online,Credit,DE,Mobile,101,49.57,2,567.26,110.2,8.34,0,0,1,0
2026-01-26T18:25:00+00:00,122.5,Electronics,Online,Credit,SG,Mobile,174,183.35,1,12.84,11.37,0.84,0,0,1,0
2026-01-15T08:51:00+00:00,68.04,Groceries,In-store,Credit,ID,Terminal,122,91.04,3,0.88,0.67,0.82,0,1,0,0
2026-01-17T17:58:00+00:00,8.96,Entertainment,Contactless,Debit,AU,Terminal,214,14.26,1,2.49,1.55,0.77,1,1,0,0
2026-02-12T08:35:00+00:00,119.33,Groceries,In-store,Prepaid,JP,Terminal,192,81.1,3,33.2,1.24,1.41,1,1,0,0
2026-02-28T13:32:00+00:00,23.12,Dining,In-store,Credit,SG,Terminal,75,41.34,2,5.43,3.52,0.62,1,1,0,0
2026-02-02T13:53:00+00:00,330.74,Dining,In-store,Credit,SG,Terminal,76,108.18,1,85.24,8.02,2.69,1,1,0,0
2026-01-13T12:44:00+00:00,51.84,Retail,In-store,Prepaid,SG,Terminal,111,78.67,2,1.81,0.92,0.58,1,0,0,0
2026-01-15T11:17:00+00:00,18.2,Dining,In-store,Credit,DE,Terminal,221,19.47,2,41.27,67.05,1.05,1,0,0,0
2026-01-12T13:59:00+00:00,51.81,Groceries,Contactless,Credit,US,Terminal,195,71.86,1,3.77,1.27,0.8,1,1,0,0
2026-02-01T17:50:00+00:00,51.77,Retail,Contactless,Prepaid,US,Terminal,209,69.19,1,19.08,3.53,0.7,1,1,0,0
2026-02-12T11:01:00+00:00,308.12,Dining,In-store,Credit,DE,Terminal,112,76.42,2,5.34,2.47,3.55,1,1,0,0
2026-02-16T10:40:00+00:00,242.32,Groceries,Online,Debit,US,Desktop,90,87.72,3,506.36,115.14,3.59,0,0,1,1
2026-02-08T12:02:00+00:00,645.53,Dining,In-store,Credit,GB,Terminal,171,159.55,4,858.42,49.78,3.9,1,1,0,0
2026-02-28T22:13:00+00:00,36.29,Travel,In-store,Credit,DE,Terminal,88,78.97,1,3.76,7.15,0.61,1,1,0,0
2026-02-23T16:37:00+00:00,54.0,Travel,Contactless,Debit,US,Terminal,111,61.25,1,17.84,1.05,0.95,0,1,0,0
2026-01-14T19:40:00+00:00,127.17,Retail,Online,Prepaid,AU,Mobile,237,127.25,1,5.52,0.42,0.87,0,0,1,0
2026-02-24T13:13:00+00:00,176.82,Groceries,Online,Credit,DE,Mobile,384,259.25,3,8.99,0.8,0.46,0,0,1,0
2026-01-04T10:30:00+00:00,75.24,Services,Contactless,Credit,SG,Terminal,40,109.38,1,0.4,10.44,0.71,1,1,0,0
2026-02-14T06:05:00+00:00,79.04,Entertainment,In-store,Credit,GB,Terminal,161,68.99,3,5.1,8.59,1.35,1,1,0,0
2026-02-03T19:29:00+00:00,665.89,Services,Online,Credit,AU,Mobile,14,79.93,9,1789.87,14.77,8.91,0,0,1,1
2026-01-02T16:15:00+00:00,67.35,Dining,ATM,Credit,SG,Terminal,79,71.27,2,15.87,5.55,0.94,1,1,0,0
2026-01-19T18:55:00+00:00,53.6,Dining,In-store,Credit,AU,Terminal,186,61.07,1,19.59,0.34,0.96,1,1,0,0
2026-02-22T16:47:00+00:00,161.31,Dining,Contactless,Debit,US,Terminal,145,246.5,2,7.84,2.39,0.74,1,1,0,0
2026-02-14T03:23:00+00:00,23.72,Travel,Contactless,Debit,AU,Terminal,76,37.08,2,46.71,0.74,0.68,1,1,0,0
2026-02-03T12:25:00+00:00,70.24,Retail,Online,Prepaid,DE,Mobile,98,127.83,1,10.15,5.99,0.52,0,0,1,0
2026-02-16T11:55:00+00:00,19.13,Retail,Online,Credit,SG,Mobile,257,55.6,1,3.57,4.28,0.35,0,0,1,0
2026-01-12T13:52:00+00:00,12.28,Groceries,Online,Prepaid,US,Mobile,141,23.05,2,18.93,6.55,0.6,0,0,1,0
2026-01-12T16:49:00+00:00,79.12,Travel,Contactless,Credit,JP,Terminal,134,53.39,1,20.39,1.83,1.62,1,1,0,0
2026-02-07T14:32:00+00:00,28.44,Groceries,Online,Debit,US,Mobile,274,42.29,4,14.77,2.03,0.71,0,0,1,0
2026-01-27T15:25:00+00:00,57.45,Retail,In-store,Debit,ID,Terminal,231,87.83,2,4.74,0.55,0.74,1,0,0,0
2026-01-14T10:36:00+00:00,42.98,Retail,Online,Credit,GB,Mobile,102,64.03,1,10.07,0.88,0.74,0,0,1,0
2026-01-02T13:46:00+00:00,67.43,Entertainment,Online,Prepaid,GB,Mobile,206,31.05,2,34.21,6.35,2.0,0,0,1,0
2026-01-27T10:06:00+00:00,79.09,Travel,In-store,Credit,JP,Terminal,112,156.99,1,12.49,3.55,0.52,1,1,0,0
2026-02-13T09:06:00+00:00,545.88,Groceries,Online,Debit,AU,Mobile,47,122.56,9,87.75,122.04,5.59,0,0,1,1
2026-01-23T11:26:00+00:00,171.01,Retail,In-store,Debit,SG,Terminal,40,169.18,2,3.7,8.69,0.88,1,0,0,0
2026-02-02T10:30:00+00:00,71.54,Dining,In-store,Credit,ID,Terminal,90,70.39,2,3.52,0.67,0.96,1,1,0,0
2026-01-12T21:11:00+00:00,52.9,Dining,In-store,Credit,AU,Terminal,149,58.95,2,3.22,5.05,1.07,1,0,0,0
2026-02-28T10:03:00+00:00,86.94,Retail,Contactless,Credit,GB,Terminal,61,95.33,1,0.72,0.76,0.96,1,0,0,0
2026-02-18T15:30:00+00:00,56.45,Groceries,In-store,Credit,ID,Terminal,106,41.46,2,59.12,10.78,1.51,1,1,0,0
2026-01-21T15:11:00+00:00,65.0,Electronics,In-store,Debit,DE,Terminal,43,65.66,1,2.82,4.24,0.91,0,0,0,0
2026-01-30T15:08:00+00:00,139.63,Entertainment,Online,Credit,SG,Mobile,219,53.83,1,3.05,6.45,2.72,0,0,1,0
2026-02-09T17:21:00+00:00,111.99,Groceries,In-store,Credit,DE,Terminal,356,23.34,1,52.67,54.51,4.84,1,1,0,0
2026-01-09T15:54:00+00:00,20.53,Groceries,ATM,Credit,GB,Terminal,66,65.55,3,19.16,21.8,0.32,0,1,0,0
2026-02-04T19:05:00+00:00,51.25,Electronics,In-store,Credit,US,Terminal,44,45.3,1,6.69,18.15,1.37,1,0,0,0
2026-01-15T02:27:00+00:00,72.83,Dining,Contactless,Credit,DE,Terminal,196,51.54,1,5.02,3.78,1.18,1,1,0,0
2026-02-03T06:53:00+00:00,78.47,Groceries,ATM,Credit,SG,Terminal,159,76.44,2,5.32,7.97,0.94,1,1,0,0
2026-01-30T14:00:00+00:00,98.4,Services,Contactless,Debit,US,Terminal,183,137.99,3,14.11,1.82,0.79,1,1,0,0
2026-01-26T12:52:00+00:00,8.87,Dining,Online,Credit,GB,Mobile,219,34.75,1,4.36,0.69,0.25,0,0,1,0
2026-02-08T10:47:00+00:00,15.19,Dining,Contactless,Credit,DE,Terminal,147,48.48,2,0.83,5.45,0.28,1,1,0,0
2026-01-23T12:00:00+00:00,94.77,Dining,Contactless,Prepaid,US,Terminal,349,36.7,1,1.78,0.98,2.56,1,1,0,0
2026-02-16T16:24:00+00:00,141.14,Retail,Online,Debit,JP,Desktop,378,35.18,5,101.72,407.57,3.28,0,0,1,0
2026-01-14T19:05:00+00:00,100.64,Dining,Online,Credit,JP,Mobile,512,41.0,3,10.0,7.01,1.68,0,0,1,0
2026-01-03T09:22:00+00:00,17.85,Groceries,Contactless,Debit,DE,Terminal,568,53.11,3,20.55,3.11,0.34,1,1,0,0
2026-02-11T11:56:00+00:00,39.49,Retail,Contactless,Prepaid,ID,Terminal,81,88.31,1,37.05,2.94,0.48,1,0,0,0
2026-02-05T08:50:00+00:00,91.87,Retail,Online,Credit,JP,Mobile,283,74.31,1,1.22,6.61,1.41,0,0,1,0
2026-02-12T23:00:00+00:00,19.72,Services,ATM,Credit,ID,Terminal,153,30.36,2,14.62,3.24,0.87,1,1,0,0
2026-01-24T01:49:00+00:00,212.05,Electronics,In-store,Credit,DE,Terminal,35,139.94,3,3.76,1.64,1.29,1,1,0,0
2026-02-10T09:57:00+00:00,97.46,Retail,Online,Debit,GB,Mobile,192,111.48,2,184.16,0.54,0.92,0,0,1,0
2026-01-03T12:38:00+00:00,30.55,Dining,Contactless,Debit,ID,Terminal,81,33.59,1,33.85,6.42,0.81,1,1,0,0
2026-02-28T09:34:00+00:00,93.13,Dining,Contactless,Credit,JP,Terminal,134,133.71,3,48.04,3.55,0.61,1,0,0,0
2026-02-23T16:39:00+00:00,28.55,Dining,Online,Credit,SG,Mobile,60,74.63,1,17.86,38.69,0.44,0,0,1,0
2026-01-20T02:33:00+00:00,106.38,Retail,In-store,Credit,US,Terminal,334,54.51,3,11.25,2.23,2.2,0,1,0,0
2026-01-19T14:14:00+00:00,233.06,Services,Contactless,Debit,DE,Terminal,71,76.15,1,4.75,3.33,2.44,1,0,0,0
2026-01-10T09:02:00+00:00,28.51,Dining,In-store,Credit,US,Terminal,80,59.34,1,3.82,3.41,0.48,1,1,0,0
2026-02-28T15:02:00+00:00,36.74,Travel,Online,Credit,DE,Mobile,298,86.0,2,3.06,4.72,0.47,0,0,1,0
2026-01-04T08:21:00+00:00,44.27,Electronics,In-store,Debit,ID,Terminal,162,68.15,2,14.58,0.94,0.74,1,0,0,0
2026-02-19T09:44:00+00:00,276.82,Services,In-store,Debit,DE,Terminal,471,48.46,5,2481.06,101.78,5.82,1,1,0,0
2026-01-08T18:50:00+00:00,16.22,Retail,In-store,Credit,US,Terminal,250,16.17,1,4.99,5.63,0.82,0,0,0,0
2026-02-28T20:13:00+00:00,116.92,Groceries,In-store,Debit,GB,Terminal,290,85.0,3,3.34,1.76,1.26,1,0,0,0
2026-01-16T12:19:00+00:00,43.39,Dining,In-store,Credit,GB,Terminal,64,47.33,1,1.45,5.42,0.9,1,0,0,0
2026-01-27T15:00:00+00:00,105.75,Dining,Contactless,Debit,AU,Terminal,171,100.05,1,9.67,2.71,0.86,1,1,0,0
2026-01-04T16:54:00+00:00,407.75,Entertainment,Online,Credit,ID,Mobile,482,82.52,3,28.57,3.68,4.12,0,0,1,0
2026-01-18T17:09:00+00:00,33.51,Dining,Contactless,Credit,SG,Terminal,62,48.14,2,30.18,7.78,0.67,1,1,0,0
2026-02-26T14:30:00+00:00,429.49,Electronics,In-store,Prepaid,DE,Terminal,135,117.32,1,33.66,1.96,2.55,1,1,0,0
2026-02-05T15:03:00+00:00,151.11,Groceries,Online,Debit,ID,Desktop,125,68.93,3,11.67,0.58,2.26,0,0,1,0
2026-01-20T18:50:00+00:00,97.68,Groceries,Online,Credit,JP,Mobile,162,67.11,6,8.16,1.88,1.26,0,0,1,0
2026-02-23T14:52:00+00:00,14.66,Groceries,Online,Credit,DE,Desktop,228,55.16,2,30.28,1.08,0.28,0,0,1,0
2026-02-25T14:46:00+00:00,190.74,Groceries,Online,Debit,ID,Desktop,147,180.24,1,2.18,0.29,0.94,0,0,1,0
2026-01-25T11:10:00+00:00,24.65,Dining,Online,Debit,US,Mobile,555,37.95,1,4.55,2.21,0.67,0,0,1,0
2026-01-23T18:27:00+00:00,48.55,Retail,Online,Debit,AU,Mobile,25,48.92,1,48.52,3.0,0.93,0,0,1,0
2026-02-20T13:57:00+00:00,17.59,Groceries,Contactless,Debit,SG,Terminal,20,27.0,3,2.27,6.83,0.48,1,1,0,0
2026-02-02T14:50:00+00:00,161.58,Travel,ATM,Credit,JP,Terminal,112,96.77,3,7.11,0.79,1.48,1,1,0,0
2026-01-18T15:09:00+00:00,74.76,Retail,Online,Credit,AU,Mobile,328,41.33,2,14.8,2.69,1.7,0,0,1,0
2026-02-05T14:51:00+00:00,76.64,Dining,In-store,Credit,AU,Terminal,120,44.45,1,8.09,7.6,1.91,1,1,0,0
2026-01-22T13:28:00+00:00,32.19,Groceries,Online,Credit,AU,Desktop,100,43.12,3,26.16,1.38,0.73,0,0,1,0
2026-01-24T13:57:00+00:00,26.39,Retail,Contactless,Debit,AU,Terminal,35,62.85,1,39.58,4.2,0.48,1,1,0,0
2026-02-09T07:25:00+00:00,34.48,Retail,In-store,Credit,AU,Terminal,108,26.76,2,12.52,12.15,1.15,1,1,0,0
2026-01-22T18:04:00+00:00,43.06,Dining,Contactless,Credit,AU,Terminal,92,14.04,2,34.09,0.38,2.74,1,1,0,0
2026-02-01T07:29:00+00:00,76.49,Dining,Contactless,Credit,SG,Terminal,119,81.25,3,2.66,3.23,0.96,1,1,0,0
2026-02-09T23:48:00+00:00,23.17,Travel,In-store,Credit,US,Terminal,121,15.27,2,6.21,7.87,1.22,1,1,0,0
2026-02-24T22:49:00+00:00,102.26,Dining,Online,Credit,GB,Desktop,217,105.13,2,104.14,1.73,0.8,0,0,1,0
2026-02-24T19:39:00+00:00,114.47,Dining,In-store,Credit,GB,Terminal,98,166.18,1,62.63,9.84,0.68,1,0,0,0
2026-02-23T06:52:00+00:00,81.04,Groceries,Online,Credit,JP,Mobile,73,54.23,3,1.81,4.64,1.39,0,0,1,0
2026-02-14T02:42:00+00:00,112.44,Groceries,Contactless,Debit,GB,Terminal,136,140.42,3,7.29,14.43,0.86,1,1,0,0
2026-01-28T15:34:00+00:00,67.97,Retail,Contactless,Credit,GB,Terminal,132,59.4,2,8.58,4.4,1.19,0,1,0,0
2026-01-27T09:55:00+00:00,187.55,Retail,In-store,Credit,SG,Terminal,56,170.63,2,11.68,15.68,1.26,1,1,0,0
2026-01-05T21:16:00+00:00,48.27,Dining,In-store,Debit,US,Terminal,174,44.86,2,30.01,3.32,1.15,1,1,0,0
2026-02-17T16:02:00+00:00,16.7,Dining,In-store,Prepaid,ID,Terminal,55,12.97,2,55.87,0.63,1.3,1,1,0,0
2026-02-26T19:56:00+00:00,25.11,Retail,In-store,Debit,SG,Terminal,212,57.29,1,7.7,1.31,0.54,1,1,0,0
2026-02-07T23:45:00+00:00,527.67,Groceries,In-store,Credit,DE,Terminal,92,183.13,5,1531.78,304.41,2.67,1,1,0,0
2026-02-25T21:46:00+00:00,87.72,Services,In-store,Credit,US,Terminal,60,85.43,2,15.07,6.68,0.9,1,0,0,0
2026-01-31T07:22:00+00:00,39.35,Retail,ATM,Credit,AU,Terminal,935,43.17,2,7.22,1.8,0.91,1,1,0,0
2026-01-07T23:30:00+00:00,35.14,Electronics,In-store,Credit,DE,Terminal,144,74.72,1,1.14,14.94,0.67,0,1,0,0
2026-02-23T06:36:00+00:00,117.66,Dining,Online,Debit,US,Mobile,281,113.44,1,22.65,1.73,1.07,0,0,1,0
2026-01-25T17:38:00+00:00,77.19,Electronics,In-store,Credit,US,Terminal,127,57.07,1,14.38,3.9,1.62,1,1,0,0
2026-01-31T17:14:00+00:00,592.39,Groceries,Contactless,Credit,JP,Terminal,336,332.67,2,11.34,3.8,1.93,1,1,0,0
2026-02-06T10:23:00+00:00,115.36,Services,Online,Credit,JP,Mobile,224,43.11,1,2.51,0.65,2.22,0,0,1,0
2026-01-27T12:17:00+00:00,34.47,Groceries,In-store,Credit,DE,Terminal,110,115.77,1,63.76,2.2,0.41,1,1,0,0
2026-01-27T15:26:00+00:00,39.97,Dining,In-store,Credit,SG,Terminal,265,99.01,2,8.74,26.58,0.45,1,1,0,0
2026-02-10T13:36:00+00:00,32.9,Travel,In-store,Debit,SG,Terminal,308,38.29,1,2.11,0.98,0.77,1,1,0,0
2026-01-20T16:15:00+00:00,40.55,Travel,Online,Credit,DE,Mobile,100,45.79,4,1.76,4.6,0.97,0,0,1,0
2026-01-27T08:22:00+00:00,84.16,Dining,Online,Credit,GB,Mobile,132,116.95,1,15.57,0.78,0.8,0,0,1,0
2026-01-09T12:21:00+00:00,56.58,Travel,In-store,Debit,GB,Terminal,579,66.29,1,16.09,0.97,0.66,1,1,0,0
2026-01-18T17:17:00+00:00,60.35,Travel,Online,Prepaid,GB,Mobile,154,75.17,1,4.44,0.6,0.76,0,0,1,0
2026-02-13T00:48:00+00:00,29.3,Travel,Online,Credit,US,Mobile,292,20.83,2,12.29,6.3,1.25,0,0,1,0
2026-01-31T16:02:00+00:00,39.9,Travel,Online,Credit,SG,Mobile,239,92.43,2,15.4,1.03,0.4,0,0,1,0
2026-01-22T14:35:00+00:00,293.14,Travel,In-store,Credit,SG,Terminal,288,72.73,2,8.62,8.74,3.95,1,1,0,0
2026-02-26T20:09:00+00:00,63.8,Entertainment,Online,Credit,AU,Mobile,270,57.89,2,3.42,1.45,0.94,0,0,1,0
2026-01-13T22:29:00+00:00,173.09,Entertainment,Online,Credit,JP,Mobile,19,76.29,3,21.27,2.8,1.77,0,0,1,0
2026-01-31T16:36:00+00:00,23.94,Retail,Contactless,Debit,AU,Terminal,92,46.25,4,18.57,3.71,0.64,1,1,0,0
2026-01-05T14:28:00+00:00,53.88,Services,In-store,Credit,AU,Terminal,108,41.07,1,13.8,0.49,1.32,1,1,0,0
2026-03-01T14:24:00+00:00,50.36,Electronics,In-store,Credit,AU,Terminal,164,51.56,1,2.95,3.02,0.98,1,1,0,0
2026-02-20T13:35:00+00:00,66.27,Dining,Online,Debit,DE,Mobile,72,44.62,2,1.71,3.49,1.57,0,0,1,0
2026-02-19T17:01:00+00:00,230.84,Dining,Online,Debit,ID,Mobile,124,248.97,1,8.04,7.69,0.82,0,0,1,0
2026-01-17T11:54:00+00:00,272.62,Groceries,Contactless,Credit,DE,Terminal,55,109.15,2,20.54,0.94,2.42,1,1,0,0
2026-01-30T10:21:00+00:00,15.12,Groceries,Contactless,Credit,SG,Terminal,32,32.15,1,23.21,1.09,0.37,1,1,0,0
2026-01-28T13:02:00+00:00,434.95,Groceries,ATM,Credit,SG,Terminal,879,226.69,2,14.05,4.76,1.66,1,0,0,0
2026-01-21T23:21:00+00:00,275.8,Services,In-store,Prepaid,DE,Terminal,33,45.54,6,271.65,451.42,5.07,0,0,0,1
2026-01-02T18:21:00+00:00,25.84,Dining,In-store,Prepaid,JP,Terminal,327,61.51,1,3.05,1.36,0.49,1,1,0,0
2026-02-08T10:13:00+00:00,301.51,Retail,Contactless,Debit,US,Terminal,251,108.13,4,7.25,0.72,3.1,1,1,0,0
2026-01-02T12:36:00+00:00,44.33,Electronics,In-store,Credit,SG,Terminal,100,16.77,1,7.33,1.79,2.9,1,1,0,0
2026-02-27T10:09:00+00:00,80.01,Travel,Online,Credit,DE,Mobile,130,51.72,7,1507.22,39.91,1.3,0,0,1,1
2026-01-09T14:20:00+00:00,37.76,Dining,In-store,Credit,US,Terminal,71,41.57,2,4.36,3.66,1.03,1,0,0,0
2026-01-25T11:00:00+00:00,87.26,Groceries,In-store,Credit,US,Terminal,127,68.94,1,4.78,0.84,1.43,1,1,0,0
2026-01-19T15:13:00+00:00,80.53,Dining,Online,Credit,US,Mobile,205,76.75,1,70.84,6.51,1.21,0,0,1,0
2026-01-13T18:37:00+00:00,193.89,Electronics,In-store,Credit,AU,Terminal,137,57.38,1,40.7,3.04,2.36,1,1,0,0
2026-03-01T17:16:00+00:00,113.51,Retail,Contactless,Prepaid,JP,Terminal,120,55.68,2,2.8,6.71,2.08,1,1,0,0
2026-01-08T11:46:00+00:00,140.56,Dining,In-store,Debit,JP,Terminal,34,120.58,2,37.17,0.22,1.09,1,1,0,0
2026-02-18T14:30:00+00:00,239.72,Retail,Contactless,Credit,US,Terminal,230,73.4,1,2.15,0.42,3.79,1,1,0,0
2026-02-01T12:13:00+00:00,115.87,Dining,Online,Credit,JP,Desktop,254,61.99,1,4.58,8.96,1.65,0,0,1,0
2026-02-10T16:15:00+00:00,39.16,Travel,In-store,Prepaid,SG,Terminal,95,66.43,2,5.2,1.2,0.74,1,1,0,0
2026-01-27T19:19:00+00:00,114.85,Electronics,In-store,Debit,ID,Terminal,258,199.0,1,6.78,0.57,0.66,1,1,0,0
2026-01-01T19:32:00+00:00,122.49,Dining,In-store,Credit,GB,Terminal,160,67.51,2,14.61,2.01,2.0,1,1,0,1
2026-01-31T19:53:00+00:00,128.05,Services,Online,Debit,SG,Desktop,291,43.19,4,501.26,140.1,2.88,0,0,1,0
2026-01-02T12:14:00+00:00,11.27,Entertainment,In-store,Credit,GB,Terminal,232,17.45,3,14.53,2.1,0.72,1,1,0,0
2026-01-30T18:57:00+00:00,117.63,Electronics,In-store,Debit,AU,Terminal,109,23.76,2,286.57,175.57,4.06,1,1,0,0
2026-02-04T12:39:00+00:00,54.73,Dining,Online,Credit,GB,Mobile,582,44.54,3,11.15,3.43,1.15,0,0,1,0
2026-02-04T07:33:00+00:00,42.1,Retail,Contactless,Debit,SG,Terminal,72,56.24,1,8.06,3.25,0.82,1,0,0,0
2026-02-12T15:18:00+00:00,19.53,Travel,Contactless,Credit,JP,Terminal,16,42.05,4,1.6,9.47,0.41,0,1,0,0
2026-01-19T15:23:00+00:00,136.68,Travel,Contactless,Credit,US,Terminal,21,75.81,1,12.57,2.42,1.9,0,0,0,0
2026-03-01T17:45:00+00:00,27.74,Dining,ATM,Credit,GB,Terminal,183,41.7,3,8.21,2.35,0.72,1,1,0,0
2026-01-29T19:59:00+00:00,120.83,Services,Online,Credit,DE,Mobile,27,33.3,2,3.37,5.49,3.23,0,0,1,0
2026-02-11T20:30:00+00:00,371.6,Retail,Contactless,Credit,SG,Terminal,86,89.86,3,279.41,191.07,5.69,1,0,0,0
2026-01-26T16:03:00+00:00,327.44,Entertainment,Online,Debit,DE,Desktop,294,146.95,2,4.76,1.0,2.03,0,0,1,0
2026-01-22T15:34:00+00:00,36.55,Entertainment,In-store,Credit,GB,Terminal,23,29.38,1,5.64,2.24,1.36,1,0,0,0
2026-02-01T01:17:00+00:00,134.4,Dining,In-store,Credit,AU,Terminal,113,70.7,2,51.15,3.81,2.09,1,1,0,0
2026-02-20T08:46:00+00:00,29.66,Entertainment,Online,Credit,ID,Mobile,127,17.49,2,73.65,1.37,1.31,0,0,1,0
2026-01-27T08:31:00+00:00,23.06,Retail,Online,Debit,AU,Mobile,45,23.14,3,0.37,1.43,1.07,0,0,1,0
2026-01-05T10:08:00+00:00,84.72,Groceries,In-store,Credit,JP,Terminal,160,41.15,1,12.64,0.61,1.82,1,1,0,0
2026-02-09T20:14:00+00:00,564.14,Retail,Online,Credit,SG,Mobile,117,126.18,2,21.12,0.14,4.31,0,0,1,0
2026-01-21T17:54:00+00:00,29.86,Groceries,Contactless,Credit,AU,Terminal,206,36.37,1,5.83,1.69,0.78,1,1,0,0
2026-02-12T15:55:00+00:00,51.93,Retail,Contactless,Credit,GB,Terminal,129,35.5,2,20.51,2.79,1.51,1,1,0,0
2026-02-19T08:22:00+00:00,54.64,Retail,Online,Debit,GB,Mobile,95,61.77,2,45.59,0.82,0.92,0,0,1,0
2026-01-25T16:31:00+00:00,95.25,Retail,ATM,Credit,DE,Terminal,172,61.81,3,1.63,9.76,1.26,1,1,0,0
2026-02-25T17:20:00+00:00,38.74,Electronics,In-store,Debit,ID,Terminal,326,36.22,2,8.56,0.86,0.95,1,1,0,0
2026-02-13T11:53:00+00:00,49.81,Groceries,In-store,Prepaid,JP,Terminal,352,219.43,1,63.59,6.13,0.24,0,1,0,0
2026-02-10T10:50:00+00:00,36.14,Dining,Online,Credit,JP,Mobile,204,50.78,4,1.89,3.74,0.82,0,0,1,0
2026-02-24T16:19:00+00:00,103.29,Travel,In-store,Debit,GB,Terminal,238,64.96,2,6.51,21.68,1.72,1,1,0,0
2026-02-22T08:14:00+00:00,30.33,Travel,Online,Credit,JP,Mobile,84,46.47,2,4.51,4.22,0.57,0,0,1,0
2026-02-16T15:09:00+00:00,152.96,Services,Contactless,Prepaid,JP,Terminal,111,80.32,1,23.5,0.58,1.63,1,0,0,0
2026-03-01T22:46:00+00:00,149.71,Travel,In-store,Credit,GB,Terminal,186,134.66,1,27.4,7.06,1.03,1,1,0,0
2026-02-16T02:54:00+00:00,118.21,Dining,Online,Credit,US,Mobile,159,177.93,1,8.83,13.43,0.82,0,0,1,0
2026-02-21T09:31:00+00:00,65.64,Retail,Contactless,Credit,ID,Terminal,205,36.76,2,7.66,0.42,1.62,1,0,0,0
2026-02-13T14:28:00+00:00,205.87,Retail,Online,Prepaid,JP,Mobile,368,123.41,6,1.12,4.66,1.41,0,0,1,0
2026-01-28T06:22:00+00:00,105.7,Travel,In-store,Credit,US,Terminal,123,86.25,4,35.35,5.81,1.2,1,1,0,0
2026-01-24T16:47:00+00:00,254.85,Entertainment,In-store,Debit,JP,Terminal,47,113.69,1,5.01,1.99,1.73,1,1,0,0
2026-02-18T07:02:00+00:00,255.82,Dining,In-store,Debit,GB,Terminal,71,56.84,4,381.25,9.76,5.34,0,0,0,0
2026-02-27T09:18:00+00:00,19.45,Services,In-store,Debit,JP,Terminal,155,53.43,2,21.52,1.83,0.33,1,0,0,0
2026-02-04T14:36:00+00:00,70.89,Entertainment,Contactless,Credit,DE,Terminal,103,110.85,4,9.18,1.38,0.73,1,1,0,0
2026-01-12T18:06:00+00:00,38.84,Services,Online,Debit,ID,Desktop,56,112.23,1,22.29,11.36,0.3,0,0,1,0
2026-02-18T12:21:00+00:00,250.88,Travel,In-store,Credit,SG,Terminal,130,166.95,1,14.35,2.25,1.39,1,1,0,0
2026-01-18T05:38:00+00:00,139.61,Services,In-store,Credit,AU,Terminal,80,68.65,2,9.25,1.63,1.61,1,0,0,0
2026-02-14T11:20:00+00:00,99.42,Dining,Online,Credit,ID,Mobile,202,56.29,2,10.4,1.37,1.66,0,0,1,0
2026-01-13T06:15:00+00:00,14.47,Groceries,In-store,Prepaid,ID,Terminal,389,12.2,3,2.15,3.41,1.25,1,1,0,0
2026-02-21T08:43:00+00:00,170.54,Retail,Online,Credit,SG,Mobile,101,21.17,5,378.46,116.38,8.59,0,0,1,1
2026-01-30T13:55:00+00:00,80.14,Services,Online,Debit,US,Mobile,70,46.7,3,1469.17,49.9,1.77,0,0,1,0
2026-01-23T19:12:00+00:00,23.84,Groceries,Online,Credit,SG,Mobile,86,29.5,1,2.75,3.2,0.86,0,0,1,0
2026-02-14T20:17:00+00:00,46.86,Retail,Contactless,Debit,DE,Terminal,45,102.43,1,3.36,1.41,0.38,1,1,0,0
2026-02-12T16:12:00+00:00,22.47,Travel,Online,Debit,GB,Mobile,294,25.75,1,2.81,0.18,0.74,0,0,1,0
2026-01-16T19:17:00+00:00,90.17,Groceries,Contactless,Credit,AU,Terminal,147,43.56,2,8.75,4.8,2.51,1,0,0,0
2026-01-05T14:55:00+00:00,416.75,Dining,Online,Credit,SG,Mobile,411,44.69,3,2085.54,195.04,9.28,0,0,1,0
2026-02-27T21:45:00+00:00,185.27,Services,Online,Credit,US,Mobile,205,132.04,2,13.49,3.0,1.39,0,0,1,0
2026-02-28T17:48:00+00:00,154.54,Travel,Online,Credit,JP,Mobile,32,40.64,9,40.66,70.64,4.21,0,0,1,1
2026-02-09T16:22:00+00:00,42.73,Retail,In-store,Debit,DE,Terminal,38,80.97,4,15.08,2.29,0.5,1,0,0,0
2026-01-07T10:07:00+00:00,85.89,Retail,Online,Debit,US,Mobile,166,68.53,2,4.54,5.58,1.04,0,0,1,0
2026-02-26T17:08:00+00:00,224.01,Dining,Online,Debit,SG,Mobile,586,108.54,2,12.94,1.31,1.84,0,0,1,0
2026-01-28T19:55:00+00:00,148.69,Retail,Online,Debit,ID,Mobile,244,104.86,1,6.27,5.81,1.19,0,0,1,0
2026-02-06T13:14:00+00:00,18.57,Retail,In-store,Debit,AU,Terminal,122,59.04,1,2.87,0.56,0.35,1,1,0,0
2026-02-10T12:06:00+00:00,19.83,Groceries,Online,Credit,SG,Mobile,242,20.03,1,6.83,2.91,0.98,0,0,1,0
2026-02-05T12:39:00+00:00,13.24,Retail,Online,Prepaid,GB,Mobile,224,51.9,2,4.55,2.52,0.28,0,0,1,0
2026-01-14T17:19:00+00:00,93.39,Entertainment,Contactless,Prepaid,JP,Terminal,326,59.56,1,10.37,6.7,1.52,1,1,0,0
2026-02-27T19:07:00+00:00,45.56,Groceries,Online,Credit,US,Desktop,24,72.67,6,2.79,0.98,0.6,0,0,1,0
2026-02-01T12:20:00+00:00,18.3,Dining,Online,Prepaid,ID,Mobile,182,37.36,1,2.14,1.09,0.43,0,0,1,0
2026-02-26T07:41:00+00:00,230.32,Electronics,Contactless,Prepaid,GB,Terminal,47,126.67,1,16.53,0.61,1.53,1,1,0,0
2026-01-09T04:20:00+00:00,86.94,Groceries,Contactless,Debit,GB,Terminal,36,60.88,1,25.02,1.4,1.31,1,1,0,0
2026-02-11T18:56:00+00:00,31.62,Groceries,In-store,Debit,SG,Terminal,219,33.17,2,13.99,3.18,1.07,1,1,0,0
2026-01-11T11:26:00+00:00,134.99,Groceries,Contactless,Credit,AU,Terminal,321,44.8,3,3.62,0.41,3.59,1,1,0,0
2026-01-07T18:08:00+00:00,309.47,Services,Contactless,Credit,SG,Terminal,134,211.36,2,3.27,1.58,1.37,1,0,0,0
2026-02-22T08:53:00+00:00,69.9,Retail,Online,Credit,US,Mobile,126,92.93,2,3.49,4.53,0.62,0,0,1,0
2026-01-08T03:16:00+00:00,151.44,Travel,In-store,Credit,ID,Terminal,171,119.28,2,19.68,2.22,1.27,1,1,0,0
2026-01-03T11:21:00+00:00,19.43,Travel,Online,Debit,DE,Mobile,301,30.66,2,2.98,2.65,0.77,0,0,1,0
2026-01-03T11:20:00+00:00,102.38,Groceries,In-store,Credit,DE,Terminal,251,38.56,1,19.54,0.55,2.02,1,0,0,0
2026-01-22T23:29:00+00:00,231.58,Electronics,Online,Credit,DE,Desktop,169,38.75,5,898.38,99.48,5.61,0,0,1,0
2026-01-09T10:35:00+00:00,81.26,Retail,Contactless,Credit,ID,Terminal,217,68.02,3,28.83,2.53,1.17,1,1,0,0
2026-01-05T17:33:00+00:00,17.48,Retail,Contactless,Credit,US,Terminal,238,53.89,1,23.79,2.09,0.38,0,1,0,0
2026-02-02T20:38:00+00:00,42.18,Dining,ATM,Debit,US,Terminal,63,43.9,2,13.42,2.87,0.96,1,1,0,0
2026-01-13T18:16:00+00:00,46.42,Groceries,Online,Debit,US,Mobile,195,47.62,1,1.47,1.81,0.89,0,0,1,0
2026-01-27T22:57:00+00:00,18.81,Entertainment,Contactless,Credit,US,Terminal,54,36.01,2,14.46,1.56,0.49,1,1,0,0
2026-01-07T09:28:00+00:00,39.54,Dining,Contactless,Credit,AU,Terminal,285,53.68,1,8.39,0.87,0.8,1,1,0,0
2026-02-11T05:59:00+00:00,762.3,Retail,Online,Credit,DE,Mobile,80,124.41,7,295.72,291.33,6.17,0,0,1,1
2026-01-26T14:04:00+00:00,97.87,Groceries,Online,Debit,AU,Mobile,140,22.57,2,1995.09,32.24,4.7,0,0,1,0
2026-02-23T19:19:00+00:00,36.09,Dining,In-store,Credit,JP,Terminal,117,75.58,1,6.26,2.88,0.38,1,1,0,0
2026-02-18T17:49:00+00:00,129.54,Services,Contactless,Credit,US,Terminal,300,147.98,1,4.13,15.08,0.78,1,1,0,0
2026-01-23T17:12:00+00:00,34.56,Groceries,Online,Credit,DE,Desktop,162,53.57,2,25.44,7.4,0.69,0,0,1,0
2026-01-20T12:38:00+00:00,38.26,Retail,Online,Debit,ID,Desktop,160,42.79,2,4.73,4.09,1.04,0,0,1,0
2026-02-22T16:14:00+00:00,111.04,Travel,ATM,Credit,DE,Terminal,169,110.03,3,3.91,3.16,0.97,1,1,0,0
2026-01-22T19:49:00+00:00,21.35,Dining,In-store,Debit,SG,Terminal,178,31.83,2,2.14,2.16,0.72,1,0,0,0
2026-02-23T09:36:00+00:00,39.31,Electronics,Online,Credit,AU,Desktop,304,59.46,3,3.0,1.0,0.7,0,0,1,0
2026-01-06T03:29:00+00:00,25.49,Dining,ATM,Debit,DE,Terminal,43,30.7,1,3.29,1.91,0.96,1,1,0,0
2026-02-10T11:16:00+00:00,26.31,Groceries,In-store,Debit,DE,Terminal,123,17.89,2,14.63,4.37,1.68,1,0,0,0
2026-01-27T19:55:00+00:00,61.26,Groceries,Online,Credit,US,Desktop,32,54.66,1,2.41,3.63,1.1,0,0,1,0
2026-02-20T13:48:00+00:00,57.19,Electronics,In-store,Debit,US,Terminal,177,26.54,3,0.96,5.41,2.23,1,1,0,0
2026-01-06T10:27:00+00:00,154.4,Groceries,Online,Credit,ID,Mobile,85,59.88,2,10.31,8.33,1.86,0,0,1,0
2026-02-25T20:27:00+00:00,314.18,Groceries,Contactless,Credit,ID,Terminal,148,124.56,2,3.68,2.1,2.33,1,0,0,0
2026-03-01T04:45:00+00:00,373.94,Groceries,Contactless,Debit,DE,Terminal,78,201.39,1,7.26,2.98,2.16,1,1,0,0
2026-01-28T18:00:00+00:00,652.09,Retail,In-store,Debit,US,Terminal,75,64.12,3,1827.41,16.46,12.42,1,1,0,0
2026-02-09T18:46:00+00:00,55.66,Retail,In-store,Debit,GB,Terminal,99,117.04,1,7.99,23.48,0.45,1,1,0,0
2026-01-31T14:47:00+00:00,522.77,Electronics,Online,Credit,JP,Desktop,142,78.2,4,2346.27,72.69,7.04,0,0,1,0
2026-02-06T10:44:00+00:00,109.88,Entertainment,In-store,Debit,US,Terminal,217,47.04,2,6.86,4.72,1.96,1,1,0,0
2026-01-31T22:25:00+00:00,200.93,Electronics,Online,Credit,JP,Desktop,26,17.27,7,1349.72,72.64,11.22,0,0,1,1
2026-02-09T12:27:00+00:00,76.83,Groceries,In-store,Credit,SG,Terminal,147,173.68,2,4.05,1.59,0.57,1,0,0,0
2026-01-28T08:59:00+00:00,37.08,Travel,ATM,Credit,GB,Terminal,178,30.51,2,8.32,1.94,1.39,0,1,0,0
2026-03-01T07:41:00+00:00,670.24,Retail,Online,Debit,AU,Mobile,31,148.24,5,159.77,31.65,4.94,0,0,1,1
2026-02-26T09:45:00+00:00,262.85,Retail,Contactless,Credit,DE,Terminal,175,85.53,2,3.02,0.21,2.9,1,0,0,0
2026-02-17T23:27:00+00:00,55.62,Retail,Online,Credit,DE,Mobile,54,32.0,4,348.23,350.62,1.99,0,0,1,0
2026-01-06T15:33:00+00:00,43.19,Dining,Contactless,Credit,US,Terminal,71,73.91,2,1.71,4.24,0.57,1,1,0,0
2026-01-14T08:22:00+00:00,60.95,Groceries,In-store,Credit,SG,Terminal,281,241.38,1,8.8,0.98,0.3,1,1,0,0
2026-01-22T15:07:00+00:00,165.45,Retail,In-store,Credit,GB,Terminal,28,163.72,1,5.3,3.86,1.01,1,1,0,0
2026-01-08T12:48:00+00:00,170.45,Dining,In-store,Debit,ID,Terminal,105,43.24,1,9.56,5.61,3.76,1,1,0,0
2026-02-24T09:31:00+00:00,41.25,Entertainment,In-store,Credit,US,Terminal,140,37.99,3,1.74,1.23,0.9,0,1,0,0
2026-01-17T11:31:00+00:00,65.35,Dining,Contactless,Debit,AU,Terminal,159,64.4,1,15.99,3.71,0.98,1,1,0,0
2026-02-16T10:36:00+00:00,322.91,Dining,In-store,Credit,US,Terminal,163,54.19,5,2885.27,300.91,6.63,1,0,0,0
2026-02-24T15:40:00+00:00,137.25,Groceries,In-store,Credit,SG,Terminal,114,131.61,1,37.91,0.58,0.86,1,0,0,0
2026-01-18T10:51:00+00:00,110.37,Retail,Contactless,Credit,SG,Terminal,102,97.59,2,60.0,4.19,1.16,1,1,0,0
2026-02-13T04:44:00+00:00,26.15,Groceries,Online,Credit,DE,Desktop,74,20.09,2,7.74,3.54,1.18,0,0,1,0
2026-02-09T18:48:00+00:00,41.03,Groceries,Contactless,Debit,DE,Terminal,396,81.3,1,5.02,16.13,0.55,1,1,0,0
2026-02-08T11:42:00+00:00,47.33,Groceries,In-store,Credit,ID,Terminal,230,53.71,1,12.63,4.29,0.87,1,1,0,0
2026-01-01T11:56:00+00:00,81.45,Services,Contactless,Debit,SG,Terminal,164,61.81,2,5.69,1.63,1.46,1,1,0,0
2026-02-02T13:07:00+00:00,121.44,Groceries,Contactless,Credit,AU,Terminal,127,70.94,2,1.09,1.83,1.64,1,0,0,0
2026-02-01T18:42:00+00:00,301.49,Groceries,Online,Credit,JP,Mobile,88,131.52,1,18.2,18.6,2.06,0,0,1,0
2026-01-01T15:07:00+00:00,121.41,Groceries,Online,Credit,US,Mobile,129,113.93,2,5.71,1.72,1.14,0,0,1,0
2026-02-25T07:28:00+00:00,39.71,Retail,Contactless,Credit,JP,Terminal,68,37.06,1,1.47,4.42,1.15,1,0,0,0
2026-02-15T13:02:00+00:00,456.42,Groceries,ATM,Debit,DE,Terminal,350,58.08,4,254.9,86.63,7.5,1,1,0,0
2026-02-07T17:24:00+00:00,25.85,Electronics,ATM,Credit,US,Terminal,72,45.08,3,5.85,7.25,0.64,1,1,0,0
2026-01-22T04:22:00+00:00,10.33,Travel,Online,Debit,JP,Desktop,55,20.22,2,7.49,7.62,0.62,0,0,1,0
2026-02-24T04:28:00+00:00,50.27,Retail,In-store,Credit,ID,Terminal,1077,56.2,2,7.59,2.4,0.85,1,0,0,0
2026-01-26T16:50:00+00:00,82.65,Electronics,Contactless,Credit,SG,Terminal,121,200.15,2,33.31,1.64,0.42,1,1,0,0
2026-01-05T14:18:00+00:00,23.17,Groceries,In-store,Debit,JP,Terminal,73,19.83,1,1.79,1.6,1.19,1,1,0,0
2026-03-01T09:06:00+00:00,112.45,Retail,In-store,Credit,SG,Terminal,229,59.4,1,6.25,0.44,1.77,1,0,0,0
2026-02-02T16:08:00+00:00,37.68,Services,Online,Credit,JP,Mobile,52,58.18,1,2.81,2.72,0.59,0,0,1,0
2026-02-05T07:48:00+00:00,86.13,Entertainment,Online,Credit,ID,Mobile,82,72.75,1,29.42,2.67,1.21,0,0,1,0
2026-02-11T13:15:00+00:00,17.43,Groceries,Contactless,Debit,AU,Terminal,235,32.27,2,3.98,1.09,0.62,1,1,0,0
2026-01-10T18:22:00+00:00,10.81,Travel,In-store,Credit,US,Terminal,602,23.9,2,5.06,0.39,0.49,0,1,0,0
2026-01-02T09:41:00+00:00,87.74,Dining,In-store,Credit,GB,Terminal,275,24.63,1,23.45,3.02,3.3,1,1,0,0
2026-01-28T15:53:00+00:00,72.35,Services,Online,Debit,GB,Desktop,223,143.32,1,31.73,3.43,0.5,0,0,1,0
2026-02-21T12:04:00+00:00,12.39,Retail,ATM,Credit,DE,Terminal,356,31.86,2,37.33,3.65,0.42,1,1,0,0
2026-03-01T20:46:00+00:00,41.53,Retail,Contactless,Credit,US,Terminal,110,43.61,2,1.21,0.91,1.05,1,1,0,0
2026-01-16T16:23:00+00:00,1429.12,Travel,Contactless,Debit,GB,Terminal,48,236.99,5,758.4,163.49,5.56,1,0,0,0
2026-03-01T12:31:00+00:00,50.79,Retail,Online,Prepaid,US,Mobile,82,37.44,2,9.95,2.06,1.4,0,0,1,0
2026-02-21T13:10:00+00:00,265.38,Electronics,In-store,Credit,GB,Terminal,351,75.38,2,6.98,5.84,3.19,1,1,0,0
2026-02-19T14:07:00+00:00,77.01,Retail,In-store,Credit,US,Terminal,58,120.48,2,7.95,0.93,0.57,1,0,0,0
2026-01-17T23:41:00+00:00,72.31,Electronics,In-store,Credit,GB,Terminal,121,116.77,1,30.4,7.77,0.64,1,0,0,0
2026-02-13T17:37:00+00:00,71.91,Retail,Online,Credit,AU,Mobile,138,25.39,2,23.16,11.13,2.5,0,0,1,0
2026-02-28T17:20:00+00:00,63.85,Electronics,Online,Credit,SG,Mobile,180,37.95,1,19.82,2.76,1.65,0,0,1,0
2026-02-04T23:21:00+00:00,115.28,Retail,Online,Debit,US,Mobile,205,73.44,1,9.28,3.68,1.52,0,0,1,0
2026-02-23T09:31:00+00:00,101.86,Retail,In-store,Debit,SG,Terminal,212,211.42,4,89.81,5.39,0.64,1,1,0,0
2026-01-17T13:26:00+00:00,60.15,Retail,In-store,Credit,JP,Terminal,1068,36.78,1,4.76,0.88,1.86,1,1,0,0
2026-02-21T22:50:00+00:00,59.02,Travel,In-store,Debit,DE,Terminal,230,43.78,1,1.25,1.51,1.52,0,1,0,0
2026-01-11T19:13:00+00:00,78.95,Retail,In-store,Credit,ID,Terminal,370,79.26,4,5.52,2.96,1.04,1,0,0,0
2026-02-11T09:31:00+00:00,58.85,Groceries,Contactless,Credit,JP,Terminal,140,90.27,4,7.87,18.67,0.64,1,1,0,0
2026-01-22T12:39:00+00:00,94.49,Entertainment,Online,Debit,JP,Mobile,545,93.89,1,30.98,0.74,0.99,0,0,1,0
2026-01-25T09:17:00+00:00,92.67,Groceries,ATM,Credit,AU,Terminal,78,34.81,3,4.21,12.65,2.57,1,0,0,0
2026-02-14T16:11:00+00:00,18.3,Retail,Contactless,Credit,ID,Terminal,275,42.7,1,12.68,2.03,0.47,1,1,0,0
2026-01-28T15:35:00+00:00,42.69,Travel,In-store,Credit,ID,Terminal,125,69.41,4,1.46,2.38,0.56,1,1,0,0
2026-02-20T15:23:00+00:00,108.47,Retail,Contactless,Credit,GB,Terminal,269,137.07,3,24.28,8.31,0.63,1,1,0,0
2026-02-05T20:58:00+00:00,180.25,Travel,Online,Debit,AU,Mobile,198,51.68,2,480.66,830.02,3.65,0,0,1,0
2026-01-31T07:12:00+00:00,49.87,Groceries,In-store,Credit,JP,Terminal,331,59.47,5,5.43,3.75,0.91,0,1,0,0
2026-01-17T21:34:00+00:00,47.39,Services,ATM,Credit,GB,Terminal,192,30.97,2,77.08,7.88,1.67,1,0,0,0
2026-02-08T13:25:00+00:00,251.71,Retail,Contactless,Prepaid,ID,Terminal,130,202.57,3,23.97,0.98,1.23,1,1,0,0
2026-01-16T02:20:00+00:00,59.72,Dining,Online,Credit,ID,Mobile,273,66.7,1,2.35,1.45,0.96,0,0,1,0
2026-02-14T20:34:00+00:00,106.41,Entertainment,In-store,Debit,AU,Terminal,75,121.58,1,6.55,0.64,1.1,1,1,0,0
2026-01-30T21:46:00+00:00,69.2,Travel,Contactless,Credit,US,Terminal,39,61.52,3,149.9,1.47,1.36,0,1,0,0
2026-02-01T21:17:00+00:00,23.7,Retail,Online,Credit,ID,Mobile,29,63.78,2,65.15,4.33,0.33,0,0,1,0
2026-02-01T18:37:00+00:00,246.12,Retail,In-store,Prepaid,JP,Terminal,482,22.76,4,1230.6,135.93,9.16,1,0,0,0
2026-01-03T10:50:00+00:00,10.15,Dining,Online,Prepaid,DE,Mobile,161,14.91,2,0.97,13.83,0.55,0,0,1,0
2026-02-17T11:58:00+00:00,98.32,Dining,In-store,Credit,GB,Terminal,189,136.15,1,31.99,19.2,0.7,1,1,0,0
2026-03-01T11:37:00+00:00,324.73,Retail,In-store,Debit,JP,Terminal,105,63.48,1,221.69,95.92,5.82,1,0,0,0
2026-02-14T10:09:00+00:00,57.43,Electronics,Online,Credit,US,Mobile,168,69.0,3,31.69,1.25,0.88,0,0,1,0
2026-01-11T21:50:00+00:00,140.63,Retail,Online,Credit,DE,Mobile,27,26.79,9,201.35,350.74,6.37,0,0,1,1
2026-02-07T14:59:00+00:00,27.72,Services,Contactless,Credit,AU,Terminal,133,33.55,2,12.65,8.71,1.01,1,1,0,0
2026-01-10T10:56:00+00:00,95.99,Travel,Contactless,Credit,ID,Terminal,38,120.36,2,3.65,3.82,0.77,1,1,0,0
2026-02-09T17:41:00+00:00,477.71,Dining,Online,Credit,JP,Mobile,36,187.0,1,4.95,4.98,2.38,0,0,1,0
2026-01-27T15:07:00+00:00,74.42,Travel,In-store,Debit,AU,Terminal,54,40.29,2,14.65,4.26,1.43,1,1,0,0
2026-02-22T12:36:00+00:00,524.78,Retail,Online,Credit,AU,Mobile,24,93.36,10,104.5,40.9,5.68,0,0,1,1
2026-02-04T20:10:00+00:00,81.15,Groceries,Contactless,Credit,DE,Terminal,352,68.27,1,100.45,0.73,1.42,1,1,0,0
2026-01-04T14:45:00+00:00,32.74,Entertainment,Contactless,Debit,ID,Terminal,795,55.79,3,2.39,2.34,0.6,1,0,0,0
2026-02-22T15:02:00+00:00,689.12,Services,Contactless,Credit,AU,Terminal,301,201.09,1,2.24,2.01,3.56,1,1,0,0
2026-02-04T03:09:00+00:00,19.83,Retail,Contactless,Credit,JP,Terminal,14,44.94,2,14.7,3.24,0.47,1,1,0,0
2026-02-23T15:41:00+00:00,139.95,Entertainment,Online,Debit,SG,Desktop,465,135.16,2,30.6,2.16,0.99,0,0,1,0
2026-01-04T12:15:00+00:00,51.03,Groceries,In-store,Credit,GB,Terminal,103,77.32,3,5.18,0.45,0.77,1,1,0,0
2026-01-15T17:05:00+00:00,45.83,Travel,Online,Credit,JP,Mobile,45,59.68,3,2.27,0.3,0.75,0,0,1,0
2026-01-07T13:07:00+00:00,569.57,Entertainment,In-store,Prepaid,GB,Terminal,170,147.2,6,161.64,229.85,3.56,0,0,0,1
2026-01-18T12:18:00+00:00,50.13,Retail,Online,Debit,US,Desktop,101,72.86,1,2.38,1.27,0.57,0,0,1,0
2026-01-29T06:29:00+00:00,113.8,Retail,ATM,Credit,GB,Terminal,68,56.67,1,10.37,1.95,1.93,1,0,0,0
2026-02-09T21:42:00+00:00,378.16,Dining,In-store,Debit,GB,Terminal,92,147.91,6,412.82,62.93,2.23,1,1,0,0
2026-01-24T12:30:00+00:00,217.92,Dining,In-store,Debit,US,Terminal,107,135.91,1,11.8,0.99,1.7,1,1,0,0
2026-01-29T08:25:00+00:00,174.83,Dining,Online,Credit,ID,Mobile,206,131.8,3,11.04,0.96,1.38,0,0,1,0
2026-02-14T17:54:00+00:00,6.95,Travel,Online,Debit,SG,Mobile,155,8.0,3,18.3,6.82,0.73,0,0,1,0
2026-01-25T06:46:00+00:00,440.55,Entertainment,Online,Credit,JP,Mobile,28,80.33,7,284.02,86.56,6.55,0,0,1,1
2026-02-19T17:26:00+00:00,55.01,Retail,In-store,Debit,AU,Terminal,34,69.26,1,3.28,4.64,0.84,0,1,0,0
2026-01-07T19:59:00+00:00,31.86,Services,Online,Credit,AU,Mobile,77,58.99,2,8.78,5.31,0.47,0,0,1,0
2026-02-17T19:43:00+00:00,40.97,Retail,In-store,Credit,SG,Terminal,160,89.69,1,6.96,3.38,0.47,1,1,0,0
2026-02-18T23:21:00+00:00,487.17,Services,Online,Credit,AU,Mobile,80,71.48,5,588.89,245.19,7.07,0,0,1,0
2026-02-04T12:24:00+00:00,121.55,Electronics,Contactless,Credit,DE,Terminal,148,93.74,3,3.38,2.5,1.34,0,0,0,0
2026-01-18T11:04:00+00:00,55.21,Electronics,Contactless,Credit,AU,Terminal,135,50.69,1,14.98,9.62,1.07,1,1,0,0
2026-01-01T08:47:00+00:00,133.26,Entertainment,In-store,Debit,SG,Terminal,300,159.78,1,2.02,5.6,0.72,1,1,0,0
2026-03-01T19:36:00+00:00,92.61,Retail,Online,Credit,GB,Desktop,164,100.11,1,4.55,6.4,0.82,0,0,1,0
2026-01-02T21:06:00+00:00,64.86,Travel,In-store,Credit,JP,Terminal,248,85.85,2,25.58,0.96,0.75,1,0,0,0
2026-01-06T11:09:00+00:00,29.96,Groceries,Contactless,Debit,SG,Terminal,115,83.17,2,2.13,3.2,0.31,1,1,0,0
2026-01-12T15:06:00+00:00,128.33,Groceries,Online,Debit,ID,Mobile,424,128.03,2,23.46,0.39,0.96,0,0,1,0
2026-01-12T10:09:00+00:00,167.29,Dining,Contactless,Credit,AU,Terminal,97,117.23,2,1.57,9.98,1.28,1,1,0,0
2026-01-17T19:19:00+00:00,47.23,Dining,In-store,Credit,DE,Terminal,74,56.08,1,1.29,1.32,0.96,1,1,0,0
2026-01-13T03:45:00+00:00,398.05,Travel,Online,Debit,US,Mobile,114,114.86,6,1.43,1.51,2.76,0,0,1,1
2026-01-28T16:59:00+00:00,34.43,Dining,Contactless,Credit,JP,Terminal,86,67.57,2,8.4,0.63,0.5,1,1,0,0
2026-02-23T14:25:00+00:00,89.91,Retail,Online,Credit,DE,Mobile,62,209.77,2,16.49,2.37,0.61,0,0,1,0
2026-01-23T11:32:00+00:00,781.91,Groceries,Contactless,Prepaid,GB,Terminal,61,123.16,5,1847.99,84.08,5.12,0,1,0,0
2026-01-09T20:32:00+00:00,220.33,Entertainment,In-store,Credit,DE,Terminal,94,40.18,3,1692.83,680.41,5.48,1,1,0,0
2026-01-10T13:39:00+00:00,74.05,Travel,Contactless,Debit,US,Terminal,111,274.5,1,19.09,5.81,0.28,1,1,0,0
2026-02-20T14:41:00+00:00,19.08,Groceries,Contactless,Credit,JP,Terminal,179,15.39,4,2.96,1.47,1.34,1,1,0,0
2026-01-06T07:05:00+00:00,104.1,Retail,Online,Prepaid,ID,Desktop,230,91.31,1,2.93,0.46,1.08,0,0,1,0
2026-02-27T12:34:00+00:00,8.48,Electronics,Online,Credit,ID,Mobile,137,38.38,2,17.58,0.25,0.25,0,0,1,0
2026-01-02T09:23:00+00:00,163.38,Groceries,ATM,Debit,SG,Terminal,261,205.08,1,35.28,0.88,0.86,1,0,0,0
2026-01-03T14:48:00+00:00,37.01,Entertainment,In-store,Prepaid,DE,Terminal,237,71.12,2,2.38,0.65,0.56,1,1,0,0
2026-01-05T15:55:00+00:00,24.17,Groceries,Online,Credit,US,Mobile,70,36.02,4,30.67,3.49,0.7,0,0,1,0
2026-02-25T10:21:00+00:00,19.11,Travel,In-store,Credit,DE,Terminal,67,50.74,1,0.89,2.13,0.4,1,0,0,0
2026-01-01T21:34:00+00:00,50.65,Retail,Online,Credit,GB,Mobile,98,37.94,3,11.35,2.5,1.19,0,0,1,0
2026-02-23T11:15:00+00:00,141.0,Retail,Online,Debit,ID,Desktop,29,49.46,5,6.59,0.95,2.75,0,0,1,0
2026-01-02T16:03:00+00:00,55.8,Retail,In-store,Credit,DE,Terminal,142,48.73,3,5.9,2.86,1.09,1,1,0,0
2026-02-13T22:08:00+00:00,9.7,Dining,Contactless,Debit,US,Terminal,114,37.03,2,7.65,0.59,0.24,1,0,0,0
2026-01-27T18:51:00+00:00,78.3,Travel,Online,Credit,ID,Desktop,420,71.92,2,2.89,2.25,1.1,0,0,1,0
2026-01-15T17:19:00+00:00,55.76,Dining,Online,Credit,GB,Mobile,290,77.81,2,12.07,5.64,0.82,0,0,1,0
2026-02-10T05:06:00+00:00,18.62,Electronics,Online,Credit,JP,Mobile,109,31.58,1,7.9,1.71,0.47,0,0,1,0
2026-02-12T14:14:00+00:00,135.9,Retail,In-store,Credit,DE,Terminal,266,20.53,5,1247.43,171.34,5.87,1,0,0,0
2026-01-26T17:37:00+00:00,740.44,Services,Contactless,Credit,DE,Terminal,119,73.86,5,2564.27,15.23,8.13,1,1,0,0
2026-01-07T16:25:00+00:00,59.49,Dining,Online,Credit,US,Mobile,186,85.26,1,8.5,0.31,0.61,0,0,1,0
2026-01-16T14:09:00+00:00,30.44,Groceries,Online,Credit,JP,Desktop,34,96.99,2,3.0,3.41,0.33,0,0,1,0
2026-01-02T20:28:00+00:00,16.87,Dining,Online,Credit,US,Mobile,90,86.34,2,2.11,7.01,0.27,0,0,1,0
2026-02-06T14:52:00+00:00,87.34,Groceries,Online,Credit,ID,Mobile,150,167.71,1,47.85,1.94,0.61,0,0,1,0
2026-01-22T18:27:00+00:00,105.05,Electronics,In-store,Debit,SG,Terminal,111,115.36,3,41.57,21.01,0.84,1,1,0,0
2026-02-07T19:58:00+00:00,227.86,Groceries,In-store,Debit,SG,Terminal,332,344.43,2,19.61,0.58,0.67,1,1,0,0
2026-02-02T03:22:00+00:00,1322.4,Dining,Online,Credit,DE,Mobile,57,452.79,7,476.2,55.7,3.08,0,0,1,1
2026-02-12T08:15:00+00:00,18.26,Travel,In-store,Debit,DE,Terminal,206,19.24,1,18.11,2.83,1.31,1,1,0,0
2026-01-28T17:35:00+00:00,90.66,Services,Contactless,Credit,ID,Terminal,156,14.47,2,1872.28,174.93,6.28,1,0,0,0
2026-01-18T18:50:00+00:00,54.51,Retail,Online,Debit,GB,Mobile,136,60.05,1,3.74,1.37,1.04,0,0,1,0
2026-02-07T16:48:00+00:00,116.72,Dining,Contactless,Debit,JP,Terminal,256,83.74,2,7.64,0.85,1.53,0,1,0,0
2026-02-27T12:54:00+00:00,39.42,Groceries,In-store,Credit,US,Terminal,469,57.44,2,2.19,4.57,0.61,1,1,0,0
2026-02-11T11:03:00+00:00,39.05,Groceries,Contactless,Credit,GB,Terminal,31,95.33,1,6.41,2.81,0.47,1,0,0,0
2026-01-11T16:45:00+00:00,29.94,Groceries,Online,Debit,GB,Mobile,66,50.62,1,40.39,1.74,0.67,0,0,1,0
2026-01-16T17:01:00+00:00,25.19,Groceries,Online,Debit,GB,Mobile,140,38.43,1,24.2,4.05,0.64,0,0,1,0
2026-02-27T20:46:00+00:00,12.29,Dining,Contactless,Credit,US,Terminal,345,42.4,2,8.57,2.15,0.26,1,0,0,0
2026-02-13T11:15:00+00:00,33.09,Groceries,In-store,Debit,SG,Terminal,233,52.98,3,0.38,2.14,0.66,1,1,0,0
2026-02-07T11:42:00+00:00,231.37,Electronics,In-store,Credit,AU,Terminal,75,104.41,1,3.59,2.06,1.83,1,1,0,0
2026-02-13T17:23:00+00:00,56.48,Electronics,Online,Prepaid,GB,Mobile,102,43.97,1,8.27,1.08,1.52,0,0,1,0
2026-01-17T22:04:00+00:00,52.92,Retail,ATM,Prepaid,AU,Terminal,227,50.01,2,5.83,0.98,1.28,1,1,0,0
2026-02-25T11:41:00+00:00,71.67,Retail,Contactless,Debit,ID,Terminal,88,87.41,2,7.66,1.45,1.0,1,1,0,0
2026-01-12T10:21:00+00:00,96.96,Groceries,Online,Debit,ID,Mobile,163,53.03,2,9.65,2.54,2.27,0,0,1,0
2026-02-26T20:09:00+00:00,62.32,Travel,Contactless,Prepaid,DE,Terminal,83,124.69,2,4.11,0.38,0.48,0,0,0,0
2026-01-14T02:18:00+00:00,14.84,Dining,Online,Credit,GB,Desktop,62,33.19,5,7.33,6.33,0.51,0,0,1,1
2026-01-19T12:11:00+00:00,44.48,Retail,In-store,Credit,AU,Terminal,209,28.83,3,6.27,2.51,1.85,1,0,0,0
2026-02-08T23:12:00+00:00,72.57,Dining,Contactless,Credit,GB,Terminal,20,73.55,1,3.41,0.85,0.94,0,1,0,0
2026-01-30T18:26:00+00:00,53.18,Retail,Contactless,Credit,AU,Terminal,473,78.48,2,56.32,12.39,0.61,1,1,0,0
2026-02-27T10:27:00+00:00,51.24,Retail,In-store,Credit,DE,Terminal,510,34.39,1,4.37,2.56,1.3,1,1,0,0
2026-02-21T21:19:00+00:00,113.89,Groceries,ATM,Debit,GB,Terminal,32,144.51,1,0.62,0.65,0.7,1,0,0,0
2026-02-22T19:15:00+00:00,102.78,Travel,In-store,Credit,DE,Terminal,114,210.86,2,52.54,11.84,0.55,1,1,0,0
2026-02-04T22:49:00+00:00,22.45,Electronics,Contactless,Debit,AU,Terminal,42,40.12,1,2.91,9.53,0.54,1,0,0,0
2026-02-28T12:31:00+00:00,190.7,Retail,Contactless,Debit,JP,Terminal,30,158.66,1,19.88,0.99,1.13,0,1,0,0
2026-02-13T16:13:00+00:00,12.65,Retail,In-store,Prepaid,ID,Terminal,236,12.83,1,3.49,1.78,1.05,1,1,0,0
2026-01-20T12:28:00+00:00,293.32,Retail,Online,Credit,JP,Mobile,477,121.45,2,13.82,1.56,2.36,0,0,1,0
2026-02-05T13:59:00+00:00,22.64,Dining,Online,Debit,DE,Mobile,132,34.55,1,7.01,0.37,0.77,0,0,1,0
2026-01-24T16:00:00+00:00,80.03,Retail,In-store,Credit,JP,Terminal,400,113.8,4,22.21,3.4,0.76,1,0,0,0
2026-01-17T12:55:00+00:00,76.41,Electronics,Online,Credit,DE,Mobile,84,32.3,2,5.84,5.73,2.25,0,0,1,0
2026-02-14T12:07:00+00:00,119.41,Travel,In-store,Debit,SG,Terminal,48,57.71,2,3.59,4.74,1.7,0,0,0,0
2026-01-25T14:15:00+00:00,41.8,Travel,In-store,Credit,SG,Terminal,102,35.64,1,9.8,2.54,1.01,0,1,0,0
2026-01-16T07:35:00+00:00,20.07,Groceries,ATM,Debit,AU,Terminal,77,52.51,1,4.85,6.31,0.35,1,1,0,0
2026-02-21T23:13:00+00:00,111.77,Dining,In-store,Debit,DE,Terminal,181,198.23,2,0.89,0.79,0.56,1,0,0,0
2026-01-21T16:58:00+00:00,26.75,Groceries,Online,Credit,AU,Mobile,95,56.25,9,3.81,15.15,0.48,0,0,1,1
2026-02-14T13:44:00+00:00,186.07,Groceries,In-store,Credit,GB,Terminal,59,237.86,1,173.41,1.14,0.94,1,1,0,0
2026-01-18T17:34:00+00:00,28.37,Retail,In-store,Debit,ID,Terminal,52,46.96,2,1.0,1.27,0.67,1,1,0,0
2026-01-23T14:23:00+00:00,1824.53,Retail,Online,Debit,US,Mobile,82,159.12,6,581.23,61.85,12.73,0,0,1,1
2026-01-25T14:55:00+00:00,7.88,Retail,In-store,Credit,SG,Terminal,105,20.97,2,5.66,1.29,0.35,1,1,0,0
2026-01-30T17:21:00+00:00,129.88,Dining,Contactless,Credit,DE,Terminal,231,50.09,5,3361.23,90.67,2.29,1,1,0,0
2026-02-16T07:59:00+00:00,256.97,Electronics,Contactless,Credit,DE,Terminal,75,42.59,6,131.35,87.23,5.48,1,1,0,0
2026-01-22T14:59:00+00:00,1244.57,Services,Online,Debit,DE,Desktop,28,163.94,12,498.42,125.17,6.51,0,0,1,1
2026-01-01T09:41:00+00:00,12.75,Travel,Online,Debit,DE,Desktop,275,68.06,2,15.72,1.08,0.19,0,0,1,0
2026-01-10T18:41:00+00:00,4.3,Entertainment,In-store,Credit,SG,Terminal,238,15.53,1,6.07,2.91,0.31,0,1,0,0
2026-01-02T13:35:00+00:00,20.06,Groceries,Online,Credit,DE,Mobile,355,25.75,1,3.18,0.83,0.78,0,0,1,0
2026-02-24T16:57:00+00:00,60.84,Electronics,In-store,Debit,JP,Terminal,115,31.24,1,7.21,5.12,2.14,0,1,0,0
2026-01-01T15:34:00+00:00,358.91,Retail,In-store,Credit,GB,Terminal,332,110.73,2,5.26,5.05,2.98,1,1,0,0
2026-02-25T12:56:00+00:00,354.1,Dining,Online,Credit,DE,Desktop,183,101.82,2,316.23,109.31,3.64,0,0,1,0
2026-02-08T21:12:00+00:00,40.7,Groceries,Contactless,Prepaid,AU,Terminal,178,49.64,1,20.57,1.28,0.83,0,1,0,0
2026-01-01T22:25:00+00:00,129.64,Travel,Online,Prepaid,SG,Mobile,24,42.24,8,694.54,150.07,2.8,0,0,1,1
2026-01-22T10:09:00+00:00,119.33,Dining,Online,Credit,GB,Mobile,213,96.13,2,13.56,1.01,1.37,0,0,1,0
2026-02-16T20:00:00+00:00,78.16,Electronics,Contactless,Debit,SG,Terminal,112,28.96,1,10.63,2.55,2.38,1,0,0,0
2026-01-29T11:17:00+00:00,137.14,Retail,In-store,Credit,GB,Terminal,494,81.25,1,21.24,2.11,2.01,0,1,0,0
2026-02-18T07:56:00+00:00,72.53,Entertainment,ATM,Credit,DE,Terminal,134,76.87,2,31.02,34.12,0.91,1,1,0,0
2026-01-28T09:19:00+00:00,27.38,Groceries,Online,Debit,AU,Desktop,118,50.48,2,5.39,0.72,0.55,0,0,1,0
2026-01-22T12:49:00+00:00,80.73,Retail,In-store,Credit,ID,Terminal,328,78.14,1,18.2,0.17,0.93,1,1,0,0
2026-01-13T19:16:00+00:00,117.19,Groceries,Online,Debit,JP,Mobile,142,64.48,2,1.78,1.3,2.17,0,0,1,0
2026-02-09T16:40:00+00:00,49.21,Retail,Online,Credit,DE,Mobile,73,83.37,2,0.62,0.44,0.72,0,0,1,0
2026-02-17T08:11:00+00:00,8.37,Travel,Online,Credit,JP,Mobile,45,25.35,1,55.09,1.19,0.3,0,0,1,0
2026-02-11T14:28:00+00:00,63.14,Retail,Online,Debit,SG,Mobile,71,89.97,2,5.12,0.67,0.74,0,0,1,0
2026-01-12T15:45:00+00:00,90.24,Travel,In-store,Credit,JP,Terminal,37,117.6,3,9.75,1.0,0.78,1,0,0,0
2026-01-22T18:53:00+00:00,20.36,Entertainment,In-store,Credit,ID,Terminal,125,74.34,1,1.92,0.85,0.3,0,1,0,0
2026-02-11T14:22:00+00:00,107.05,Dining,Online,Credit,GB,Mobile,245,89.19,1,1.82,6.44,1.07,0,0,1,0
2026-01-13T11:34:00+00:00,73.79,Travel,In-store,Credit,JP,Terminal,90,56.18,1,3.37,2.34,1.26,1,1,0,0
2026-02-14T23:34:00+00:00,324.99,Groceries,Online,Credit,DE,Mobile,790,107.7,1,14.99,7.21,2.92,0,0,1,0
2026-02-25T10:26:00+00:00,21.85,Retail,Contactless,Credit,JP,Terminal,49,62.95,1,4.19,2.56,0.4,1,1,0,0
2026-01-16T22:23:00+00:00,44.34,Groceries,Contactless,Credit,GB,Terminal,194,28.61,2,5.11,6.23,1.45,0,0,0,0
2026-01-23T09:55:00+00:00,151.96,Groceries,Online,Credit,JP,Mobile,182,102.84,1,3.26,1.82,1.68,0,0,1,0
2026-02-12T14:26:00+00:00,24.39,Groceries,ATM,Credit,DE,Terminal,99,20.86,1,26.64,12.12,1.27,1,0,0,0
2026-02-14T08:44:00+00:00,30.03,Dining,Online,Credit,US,Desktop,120,72.52,2,19.21,3.94,0.49,0,0,1,0
2026-01-14T20:25:00+00:00,21.97,Dining,Contactless,Credit,AU,Terminal,430,47.01,5,4.34,1.13,0.48,1,1,0,0
2026-01-30T22:32:00+00:00,259.14,Entertainment,Online,Debit,DE,Mobile,94,45.09,7,946.27,204.21,5.0,0,0,1,1
2026-02-01T19:34:00+00:00,67.84,Electronics,In-store,Debit,JP,Terminal,258,67.48,1,5.64,2.53,0.98,1,1,0,0
2026-02-19T18:11:00+00:00,23.45,Travel,Online,Credit,SG,Mobile,69,38.05,2,5.1,2.01,0.65,0,0,1,0
2026-02-13T09:13:00+00:00,175.55,Entertainment,Online,Debit,JP,Mobile,189,84.18,2,7.0,2.71,2.06,0,0,1,0
2026-01-09T05:40:00+00:00,45.69,Dining,In-store,Prepaid,JP,Terminal,237,62.61,1,14.99,5.21,0.72,0,1,0,0
2026-01-09T20:58:00+00:00,11.63,Entertainment,ATM,Prepaid,SG,Terminal,246,40.4,1,2.77,0.3,0.29,1,1,0,0
2026-02-24T14:40:00+00:00,604.23,Groceries,In-store,Prepaid,SG,Terminal,50,144.0,5,774.82,77.41,4.1,1,1,0,0
2026-02-10T19:36:00+00:00,382.1,Groceries,Contactless,Credit,ID,Terminal,170,68.93,3,6957.69,217.6,6.35,1,0,0,0
2026-02-21T16:59:00+00:00,105.2,Electronics,In-store,Debit,AU,Terminal,169,90.92,3,9.04,3.15,1.14,1,1,0,0
2026-01-08T17:41:00+00:00,136.98,Electronics,Contactless,Debit,ID,Terminal,294,151.53,2,7.69,0.8,1.14,1,1,0,0
2026-02-01T13:53:00+00:00,376.61,Groceries,Online,Credit,JP,Mobile,111,149.92,1,6.74,0.23,2.33,0,0,1,0
2026-01-05T17:20:00+00:00,35.25,Dining,In-store,Credit,DE,Terminal,59,87.96,1,12.5,13.48,0.46,1,1,0,0
2026-01-29T20:48:00+00:00,41.0,Entertainment,ATM,Credit,JP,Terminal,69,49.56,1,1.26,2.04,0.71,1,1,0,0
2026-01-21T16:51:00+00:00,41.71,Retail,Online,Credit,US,Mobile,173,23.82,1,48.0,11.18,2.41,0,0,1,0
2026-01-19T21:49:00+00:00,23.39,Electronics,Online,Credit,ID,Desktop,302,69.02,1,21.74,5.45,0.27,0,0,1,0
2026-01-14T10:22:00+00:00,88.68,Groceries,Contactless,Credit,ID,Terminal,103,122.91,2,3.64,1.11,0.89,1,1,0,0
2026-01-08T18:44:00+00:00,128.54,Services,Contactless,Credit,SG,Terminal,164,75.97,4,7.65,0.2,1.98,1,1,0,0
2026-01-09T14:50:00+00:00,16.3,Retail,In-store,Credit,US,Terminal,32,8.0,1,4.0,1.55,1.96,1,0,0,0
2026-02-02T06:35:00+00:00,160.01,Travel,In-store,Debit,GB,Terminal,30,106.22,2,10.27,2.37,1.39,1,0,0,0
2026-01-16T16:13:00+00:00,150.45,Electronics,Online,Credit,US,Mobile,187,110.55,2,7.9,3.86,1.41,0,0,1,0
2026-01-19T15:11:00+00:00,26.97,Retail,Online,Credit,ID,Mobile,185,49.61,1,9.5,0.81,0.48,0,0,1,0
2026-02-15T23:50:00+00:00,223.69,Entertainment,ATM,Credit,JP,Terminal,221,114.71,1,2.38,2.94,2.16,1,1,0,0
2026-01-25T16:10:00+00:00,37.8,Groceries,In-store,Credit,JP,Terminal,31,90.76,1,4.35,2.94,0.44,1,1,0,0
2026-02-21T08:57:00+00:00,16.91,Retail,In-store,Credit,ID,Terminal,371,38.65,3,26.07,6.59,0.46,1,1,0,0
2026-02-07T23:35:00+00:00,150.93,Travel,In-store,Prepaid,SG,Terminal,90,137.87,1,4.11,1.81,1.17,0,1,0,0
2026-02-26T11:12:00+00:00,14.0,Retail,ATM,Debit,DE,Terminal,87,26.47,2,0.4,3.83,0.68,1,1,0,0
2026-02-12T16:12:00+00:00,60.81,Services,Contactless,Credit,ID,Terminal,214,58.14,1,6.26,3.28,1.05,1,1,0,0
2026-02-27T15:02:00+00:00,64.72,Dining,Contactless,Debit,SG,Terminal,142,54.49,1,104.86,5.9,1.21,1,1,0,0
2026-02-13T12:35:00+00:00,112.85,Entertainment,In-store,Credit,ID,Terminal,439,35.29,2,18.8,1.08,2.78,1,1,0,0
2026-02-07T12:49:00+00:00,383.45,Travel,In-store,Credit,DE,Terminal,222,73.51,2,234.5,5.1,6.17,1,1,0,0
2026-01-23T16:44:00+00:00,81.87,Services,In-store,Credit,US,Terminal,395,141.42,2,6.99,1.94,0.63,1,1,0,0
2026-02-11T19:35:00+00:00,222.94,Dining,In-store,Credit,JP,Terminal,100,135.78,3,15.61,1.95,1.4,1,1,0,0
2026-01-25T21:35:00+00:00,55.3,Groceries,Online,Credit,JP,Mobile,316,96.58,1,1.07,0.77,0.55,0,0,1,0
2026-01-19T23:14:00+00:00,35.0,Retail,Contactless,Credit,JP,Terminal,28,20.04,1,2.88,0.54,1.63,0,0,0,0
2026-01-02T08:49:00+00:00,25.81,Groceries,In-store,Credit,ID,Terminal,126,25.32,3,11.45,1.38,0.96,1,1,0,0
2026-02-23T09:32:00+00:00,84.43,Entertainment,In-store,Debit,GB,Terminal,52,67.22,4,42.69,2.19,1.18,1,1,0,0
2026-01-18T09:50:00+00:00,22.88,Services,Online,Credit,DE,Mobile,147,59.01,3,4.56,2.71,0.31,0,0,1,0
2026-01-21T22:59:00+00:00,10.1,Retail,Online,Debit,ID,Mobile,152,43.65,3,41.42,0.25,0.23,0,0,1,0
2026-02-17T07:52:00+00:00,66.43,Groceries,Contactless,Debit,ID,Terminal,262,208.19,2,3.22,0.43,0.36,1,1,0,0
2026-02-14T16:56:00+00:00,191.37,Retail,Online,Credit,GB,Desktop,160,64.64,1,0.18,7.61,2.72,0,0,1,0
2026-02-10T21:45:00+00:00,36.13,Dining,Online,Credit,ID,Mobile,80,85.85,1,16.75,2.03,0.45,0,0,1,0
2026-02-17T15:18:00+00:00,164.33,Groceries,Online,Credit,JP,Desktop,97,114.68,4,13.39,2.45,1.45,0,0,1,0
2026-02-28T00:17:00+00:00,40.69,Services,Online,Credit,AU,Mobile,155,62.53,2,16.61,0.65,0.62,0,0,1,0
2026-02-28T06:41:00+00:00,1186.3,Groceries,In-store,Debit,US,Terminal,85,325.12,7,959.89,109.46,4.06,1,0,0,0
2026-01-29T16:14:00+00:00,27.51,Dining,In-store,Credit,GB,Terminal,309,32.75,1,9.12,1.69,0.9,1,1,0,0
2026-01-02T12:30:00+00:00,110.73,Electronics,Contactless,Credit,AU,Terminal,103,40.69,1,5.56,1.33,2.56,1,1,0,0
2026-01-08T14:41:00+00:00,40.38,Retail,In-store,Debit,ID,Terminal,275,32.69,2,5.8,0.57,1.33,0,1,0,0
2026-01-16T04:17:00+00:00,221.63,Electronics,In-store,Debit,AU,Terminal,83,166.62,2,4.45,1.03,1.17,1,0,0,0
2026-02-02T20:06:00+00:00,184.4,Travel,In-store,Credit,AU,Terminal,208,101.63,1,4.76,17.67,2.06,1,0,0,0
2026-01-29T20:08:00+00:00,23.22,Entertainment,In-store,Credit,JP,Terminal,116,42.36,1,1.01,1.73,0.62,1,1,0,0
2026-02-06T15:41:00+00:00,78.94,Services,ATM,Credit,JP,Terminal,304,34.41,1,1.94,5.42,1.79,1,1,0,0
2026-02-17T13:07:00+00:00,196.38,Dining,In-store,Credit,SG,Terminal,513,148.44,1,6.17,2.02,1.61,1,1,0,0
2026-02-12T12:47:00+00:00,121.92,Travel,Contactless,Credit,AU,Terminal,155,76.33,2,0.63,1.8,1.6,1,1,0,0
2026-02-13T09:01:00+00:00,160.99,Services,In-store,Credit,DE,Terminal,508,150.92,1,0.81,1.3,0.84,1,1,0,0
2026-02-20T21:46:00+00:00,40.69,Electronics,In-store,Credit,JP,Terminal,120,58.03,3,5.12,9.45,0.7,1,1,0,0
2026-01-05T13:38:00+00:00,53.96,Dining,Online,Debit,SG,Desktop,154,84.14,2,6.42,3.57,0.54,0,0,1,0
2026-01-24T07:15:00+00:00,44.68,Retail,Online,Credit,US,Mobile,124,73.34,1,5.23,1.12,0.56,0,0,1,0
2026-02-21T18:16:00+00:00,107.22,Groceries,Online,Debit,GB,Desktop,66,40.22,3,32.53,74.14,2.67,0,0,1,0
2026-01-08T22:31:00+00:00,62.6,Entertainment,Contactless,Credit,DE,Terminal,374,54.94,1,40.76,7.21,1.16,0,1,0,0
2026-01-25T11:35:00+00:00,86.76,Retail,Online,Credit,GB,Mobile,149,27.94,2,91.85,6.43,4.09,0,0,1,0
2026-02-17T16:50:00+00:00,96.27,Entertainment,Contactless,Prepaid,GB,Terminal,100,83.19,1,3.0,3.36,1.21,1,1,0,0
2026-02-21T23:45:00+00:00,127.42,Dining,In-store,Credit,AU,Terminal,81,98.97,1,1.84,4.21,1.25,0,0,0,0
2026-02-19T08:31:00+00:00,56.64,Electronics,Contactless,Credit,US,Terminal,505,114.85,2,30.84,1.16,0.48,1,1,0,0
2026-02-23T18:00:00+00:00,60.23,Groceries,In-store,Debit,DE,Terminal,121,93.06,2,11.75,2.87,0.47,1,0,0,0
2026-01-04T13:55:00+00:00,46.13,Groceries,Contactless,Credit,AU,Terminal,120,55.52,1,4.39,4.06,0.8,0,0,0,0
2026-02-25T16:26:00+00:00,102.53,Services,Contactless,Debit,JP,Terminal,275,165.47,3,4.06,0.72,0.57,1,1,0,0
2026-01-30T09:50:00+00:00,67.06,Dining,In-store,Credit,ID,Terminal,396,107.77,1,9.0,5.71,0.53,1,0,0,0
2026-02-17T10:16:00+00:00,421.64,Travel,Contactless,Credit,GB,Terminal,93,148.79,4,1.88,3.31,2.64,1,1,0,0
2026-01-17T14:22:00+00:00,54.68,Services,In-store,Debit,SG,Terminal,208,154.99,3,11.23,2.11,0.36,0,1,0,0
2026-02-15T10:36:00+00:00,178.06,Dining,Contactless,Credit,GB,Terminal,207,55.61,2,4.04,2.73,3.24,0,1,0,0
2026-01-09T15:43:00+00:00,81.91,Retail,Online,Credit,US,Mobile,118,77.64,1,13.09,4.99,1.1,0,0,1,0
2026-01-31T07:08:00+00:00,179.95,Groceries,Online,Debit,DE,Mobile,102,99.83,2,12.61,24.93,1.7,0,0,1,0
2026-01-03T18:47:00+00:00,44.22,Dining,In-store,Credit,ID,Terminal,87,28.59,1,3.85,4.53,1.58,1,0,0,0
2026-02-03T10:34:00+00:00,42.57,Electronics,Contactless,Debit,US,Terminal,278,29.0,3,0.77,5.53,1.35,1,0,0,0
2026-03-01T17:48:00+00:00,58.83,Dining,Contactless,Credit,SG,Terminal,160,25.93,1,5.63,2.98,2.59,0,1,0,0
2026-01-31T09:35:00+00:00,27.05,Travel,Online,Debit,AU,Mobile,141,56.25,1,1.5,16.47,0.47,0,0,1,0
2026-01-03T18:32:00+00:00,49.81,Travel,In-store,Credit,JP,Terminal,81,48.59,1,8.06,0.57,0.84,1,1,0,0
2026-01-31T11:38:00+00:00,12.54,Retail,Contactless,Credit,GB,Terminal,92,23.73,14,5.57,0.43,0.54,1,0,0,1
2026-01-13T09:30:00+00:00,27.25,Dining,In-store,Prepaid,AU,Terminal,167,66.49,2,3.87,2.87,0.32,0,1,0,0
2026-01-13T11:06:00+00:00,35.49,Entertainment,Contactless,Debit,DE,Terminal,73,56.7,1,1.78,4.76,0.61,0,1,0,0
2026-02-04T17:20:00+00:00,380.73,Retail,In-store,Credit,GB,Terminal,105,130.12,2,27.26,0.19,2.95,0,1,0,0
2026-01-20T03:58:00+00:00,187.93,Travel,Online,Prepaid,US,Mobile,228,223.28,1,4.49,2.45,0.83,0,0,1,0
2026-01-24T17:15:00+00:00,246.16,Dining,Online,Credit,GB,Desktop,39,81.18,3,98.37,2.05,3.16,0,0,1,0
2026-01-11T10:26:00+00:00,99.78,Travel,Online,Credit,ID,Mobile,131,38.37,1,7.68,5.18,3.36,0,0,1,0
2026-02-08T23:13:00+00:00,608.97,Entertainment,ATM,Debit,AU,Terminal,241,91.87,3,10.88,3.78,5.91,1,1,0,0
2026-02-13T11:27:00+00:00,242.86,Entertainment,Contactless,Debit,DE,Terminal,159,60.71,1,7.71,0.4,3.01,0,1,0,0
2026-02-23T08:46:00+00:00,218.86,Electronics,In-store,Credit,GB,Terminal,225,51.62,2,10.76,0.84,3.98,1,0,0,0
2026-01-26T16:43:00+00:00,41.76,Groceries,Online,Prepaid,DE,Mobile,31,34.47,4,24.58,1.1,1.13,0,0,1,0
2026-01-02T10:06:00+00:00,46.34,Retail,In-store,Debit,ID,Terminal,54,44.62,1,24.89,5.15,1.06,0,0,0,0
2026-01-15T14:55:00+00:00,69.25,Travel,Online,Prepaid,JP,Desktop,251,53.75,2,1.06,3.58,1.11,0,0,1,0
2026-03-01T17:38:00+00:00,93.47,Electronics,In-store,Credit,JP,Terminal,178,101.76,1,18.94,1.32,0.92,1,1,0,0
2026-02-17T18:41:00+00:00,450.2,Retail,In-store,Credit,SG,Terminal,111,84.11,3,770.36,127.05,5.17,1,0,0,0
2026-02-02T10:46:00+00:00,237.34,Electronics,Contactless,Prepaid,AU,Terminal,163,197.68,1,7.69,0.85,1.47,1,1,0,0
2026-02-23T09:40:00+00:00,60.38,Electronics,In-store,Debit,DE,Terminal,204,93.53,1,48.61,19.1,0.69,1,1,0,0
2026-01-16T10:52:00+00:00,32.77,Dining,Contactless,Credit,SG,Terminal,95,79.5,2,50.81,4.37,0.39,1,1,0,0
2026-01-01T12:41:00+00:00,64.35,Entertainment,Contactless,Credit,SG,Terminal,82,49.45,3,19.99,5.4,1.16,1,1,0,0
2026-02-09T17:59:00+00:00,20.86,Entertainment,In-store,Debit,JP,Terminal,52,30.74,3,4.06,9.75,0.6,1,0,0,0
2026-02-22T14:40:00+00:00,21.74,Retail,ATM,Debit,AU,Terminal,371,41.66,1,1.99,6.8,0.64,0,1,0,0
2026-01-08T19:50:00+00:00,26.7,Retail,Online,Credit,AU,Desktop,141,38.29,3,16.94,2.54,0.84,0,0,1,0
2026-01-02T16:32:00+00:00,9.03,Retail,In-store,Credit,JP,Terminal,389,11.42,4,32.97,2.04,0.73,1,1,0,0
2026-02-14T15:19:00+00:00,52.22,Services,Online,Prepaid,GB,Mobile,52,31.32,2,0.79,8.92,1.84,0,0,1,0
2026-02-12T14:30:00+00:00,159.87,Retail,Online,Credit,GB,Mobile,147,170.96,1,24.41,2.53,0.83,0,0,1,0
2026-01-03T12:09:00+00:00,117.58,Dining,Contactless,Debit,JP,Terminal,58,76.68,1,5.58,1.16,1.9,1,1,0,0
2026-02-22T11:28:00+00:00,48.92,Retail,In-store,Debit,SG,Terminal,460,47.24,1,1.01,17.58,1.05,1,1,0,0
2026-02-28T09:43:00+00:00,68.01,Dining,Online,Credit,US,Mobile,904,78.18,3,12.38,0.96,0.87,0,0,1,0
2026-01-15T10:45:00+00:00,18.37,Groceries,In-store,Debit,US,Terminal,323,16.95,1,20.09,0.43,1.02,1,1,0,0
2026-02-20T20:23:00+00:00,26.27,Retail,In-store,Credit,ID,Terminal,61,72.48,4,5.02,6.64,0.41,1,0,0,0
2026-02-26T18:28:00+00:00,122.03,Travel,Contactless,Credit,US,Terminal,59,138.43,1,2.31,1.18,1.14,1,1,0,0
2026-01-27T00:34:00+00:00,89.12,Groceries,Online,Debit,AU,Desktop,125,55.77,4,48.58,3.8,1.56,0,0,1,0
2026-02-13T10:08:00+00:00,34.85,Dining,Online,Credit,SG,Desktop,148,19.07,1,3.54,15.14,1.71,0,0,1,0
2026-01-29T18:37:00+00:00,20.98,Services,Contactless,Credit,DE,Terminal,193,46.11,1,26.45,0.62,0.4,1,1,0,0
2026-03-01T15:29:00+00:00,243.02,Groceries,In-store,Credit,DE,Terminal,187,138.59,5,84.41,105.54,1.84,1,1,0,0
2026-01-06T06:44:00+00:00,52.25,Services,Online,Debit,SG,Mobile,135,71.39,1,11.68,10.84,0.66,0,0,1,0
2026-01-12T18:38:00+00:00,55.69,Electronics,Contactless,Credit,AU,Terminal,114,24.0,2,11.32,4.86,2.18,1,0,0,0
2026-01-15T17:10:00+00:00,353.5,Retail,ATM,Credit,AU,Terminal,75,281.17,3,19.31,2.05,1.06,1,1,0,0
2026-01-08T11:33:00+00:00,15.14,Groceries,In-store,Credit,ID,Terminal,215,26.71,1,38.18,26.83,0.57,1,1,0,0
2026-01-05T17:20:00+00:00,15.43,Groceries,Contactless,Credit,ID,Terminal,25,51.53,3,3.02,2.24,0.38,1,1,0,0
2026-02-09T19:37:00+00:00,93.96,Travel,Online,Credit,GB,Mobile,143,30.74,2,790.65,163.51,3.08,0,0,1,0
2026-02-05T16:37:00+00:00,92.03,Groceries,Online,Prepaid,ID,Mobile,157,30.77,3,99.16,572.12,2.96,0,0,1,0
2026-01-31T17:22:00+00:00,79.32,Groceries,Contactless,Credit,SG,Terminal,114,44.97,1,1.62,6.56,1.65,1,1,0,0
2026-02-14T04:36:00+00:00,129.29,Travel,Online,Credit,AU,Mobile,237,91.24,2,3.91,9.22,1.73,0,0,1,0
2026-02-18T14:10:00+00:00,64.54,Electronics,Online,Credit,DE,Desktop,267,139.61,1,11.59,1.0,0.48,0,0,1,0
2026-01-17T17:22:00+00:00,394.97,Travel,Contactless,Debit,GB,Terminal,154,46.95,2,2820.18,375.47,7.52,1,1,0,0
2026-01-26T13:43:00+00:00,217.75,Dining,In-store,Credit,ID,Terminal,678,31.29,1,3445.55,130.27,7.05,1,0,0,0
2026-02-09T17:31:00+00:00,35.16,Electronics,In-store,Debit,DE,Terminal,27,82.36,4,5.0,1.17,0.44,1,0,0,1
2026-01-01T14:02:00+00:00,94.26,Dining,Contactless,Credit,DE,Terminal,97,83.95,1,10.34,3.07,0.88,1,1,0,0
2026-01-31T16:27:00+00:00,70.0,Entertainment,In-store,Debit,JP,Terminal,100,70.54,3,20.85,2.98,1.14,0,0,0,0
2026-01-30T18:15:00+00:00,86.55,Travel,In-store,Credit,DE,Terminal,295,72.18,2,17.15,15.93,1.02,0,1,0,0
2026-01-17T18:53:00+00:00,104.49,Dining,In-store,Debit,AU,Terminal,173,56.08,3,370.03,160.98,1.63,0,1,0,0
2026-02-09T16:55:00+00:00,62.54,Dining,Online,Credit,GB,Mobile,34,64.32,1,8.03,1.13,1.0,0,0,1,0
2026-01-20T23:04:00+00:00,73.12,Groceries,Online,Debit,GB,Mobile,106,53.62,1,6.55,0.89,1.37,0,0,1,0
2026-01-19T14:22:00+00:00,295.97,Dining,Online,Debit,AU,Desktop,88,120.98,1,5.88,2.35,2.46,0,0,1,0
2026-02-13T13:35:00+00:00,160.37,Services,Online,Credit,ID,Desktop,439,256.85,1,5.08,0.64,0.61,0,0,1,0
2026-01-31T11:20:00+00:00,41.32,Services,In-store,Credit,SG,Terminal,76,67.81,2,6.48,1.2,0.66,0,1,0,0
2026-01-12T08:43:00+00:00,46.09,Retail,Contactless,Prepaid,ID,Terminal,132,60.08,1,4.73,1.93,0.81,1,1,0,0
2026-02-06T10:07:00+00:00,75.24,Groceries,Online,Credit,US,Desktop,44,71.26,2,2.12,1.61,1.11,0,0,1,0
2026-01-20T11:50:00+00:00,36.98,Retail,In-store,Credit,ID,Terminal,149,39.34,1,19.08,5.09,0.98,1,0,0,0
2026-02-13T14:15:00+00:00,127.93,Electronics,Online,Credit,DE,Mobile,501,99.21,2,13.04,1.18,1.34,0,0,1,0
2026-01-29T23:14:00+00:00,27.6,Dining,In-store,Credit,SG,Terminal,74,80.38,2,58.22,0.21,0.46,0,1,0,0
2026-01-15T17:20:00+00:00,54.9,Entertainment,In-store,Debit,GB,Terminal,257,45.91,1,11.09,0.46,1.18,1,1,0,0
2026-01-05T19:56:00+00:00,59.0,Retail,Online,Debit,DE,Mobile,116,108.46,4,4.67,2.42,0.58,0,0,1,0
2026-01-17T09:16:00+00:00,40.48,Dining,Online,Credit,JP,Mobile,132,61.09,3,3.71,1.37,0.84,0,0,1,0
2026-02-09T02:15:00+00:00,81.69,Dining,In-store,Prepaid,DE,Terminal,207,32.12,4,7.78,0.71,2.66,1,1,0,0
2026-02-11T00:14:00+00:00,28.0,Dining,Contactless,Credit,DE,Terminal,55,75.83,6,13.57,17.43,0.39,1,1,0,0
2026-02-19T01:08:00+00:00,329.16,Electronics,In-store,Debit,ID,Terminal,26,70.39,7,340.64,251.83,3.96,0,1,0,1
2026-01-22T08:55:00+00:00,43.99,Electronics,Online,Credit,GB,Mobile,71,112.65,2,1.47,2.32,0.42,0,0,1,0
2026-02-25T09:39:00+00:00,114.69,Retail,In-store,Debit,JP,Terminal,438,103.6,2,3.28,3.11,1.02,1,1,0,0
2026-02-15T13:33:00+00:00,607.09,Entertainment,Online,Debit,SG,Mobile,93,56.2,8,454.79,84.34,9.02,0,0,1,1
2026-01-20T17:08:00+00:00,41.96,Services,In-store,Credit,GB,Terminal,268,44.4,3,16.68,0.7,1.03,1,1,0,0
2026-01-17T21:02:00+00:00,51.55,Electronics,Online,Credit,GB,Mobile,272,60.41,2,1.44,6.89,0.86,0,0,1,0
2026-02-04T08:18:00+00:00,201.24,Retail,ATM,Credit,JP,Terminal,236,76.41,2,9.89,5.76,2.1,1,0,0,0
2026-02-15T07:55:00+00:00,96.46,Groceries,In-store,Credit,JP,Terminal,43,82.64,3,9.42,0.34,1.13,1,1,0,0
2026-01-29T11:31:00+00:00,118.23,Retail,In-store,Prepaid,DE,Terminal,88,73.4,2,4.5,3.08,1.53,1,0,0,0
2026-01-10T15:48:00+00:00,77.6,Services,Online,Debit,US,Mobile,115,56.88,2,3.87,3.44,1.44,0,0,1,0
2026-02-16T12:18:00+00:00,19.57,Groceries,Contactless,Debit,AU,Terminal,147,115.35,1,3.29,1.78,0.16,1,1,0,0
2026-01-28T10:06:00+00:00,34.09,Entertainment,In-store,Debit,US,Terminal,65,38.93,2,8.63,20.03,0.88,1,1,0,0
2026-01-02T08:13:00+00:00,112.73,Electronics,Contactless,Credit,SG,Terminal,50,302.36,1,25.52,17.97,0.47,1,0,0,0
2026-01-12T13:14:00+00:00,52.23,Groceries,In-store,Debit,JP,Terminal,64,99.09,2,27.59,1.69,0.55,1,1,0,0
2026-02-04T03:36:00+00:00,57.26,Groceries,Online,Credit,US,Desktop,78,29.0,1,2.15,1.97,2.3,0,0,1,0
2026-01-31T15:11:00+00:00,50.53,Groceries,In-store,Debit,JP,Terminal,103,68.06,1,6.02,1.75,0.73,1,1,0,0
2026-01-10T18:58:00+00:00,264.13,Groceries,Contactless,Debit,US,Terminal,180,99.71,1,0.66,1.33,2.98,1,1,0,0
2026-02-12T22:41:00+00:00,19.73,Dining,Online,Debit,US,Desktop,120,48.08,1,8.33,0.98,0.39,0,0,1,0
2026-02-08T11:24:00+00:00,10.83,Retail,Online,Credit,DE,Mobile,315,22.83,1,14.26,4.08,0.47,0,0,1,0
2026-02-01T18:36:00+00:00,38.67,Dining,In-store,Credit,ID,Terminal,207,30.71,1,41.6,17.49,1.48,1,1,0,0
2026-01-05T14:42:00+00:00,60.14,Entertainment,In-store,Credit,GB,Terminal,108,85.83,2,1.04,11.59,0.75,0,1,0,0
2026-01-10T10:45:00+00:00,23.35,Retail,ATM,Credit,JP,Terminal,183,19.29,4,2.23,5.42,1.12,1,1,0,0
2026-01-11T07:01:00+00:00,23.51,Groceries,Online,Debit,ID,Mobile,124,23.52,1,8.66,0.22,0.86,0,0,1,0
2026-02-25T13:30:00+00:00,64.28,Entertainment,In-store,Credit,GB,Terminal,88,85.54,2,1.25,0.38,0.85,1,1,0,0
2026-01-14T19:23:00+00:00,34.61,Travel,Online,Credit,AU,Mobile,139,52.21,3,8.93,7.13,0.76,0,0,1,0
2026-01-01T10:18:00+00:00,260.51,Retail,Online,Debit,JP,Mobile,59,38.39,9,884.75,555.23,5.27,0,0,1,1
2026-01-18T13:38:00+00:00,60.04,Groceries,In-store,Credit,SG,Terminal,271,43.75,2,1.81,4.28,1.37,1,1,0,0
2026-02-13T17:14:00+00:00,58.96,Retail,Contactless,Credit,DE,Terminal,628,23.2,3,8.55,1.81,2.51,0,0,0,0
2026-01-13T10:15:00+00:00,61.14,Retail,In-store,Credit,ID,Terminal,327,82.67,3,1.95,9.51,0.81,1,1,0,0
2026-02-13T17:39:00+00:00,26.57,Electronics,In-store,Credit,AU,Terminal,66,35.72,1,33.55,5.23,0.72,1,0,0,0
2026-01-02T02:03:00+00:00,35.54,Retail,Online,Credit,SG,Desktop,43,42.6,2,9.27,7.67,0.67,0,0,1,0
2026-02-23T12:22:00+00:00,179.42,Groceries,ATM,Credit,SG,Terminal,332,75.6,1,3.65,0.38,2.3,1,1,0,0
2026-02-02T17:45:00+00:00,83.07,Retail,ATM,Credit,JP,Terminal,123,51.07,2,1.89,3.47,1.42,1,1,0,0
2026-02-21T12:24:00+00:00,10.9,Electronics,Online,Credit,AU,Mobile,82,38.17,3,11.34,14.51,0.28,0,0,1,0
2026-02-13T07:17:00+00:00,4.01,Groceries,In-store,Credit,AU,Terminal,420,16.56,1,32.91,4.17,0.28,1,1,0,0
2026-01-10T22:12:00+00:00,38.68,Dining,Online,Debit,ID,Desktop,117,76.62,1,3.16,6.35,0.55,0,0,1,0
2026-02-09T11:29:00+00:00,58.48,Retail,Online,Credit,AU,Desktop,124,63.52,2,4.56,2.55,1.06,0,0,1,0
2026-02-26T04:47:00+00:00,40.1,Entertainment,Contactless,Credit,JP,Terminal,85,43.11,3,3.23,2.73,0.9,1,1,0,0
2026-01-29T12:05:00+00:00,45.79,Entertainment,In-store,Credit,SG,Terminal,32,30.74,2,40.9,10.0,1.27,1,1,0,0
2026-01-10T16:36:00+00:00,51.44,Electronics,Contactless,Credit,ID,Terminal,70,60.84,1,0.91,1.26,0.83,1,1,0,0
2026-02-03T12:47:00+00:00,173.94,Electronics,Online,Credit,US,Desktop,86,82.46,2,30.39,1.14,2.2,0,0,1,0
2026-02-03T20:13:00+00:00,86.45,Services,In-store,Credit,US,Terminal,42,64.3,1,4.88,1.52,1.49,1,1,0,0
2026-02-16T10:41:00+00:00,177.51,Dining,In-store,Debit,ID,Terminal,141,174.99,2,6.83,2.52,0.97,1,0,0,0
2026-01-10T15:25:00+00:00,152.51,Entertainment,In-store,Credit,AU,Terminal,161,95.4,2,5.08,0.49,1.88,1,1,0,0
2026-02-09T07:01:00+00:00,16.13,Entertainment,Online,Credit,US,Mobile,253,56.28,2,9.62,5.11,0.33,0,0,1,0
2026-01-23T08:42:00+00:00,95.98,Dining,In-store,Credit,GB,Terminal,79,97.5,2,3.31,2.09,0.88,1,1,0,0
2026-01-15T09:43:00+00:00,60.39,Retail,In-store,Credit,ID,Terminal,36,62.28,3,23.67,5.78,1.01,1,1,0,0
2026-02-17T10:41:00+00:00,80.16,Dining,Online,Credit,US,Desktop,106,62.14,1,24.75,0.3,1.34,0,0,1,0
2026-02-02T16:04:00+00:00,43.7,Electronics,Online,Debit,SG,Mobile,55,140.14,2,2.5,5.8,0.32,0,0,1,0
2026-02-26T19:27:00+00:00,29.05,Travel,In-store,Debit,SG,Terminal,131,33.66,1,15.4,9.36,0.79,1,1,0,0
2026-01-15T19:10:00+00:00,74.07,Travel,In-store,Credit,US,Terminal,246,61.26,2,4.99,3.81,1.18,1,1,0,0
2026-01-20T15:39:00+00:00,147.31,Retail,Online,Credit,AU,Mobile,92,130.75,1,7.82,2.53,1.24,0,0,1,0
2026-02-24T12:26:00+00:00,129.58,Retail,Online,Credit,US,Mobile,127,73.76,2,39.55,5.84,1.93,0,0,1,0
2026-01-27T10:37:00+00:00,68.5,Groceries,In-store,Credit,SG,Terminal,31,47.47,3,3.52,8.77,1.48,1,0,0,0
2026-01-24T06:52:00+00:00,93.93,Dining,Online,Debit,US,Mobile,34,19.91,13,1235.47,185.48,4.54,0,0,1,1
2026-02-18T13:05:00+00:00,19.26,Retail,Online,Credit,GB,Mobile,412,13.79,1,12.22,4.47,1.4,0,0,1,0
2026-01-07T15:14:00+00:00,186.51,Retail,Contactless,Debit,SG,Terminal,198,232.65,1,5.97,12.9,0.81,1,1,0,0
2026-02-05T14:34:00+00:00,75.0,Services,Online,Prepaid,GB,Desktop,77,73.74,3,11.07,5.27,1.01,0,0,1,0
2026-01-22T17:55:00+00:00,62.08,Electronics,In-store,Credit,AU,Terminal,61,41.28,2,9.71,1.1,1.51,1,1,0,0
2026-02-23T08:02:00+00:00,61.41,Groceries,Online,Debit,ID,Desktop,131,75.73,1,2.07,8.73,0.9,0,0,1,0
2026-01-08T08:50:00+00:00,43.48,Retail,In-store,Debit,JP,Terminal,191,32.59,1,3.79,2.17,1.16,1,1,0,0
2026-01-20T23:47:00+00:00,76.56,Retail,Contactless,Debit,SG,Terminal,78,48.65,1,2.34,2.54,1.68,1,1,0,0
2026-01-12T11:11:00+00:00,47.79,Groceries,Online,Debit,ID,Mobile,117,32.73,2,5.45,2.74,1.44,0,0,1,0
2026-01-12T22:49:00+00:00,36.54,Retail,Contactless,Credit,US,Terminal,34,24.08,1,32.44,6.48,1.98,1,1,0,0
2026-01-16T11:35:00+00:00,58.41,Retail,Contactless,Debit,AU,Terminal,237,15.36,1,14.0,14.14,3.91,1,1,0,0
2026-02-02T06:03:00+00:00,26.43,Electronics,In-store,Credit,JP,Terminal,73,21.36,1,1.53,2.52,1.43,1,1,0,0
2026-01-30T14:03:00+00:00,71.56,Groceries,In-store,Prepaid,DE,Terminal,209,117.19,2,5.47,13.89,0.69,1,1,0,0
2026-01-29T09:19:00+00:00,55.19,Entertainment,Contactless,Credit,JP,Terminal,171,31.77,1,9.55,2.9,1.27,1,1,0,0
2026-02-22T20:32:00+00:00,108.94,Services,Online,Credit,ID,Mobile,185,85.43,1,16.75,10.0,1.23,0,0,1,0
2026-02-22T13:46:00+00:00,177.96,Dining,Contactless,Debit,JP,Terminal,112,112.37,3,3.61,3.0,1.35,1,1,0,0
2026-01-13T13:05:00+00:00,159.0,Groceries,In-store,Debit,US,Terminal,424,60.99,3,1.89,1.5,2.33,1,1,0,0
2026-01-06T12:39:00+00:00,18.35,Travel,In-store,Debit,ID,Terminal,85,49.7,1,6.95,16.81,0.32,1,0,0,0
2026-02-10T08:40:00+00:00,151.28,Services,In-store,Credit,AU,Terminal,429,65.79,3,13.82,1.37,2.36,1,0,0,0
2026-01-03T15:23:00+00:00,164.89,Electronics,Online,Debit,DE,Desktop,160,46.03,2,9.57,1.28,2.91,0,0,1,0
2026-02-06T09:15:00+00:00,193.41,Retail,In-store,Credit,DE,Terminal,146,131.97,2,2.79,0.7,1.31,1,1,0,0
2026-01-11T15:15:00+00:00,273.76,Electronics,Online,Debit,DE,Desktop,114,204.33,1,50.91,8.73,1.33,0,0,1,0
2026-01-11T12:27:00+00:00,649.88,Dining,In-store,Credit,US,Terminal,145,154.84,2,399.94,494.45,4.06,1,0,0,0
2026-02-10T19:17:00+00:00,13.57,Groceries,In-store,Credit,SG,Terminal,135,14.9,1,9.14,3.57,0.93,1,1,0,0
2026-02-16T14:34:00+00:00,65.07,Retail,In-store,Credit,US,Terminal,454,45.42,1,3.57,0.92,1.42,0,0,0,0
2026-01-20T19:07:00+00:00,82.26,Dining,Contactless,Credit,AU,Terminal,57,60.5,2,24.96,2.44,1.37,1,1,0,0
2026-01-22T02:42:00+00:00,123.65,Travel,In-store,Debit,ID,Terminal,117,81.53,1,13.86,1.82,1.44,1,1,0,0
2026-01-06T17:59:00+00:00,33.51,Groceries,Contactless,Credit,JP,Terminal,69,19.63,2,10.45,0.88,1.36,1,1,0,0
2026-02-23T14:13:00+00:00,26.76,Services,In-store,Debit,ID,Terminal,89,19.43,1,2.08,1.51,1.61,1,0,0,0
2026-02-23T09:40:00+00:00,246.08,Retail,Contactless,Credit,ID,Terminal,135,141.09,1,24.62,4.08,1.5,1,1,0,0
2026-01-10T07:43:00+00:00,19.56,Retail,Online,Credit,SG,Mobile,385,41.95,1,16.99,1.34,0.49,0,0,1,0
2026-02-15T17:32:00+00:00,41.86,Dining,Online,Debit,US,Mobile,188,22.95,1,22.57,3.29,1.55,0,0,1,0
2026-02-25T12:18:00+00:00,82.4,Retail,Online,Credit,DE,Mobile,68,29.45,2,7.7,0.42,2.92,0,0,1,0
2026-02-23T06:59:00+00:00,74.51,Travel,In-store,Credit,DE,Terminal,109,77.77,2,6.8,13.19,0.91,1,0,0,0
2026-01-26T09:37:00+00:00,413.38,Groceries,Online,Credit,GB,Mobile,100,35.35,7,364.93,74.34,11.94,0,0,1,1
2026-01-07T11:22:00+00:00,29.47,Groceries,Online,Credit,US,Mobile,89,70.6,2,90.64,5.87,0.52,0,0,1,0
2026-02-01T11:15:00+00:00,36.29,Groceries,Online,Credit,AU,Mobile,147,31.94,1,4.07,2.97,0.91,0,0,1,0
2026-01-19T07:52:00+00:00,10.66,Retail,Online,Debit,SG,Mobile,178,19.42,4,2.0,3.68,0.62,0,0,1,0
2026-01-21T12:43:00+00:00,334.24,Groceries,Contactless,Credit,AU,Terminal,115,152.3,2,4.9,0.79,2.17,1,1,0,0
2026-02-07T20:53:00+00:00,174.01,Groceries,Online,Credit,SG,Desktop,70,78.17,1,4.11,1.15,2.55,0,0,1,0
2026-02-04T19:44:00+00:00,35.44,Electronics,Contactless,Credit,JP,Terminal,160,48.57,2,29.54,1.18,0.87,1,0,0,0
2026-01-05T11:07:00+00:00,79.88,Entertainment,In-store,Prepaid,SG,Terminal,674,43.0,2,1.66,2.52,1.91,0,1,0,0
2026-02-07T11:46:00+00:00,371.82,Groceries,In-store,Debit,US,Terminal,96,156.36,1,3.99,9.26,2.57,1,1,0,0
2026-03-01T19:59:00+00:00,68.86,Retail,In-store,Credit,GB,Terminal,92,88.63,1,9.11,3.79,0.9,1,1,0,0
2026-01-12T04:01:00+00:00,646.3,Groceries,Online,Debit,SG,Mobile,75,127.16,9,1799.24,44.69,5.11,0,0,1,1
2026-03-01T09:44:00+00:00,49.54,Groceries,Online,Credit,AU,Mobile,712,41.29,1,16.19,2.68,1.45,0,0,1,0
2026-01-07T20:47:00+00:00,34.7,Groceries,Online,Credit,AU,Mobile,74,62.36,2,43.86,2.27,0.55,0,0,1,0
2026-02-01T20:20:00+00:00,76.18,Dining,Contactless,Credit,ID,Terminal,58,78.37,1,10.81,1.73,0.99,1,0,0,0
2026-01-06T11:52:00+00:00,106.54,Groceries,Online,Debit,ID,Mobile,234,42.2,2,5.91,2.42,3.49,0,0,1,0
2026-03-01T20:24:00+00:00,35.87,Groceries,In-store,Credit,ID,Terminal,238,56.71,4,18.94,5.28,0.68,1,1,0,0
2026-02-17T16:25:00+00:00,68.78,Retail,Online,Debit,JP,Desktop,67,41.29,2,1.64,1.2,1.57,0,0,1,0
2026-02-26T19:04:00+00:00,87.0,Electronics,In-store,Credit,SG,Terminal,109,78.21,1,1.13,1.74,1.28,1,0,0,0
2026-01-03T12:22:00+00:00,22.78,Travel,In-store,Credit,SG,Terminal,59,25.56,2,21.63,6.57,0.83,1,1,0,0
2026-02-06T12:47:00+00:00,500.42,Entertainment,In-store,Prepaid,ID,Terminal,103,87.51,4,562.07,175.73,5.41,0,1,0,0
2026-02-19T14:32:00+00:00,177.02,Retail,Online,Credit,ID,Desktop,109,73.84,1,21.34,8.84,2.74,0,0,1,0
2026-01-06T10:18:00+00:00,68.68,Entertainment,In-store,Debit,JP,Terminal,261,52.87,3,2.89,10.34,1.3,0,1,0,0
2026-02-25T14:43:00+00:00,128.96,Entertainment,Online,Credit,DE,Mobile,316,80.82,1,30.36,0.63,1.43,0,0,1,0
2026-01-08T14:20:00+00:00,105.78,Electronics,In-store,Credit,ID,Terminal,125,47.6,1,15.45,3.28,2.49,1,0,0,0
2026-01-07T09:23:00+00:00,29.32,Retail,Contactless,Credit,ID,Terminal,384,39.03,2,7.14,1.48,0.77,1,1,0,0
2026-01-18T20:31:00+00:00,48.13,Groceries,In-store,Debit,JP,Terminal,262,85.92,2,9.28,0.74,0.48,1,1,0,0
2026-02-25T07:05:00+00:00,218.42,Services,Online,Credit,US,Mobile,53,88.37,1,10.82,1.12,2.76,0,0,1,0
2026-02-19T19:30:00+00:00,236.18,Dining,Contactless,Debit,JP,Terminal,296,43.39,1,173.75,81.39,5.13,0,1,0,0
2026-01-26T14:43:00+00:00,57.3,Electronics,Contactless,Credit,SG,Terminal,236,41.04,1,4.84,1.83,1.61,1,1,0,0
2026-02-02T13:12:00+00:00,30.19,Groceries,ATM,Credit,ID,Terminal,515,53.57,3,10.64,1.34,0.58,1,0,0,0
2026-01-03T19:33:00+00:00,52.47,Groceries,Online,Debit,GB,Mobile,161,42.15,2,4.63,2.43,1.17,0,0,1,0
2026-02-19T13:00:00+00:00,55.63,Groceries,Contactless,Credit,US,Terminal,464,162.61,4,1.47,28.41,0.47,0,1,0,0
2026-01-04T11:49:00+00:00,66.4,Electronics,ATM,Debit,JP,Terminal,39,74.12,1,10.22,0.44,0.96,1,0,0,0
2026-02-12T09:42:00+00:00,39.79,Retail,In-store,Debit,GB,Terminal,98,60.92,1,18.53,7.67,0.62,1,0,0,0
2026-01-23T16:43:00+00:00,18.15,Groceries,Online,Credit,US,Mobile,33,32.91,1,23.94,2.41,0.54,0,0,1,0
2026-02-18T18:26:00+00:00,69.72,Entertainment,In-store,Credit,AU,Terminal,108,97.55,3,13.27,1.59,0.76,1,1,0,0
2026-01-02T14:35:00+00:00,7.82,Entertainment,Online,Debit,SG,Mobile,150,40.55,1,18.18,0.33,0.22,0,0,1,0
2026-01-16T11:43:00+00:00,19.26,Electronics,In-store,Credit,US,Terminal,131,39.48,1,21.9,5.27,0.45,1,1,0,0
2026-02-09T21:21:00+00:00,143.36,Retail,Online,Credit,DE,Mobile,257,99.7,2,8.07,0.58,1.5,0,0,1,0
2026-02-12T16:23:00+00:00,95.41,Dining,Online,Credit,JP,Mobile,761,77.61,1,0.72,5.63,1.15,0,0,1,0
2026-01-01T14:19:00+00:00,5.91,Groceries,Contactless,Debit,GB,Terminal,104,11.86,1,26.46,14.03,0.47,1,1,0,0
2026-01-05T18:22:00+00:00,66.62,Services,In-store,Credit,SG,Terminal,327,54.46,2,2.77,0.68,1.3,0,0,0,0
2026-01-22T11:40:00+00:00,205.72,Dining,Online,Debit,SG,Desktop,220,65.47,6,128.51,353.67,2.73,0,0,1,0
2026-02-11T17:54:00+00:00,64.69,Entertainment,ATM,Credit,AU,Terminal,174,48.39,1,2.2,2.52,1.44,0,1,0,0
2026-02-07T12:13:00+00:00,67.17,Retail,In-store,Debit,GB,Terminal,244,66.97,1,113.64,0.3,0.86,1,1,0,0
2026-01-30T10:16:00+00:00,16.67,Electronics,Contactless,Credit,AU,Terminal,105,18.61,1,12.0,0.74,0.75,1,0,0,0
2026-02-05T10:02:00+00:00,9.58,Groceries,Contactless,Debit,US,Terminal,281,9.58,1,2.35,2.94,0.87,1,0,0,0
2026-01-21T19:22:00+00:00,141.09,Dining,In-store,Credit,AU,Terminal,48,32.01,2,3.48,3.67,4.51,0,1,0,0
2026-02-04T18:47:00+00:00,58.21,Electronics,In-store,Credit,US,Terminal,150,72.49,4,7.38,0.51,0.58,1,1,0,0
2026-02-11T09:21:00+00:00,8.67,Retail,Contactless,Credit,US,Terminal,108,8.0,1,13.42,2.54,1.06,1,1,0,0
2026-01-13T06:00:00+00:00,53.92,Retail,In-store,Debit,US,Terminal,766,34.87,1,10.05,5.6,1.5,1,0,0,0
2026-01-01T09:11:00+00:00,8.76,Retail,Online,Debit,AU,Mobile,63,17.29,1,2.66,6.68,0.51,0,0,1,0
2026-01-18T11:12:00+00:00,15.29,Dining,Online,Credit,AU,Mobile,189,51.54,2,10.47,1.63,0.34,0,0,1,0
2026-02-16T15:12:00+00:00,162.12,Travel,In-store,Debit,SG,Terminal,325,215.43,1,3.77,3.81,0.64,1,0,0,0
2026-02-20T16:49:00+00:00,71.9,Services,In-store,Debit,JP,Terminal,90,52.4,2,23.37,7.19,1.48,1,0,0,0
2026-02-02T08:56:00+00:00,47.35,Electronics,Contactless,Credit,SG,Terminal,137,56.27,3,7.86,5.77,0.75,1,1,0,0
2026-02-21T13:27:00+00:00,96.83,Dining,Online,Credit,JP,Mobile,94,104.12,2,3.21,6.0,0.8,0,0,1,0
2026-01-26T14:05:00+00:00,107.44,Dining,In-store,Credit,AU,Terminal,99,61.18,1,15.77,2.76,1.62,1,1,0,0
2026-02-13T10:57:00+00:00,26.85,Groceries,In-store,Credit,SG,Terminal,438,52.47,2,11.26,2.24,0.56,1,0,0,0
2026-02-01T17:42:00+00:00,92.11,Groceries,Online,Credit,DE,Mobile,35,110.2,4,4.38,3.23,0.87,0,0,1,0
2026-01-01T15:49:00+00:00,20.91,Electronics,Contactless,Debit,DE,Terminal,163,82.0,1,16.5,1.15,0.36,1,1,0,0
2026-01-17T17:06:00+00:00,80.75,Groceries,Contactless,Debit,DE,Terminal,31,72.79,1,14.76,7.48,1.13,1,1,0,0
2026-02-10T16:08:00+00:00,65.13,Groceries,Contactless,Debit,GB,Terminal,262,55.14,1,27.72,0.53,1.06,1,1,0,0
2026-02-07T20:09:00+00:00,70.63,Entertainment,In-store,Debit,DE,Terminal,102,48.19,1,16.14,1.49,1.51,1,1,0,0
2026-02-14T16:59:00+00:00,46.03,Entertainment,Contactless,Credit,US,Terminal,40,109.53,1,5.84,2.37,0.45,1,0,0,0
2026-01-14T18:43:00+00:00,38.23,Travel,In-store,Debit,AU,Terminal,121,48.49,2,1.15,3.93,0.82,1,1,0,0
2026-01-12T14:50:00+00:00,65.74,Travel,In-store,Debit,JP,Terminal,57,134.33,1,9.07,4.75,0.42,1,0,0,0
2026-02-25T10:37:00+00:00,24.04,Groceries,Online,Credit,JP,Mobile,269,30.55,2,10.76,10.9,0.79,0,0,1,0
2026-01-23T07:21:00+00:00,451.33,Electronics,Contactless,Credit,SG,Terminal,278,153.23,1,7.82,2.66,2.31,1,1,0,0
2026-02-16T13:21:00+00:00,57.61,Electronics,In-store,Credit,SG,Terminal,60,82.01,1,0.27,1.2,0.76,1,1,0,0
2026-01-04T18:05:00+00:00,13.09,Dining,ATM,Debit,DE,Terminal,197,32.15,1,15.59,2.13,0.4,1,1,0,0
2026-02-23T15:14:00+00:00,48.08,Groceries,Online,Debit,ID,Mobile,85,84.0,1,2.71,1.79,0.61,0,0,1,0
2026-02-21T02:38:00+00:00,17.61,Retail,In-store,Credit,GB,Terminal,110,39.54,1,15.71,4.14,0.34,1,1,0,0
2026-02-12T10:25:00+00:00,26.09,Dining,Contactless,Credit,DE,Terminal,543,61.67,2,47.98,0.85,0.41,1,1,0,0
2026-01-18T13:32:00+00:00,81.15,Dining,In-store,Debit,AU,Terminal,103,43.98,1,5.6,2.06,1.4,1,1,0,0
2026-01-05T12:52:00+00:00,19.73,Dining,Online,Credit,JP,Mobile,375,55.35,3,11.97,12.46,0.38,0,0,1,0
2026-01-13T16:07:00+00:00,152.04,Retail,In-store,Debit,DE,Terminal,464,111.27,3,7.66,2.94,1.12,1,1,0,0
2026-02-01T09:43:00+00:00,80.51,Dining,Online,Debit,GB,Mobile,108,84.52,1,13.17,0.86,0.94,0,0,1,0
2026-02-27T12:58:00+00:00,21.49,Electronics,In-store,Debit,DE,Terminal,164,29.04,1,8.28,1.75,0.66,1,0,0,0
2026-02-12T14:53:00+00:00,27.33,Dining,Contactless,Credit,JP,Terminal,97,30.14,1,4.18,0.26,1.06,1,0,0,0
2026-01-29T23:11:00+00:00,38.86,Groceries,Online,Debit,DE,Desktop,137,71.95,4,2.73,2.32,0.52,0,0,1,0
2026-02-07T20:17:00+00:00,102.04,Services,Contactless,Debit,AU,Terminal,214,75.42,5,42.5,12.78,1.55,1,1,0,0
2026-02-14T12:37:00+00:00,24.1,Dining,In-store,Credit,AU,Terminal,127,38.92,1,11.97,0.75,0.6,1,1,0,0
2026-02-11T11:27:00+00:00,101.23,Electronics,In-store,Debit,ID,Terminal,178,169.75,2,18.42,0.57,0.73,0,0,0,0
2026-01-07T21:38:00+00:00,68.25,Retail,In-store,Credit,AU,Terminal,83,102.39,4,11.46,1.28,0.67,1,0,0,0
2026-02-02T19:40:00+00:00,65.58,Retail,In-store,Debit,JP,Terminal,72,40.18,2,21.61,6.18,1.42,1,1,0,0
2026-02-23T17:09:00+00:00,52.42,Services,In-store,Debit,GB,Terminal,105,37.73,2,2.76,13.53,1.29,0,1,0,0
2026-02-07T15:52:00+00:00,8.05,Services,In-store,Debit,AU,Terminal,150,52.04,3,8.1,3.85,0.18,1,0,0,0
2026-01-23T17:06:00+00:00,41.06,Retail,Online,Prepaid,DE,Mobile,335,48.63,2,12.88,0.68,1.08,0,0,1,0
2026-02-03T16:36:00+00:00,45.58,Services,Online,Prepaid,JP,Mobile,119,136.52,2,30.63,2.41,0.31,0,0,1,0
2026-02-13T18:55:00+00:00,104.99,Travel,In-store,Debit,JP,Terminal,181,114.43,2,139.82,14.72,0.75,1,1,0,0
2026-01-05T17:02:00+00:00,47.01,Groceries,Online,Credit,DE,Desktop,70,61.73,1,11.57,1.8,0.86,0,0,1,0
2026-01-12T16:25:00+00:00,466.39,Retail,In-store,Debit,SG,Terminal,248,93.75,2,215.46,126.53,3.79,0,1,0,0
2026-02-05T21:26:00+00:00,129.62,Travel,In-store,Debit,AU,Terminal,103,103.02,2,1.98,3.13,1.26,1,1,0,0
2026-01-06T21:24:00+00:00,70.08,Retail,Online,Debit,ID,Mobile,116,62.67,1,2.73,0.52,1.44,0,0,1,0
2026-01-28T12:51:00+00:00,36.57,Travel,Online,Credit,ID,Desktop,141,78.39,2,3.15,6.67,0.57,0,0,1,0
2026-02-15T23:04:00+00:00,54.83,Electronics,Online,Debit,SG,Mobile,92,88.79,2,0.3,5.78,0.56,0,0,1,0
2026-01-31T12:47:00+00:00,76.06,Dining,Online,Credit,ID,Desktop,62,82.84,1,3.51,0.34,0.9,0,0,1,0
2026-02-18T10:00:00+00:00,15.63,Electronics,Online,Credit,US,Mobile,187,36.37,1,16.26,0.65,0.35,0,0,1,0
2026-01-05T09:57:00+00:00,22.83,Travel,Online,Debit,GB,Mobile,256,38.84,1,8.03,0.93,0.69,0,0,1,0
2026-01-28T08:58:00+00:00,108.16,Dining,In-store,Credit,ID,Terminal,53,50.02,3,5.56,5.2,2.13,1,1,0,0
2026-02-24T12:44:00+00:00,13.84,Groceries,Online,Credit,SG,Mobile,161,38.12,2,1.24,1.16,0.36,0,0,1,0
2026-02-06T22:50:00+00:00,17.0,Travel,Online,Credit,SG,Mobile,160,23.16,2,23.46,3.67,0.75,0,0,1,0
2026-02-20T11:09:00+00:00,56.96,Services,Contactless,Credit,US,Terminal,105,93.63,3,12.97,2.05,0.64,1,1,0,0
2026-01-25T20:09:00+00:00,230.74,Retail,In-store,Credit,GB,Terminal,105,75.58,1,7.28,2.64,3.2,1,1,0,0
2026-01-04T07:12:00+00:00,87.24,Retail,Online,Credit,JP,Desktop,287,25.26,1,39.54,180.54,3.38,0,0,1,0
2026-01-19T08:20:00+00:00,36.79,Travel,In-store,Debit,GB,Terminal,619,51.59,1,4.31,3.23,0.69,0,0,0,0
2026-02-23T09:20:00+00:00,26.95,Services,ATM,Credit,ID,Terminal,337,53.53,3,11.91,2.41,0.49,1,1,0,0
2026-01-14T14:09:00+00:00,73.76,Dining,In-store,Debit,SG,Terminal,198,67.92,2,7.16,3.41,0.93,1,1,0,0
2026-02-20T23:06:00+00:00,27.88,Groceries,Contactless,Credit,SG,Terminal,310,29.87,1,9.13,3.06,1.09,0,1,0,0
2026-02-08T09:49:00+00:00,10.54,Services,Contactless,Credit,JP,Terminal,188,25.03,2,15.71,1.99,0.53,1,1,0,0
2026-02-16T11:41:00+00:00,164.52,Groceries,In-store,Credit,JP,Terminal,83,84.59,2,8.76,1.6,1.7,1,1,0,0
2026-02-26T19:49:00+00:00,109.76,Groceries,In-store,Credit,ID,Terminal,174,22.26,5,911.09,720.86,5.57,1,0,0,0
2026-02-25T14:21:00+00:00,77.29,Groceries,ATM,Debit,ID,Terminal,52,51.87,2,2.92,1.58,1.57,1,1,0,0
2026-01-31T11:51:00+00:00,33.95,Dining,Online,Debit,GB,Mobile,80,48.82,2,1.93,9.65,0.75,0,0,1,0
2026-02-09T12:11:00+00:00,55.05,Retail,ATM,Debit,US,Terminal,261,55.69,2,12.49,1.24,1.07,0,1,0,0
2026-01-07T17:45:00+00:00,47.59,Groceries,Contactless,Debit,AU,Terminal,118,71.11,1,15.65,5.53,0.81,1,1,0,0
2026-01-08T12:14:00+00:00,1842.35,Dining,Online,Credit,ID,Desktop,25,170.56,9,789.08,654.43,11.63,0,0,1,1
2026-02-25T16:31:00+00:00,23.03,Retail,Online,Credit,SG,Mobile,88,21.33,1,8.54,1.76,0.99,0,0,1,0
2026-01-10T18:56:00+00:00,98.96,Groceries,In-store,Debit,JP,Terminal,57,106.67,2,5.17,1.26,0.93,1,1,0,0
2026-01-04T05:05:00+00:00,8.75,Groceries,In-store,Credit,SG,Terminal,169,11.79,1,9.32,1.6,0.69,1,1,0,0
2026-01-05T17:46:00+00:00,93.83,Retail,Contactless,Prepaid,JP,Terminal,99,149.29,1,11.21,2.41,0.67,1,0,0,0
2026-01-01T21:33:00+00:00,98.19,Entertainment,In-store,Credit,DE,Terminal,113,15.99,4,722.87,151.69,5.46,1,1,0,0
2026-01-26T07:19:00+00:00,422.3,Groceries,Online,Credit,SG,Mobile,179,294.02,2,130.04,2.36,1.53,0,0,1,0
2026-01-06T07:58:00+00:00,109.74,Dining,In-store,Credit,SG,Terminal,170,46.84,4,161.92,72.24,3.08,1,0,0,0
2026-01-10T15:46:00+00:00,145.24,Dining,Contactless,Credit,SG,Terminal,58,139.6,3,256.88,17.37,1.0,1,1,0,0
2026-02-22T16:49:00+00:00,139.58,Retail,Online,Credit,JP,Mobile,59,122.08,3,1.85,2.01,1.03,0,0,1,0
2026-01-03T13:55:00+00:00,48.7,Dining,Online,Credit,DE,Mobile,127,45.43,1,11.29,1.32,1.15,0,0,1,0
2026-01-08T21:51:00+00:00,17.88,Groceries,In-store,Debit,DE,Terminal,211,47.76,2,1.99,5.64,0.32,1,1,0,0
2026-02-01T08:46:00+00:00,16.31,Dining,In-store,Credit,DE,Terminal,84,35.02,4,10.35,5.73,0.52,0,0,0,0
2026-01-13T08:10:00+00:00,43.47,Retail,In-store,Credit,AU,Terminal,92,100.66,2,21.77,10.1,0.4,1,1,0,0
2026-01-19T01:23:00+00:00,54.16,Electronics,In-store,Debit,DE,Terminal,148,45.82,1,7.66,16.91,0.94,1,0,0,0
2026-01-28T18:23:00+00:00,18.8,Entertainment,Contactless,Debit,GB,Terminal,146,35.43,2,21.55,3.48,0.53,1,1,0,0
2026-01-12T07:10:00+00:00,56.38,Services,In-store,Credit,ID,Terminal,129,85.56,4,4.64,1.84,0.68,1,0,0,0
2026-02-13T15:17:00+00:00,14.62,Entertainment,Online,Credit,US,Mobile,175,33.68,3,0.78,0.37,0.44,0,0,1,0
2026-02-12T20:47:00+00:00,43.29,Travel,In-store,Credit,AU,Terminal,71,48.72,1,14.72,0.96,0.72,1,0,0,0
2026-01-02T05:35:00+00:00,31.34,Retail,In-store,Debit,DE,Terminal,387,64.69,2,7.64,3.03,0.46,1,0,0,0
2026-02-04T08:03:00+00:00,77.56,Retail,In-store,Credit,JP,Terminal,108,39.74,2,4.36,0.76,1.48,1,1,0,0
2026-01-20T19:40:00+00:00,56.48,Retail,ATM,Debit,DE,Terminal,435,43.84,2,4.7,0.5,1.24,1,0,0,0
2026-02-03T10:17:00+00:00,777.35,Electronics,Contactless,Credit,JP,Terminal,29,163.65,3,697.32,117.43,5.17,1,1,0,0
2026-02-09T12:03:00+00:00,37.49,Electronics,In-store,Debit,AU,Terminal,41,52.84,1,3.02,5.35,0.77,1,1,0,0
2026-01-22T15:04:00+00:00,12.56,Retail,Contactless,Credit,GB,Terminal,126,47.76,2,11.16,1.92,0.26,1,1,0,0
2026-02-06T17:05:00+00:00,28.69,Retail,Contactless,Prepaid,SG,Terminal,270,53.85,3,27.32,6.03,0.69,1,1,0,0
2026-02-15T09:14:00+00:00,43.88,Retail,Contactless,Credit,GB,Terminal,158,81.08,1,71.24,4.56,0.58,1,1,0,0
2026-02-18T19:38:00+00:00,159.56,Services,Online,Debit,ID,Mobile,124,30.81,5,2090.13,346.97,5.49,0,0,1,0
2026-01-10T17:18:00+00:00,111.39,Groceries,Contactless,Credit,JP,Terminal,163,79.65,2,8.83,21.62,1.36,1,0,0,0
2026-02-03T07:52:00+00:00,103.54,Electronics,In-store,Credit,DE,Terminal,132,71.26,1,9.81,33.58,1.13,1,0,0,0
2026-01-27T07:21:00+00:00,38.38,Electronics,ATM,Credit,GB,Terminal,530,18.87,1,4.76,5.11,2.02,1,0,0,0
2026-02-24T16:03:00+00:00,97.9,Electronics,ATM,Credit,JP,Terminal,93,193.69,3,4.43,1.55,0.65,1,1,0,0
2026-01-24T13:08:00+00:00,87.59,Dining,Online,Credit,ID,Mobile,327,155.95,1,19.28,2.62,0.63,0,0,1,0
2026-01-15T12:14:00+00:00,332.69,Retail,Online,Credit,AU,Desktop,26,35.86,8,317.9,530.2,8.97,0,0,1,1
2026-02-17T10:36:00+00:00,30.13,Retail,Online,Credit,US,Mobile,109,29.09,1,11.05,1.01,1.02,0,0,1,0
2026-01-24T17:32:00+00:00,68.46,Services,In-store,Debit,US,Terminal,68,69.98,1,2.56,10.46,0.79,1,1,0,0
2026-01-12T08:57:00+00:00,78.48,Dining,In-store,Credit,GB,Terminal,243,23.88,1,33.36,2.08,2.9,1,1,0,0
2026-02-02T12:08:00+00:00,218.3,Travel,Contactless,Debit,JP,Terminal,313,146.46,2,5.18,3.09,1.32,1,1,0,0
2026-03-01T02:06:00+00:00,181.12,Dining,Online,Credit,ID,Mobile,39,44.5,9,1475.54,49.02,4.19,0,0,1,1
2026-01-18T23:32:00+00:00,120.52,Groceries,ATM,Prepaid,JP,Terminal,196,173.15,1,3.41,0.65,0.6,1,1,0,0
2026-01-10T10:42:00+00:00,66.03,Travel,ATM,Credit,US,Terminal,146,35.31,2,3.21,1.86,2.1,1,0,0,0
2026-01-29T15:24:00+00:00,66.77,Entertainment,Online,Debit,SG,Mobile,203,56.1,1,31.84,9.05,1.05,0,0,1,0
2026-01-27T06:10:00+00:00,124.23,Retail,In-store,Debit,SG,Terminal,307,137.51,2,3.71,1.22,0.94,1,1,0,0
2026-01-18T10:25:00+00:00,56.88,Retail,Online,Credit,ID,Mobile,60,48.91,1,1.32,12.34,1.4,0,0,1,0
2026-02-06T07:38:00+00:00,123.92,Retail,Online,Credit,DE,Mobile,64,72.01,2,2.35,1.39,1.59,0,0,1,0
2026-01-02T18:28:00+00:00,191.11,Entertainment,Contactless,Credit,ID,Terminal,91,122.76,3,18.96,0.85,1.3,1,0,0,0
2026-01-26T12:09:00+00:00,324.98,Travel,ATM,Debit,DE,Terminal,98,42.04,2,1029.35,141.69,8.15,1,1,0,0
2026-01-09T20:03:00+00:00,39.76,Travel,Online,Debit,DE,Mobile,155,26.57,2,3.19,4.85,1.22,0,0,1,0
2026-02-22T04:53:00+00:00,24.55,Retail,Contactless,Credit,AU,Terminal,135,23.38,3,3.69,2.97,1.3,1,0,0,0
2026-02-03T16:20:00+00:00,44.26,Groceries,In-store,Credit,AU,Terminal,116,88.17,4,15.49,2.86,0.59,1,1,0,0
2026-02-08T14:01:00+00:00,216.17,Retail,In-store,Credit,ID,Terminal,127,77.69,1,31.42,12.22,2.84,1,1,0,0
2026-02-06T16:25:00+00:00,49.25,Travel,ATM,Credit,AU,Terminal,156,120.31,2,6.85,2.7,0.43,1,0,0,0
2026-02-10T22:13:00+00:00,51.78,Groceries,In-store,Credit,US,Terminal,78,50.49,3,13.59,1.54,1.12,1,1,0,0
2026-02-10T22:12:00+00:00,9.76,Services,Contactless,Debit,ID,Terminal,30,23.81,1,19.31,0.79,0.4,1,0,0,0
2026-02-22T18:39:00+00:00,10.6,Travel,Contactless,Debit,SG,Terminal,71,13.08,1,78.91,8.79,0.87,1,1,0,0
2026-02-06T10:40:00+00:00,240.64,Retail,Online,Credit,JP,Desktop,291,389.23,2,2.07,1.61,0.65,0,0,1,0
2026-01-08T11:40:00+00:00,451.63,Retail,Online,Credit,SG,Mobile,7,84.99,7,213.66,79.19,5.13,0,0,1,1
2026-01-23T21:52:00+00:00,68.99,Retail,Contactless,Credit,DE,Terminal,297,65.95,1,4.23,7.04,1.14,1,1,0,0
2026-01-27T11:27:00+00:00,36.39,Groceries,Contactless,Debit,DE,Terminal,90,72.32,1,18.36,19.19,0.51,1,1,0,0
2026-02-24T07:44:00+00:00,101.24,Services,In-store,Credit,ID,Terminal,81,23.8,12,337.95,141.36,4.63,0,1,0,1
2026-01-25T13:14:00+00:00,67.4,Services,ATM,Credit,US,Terminal,65,35.99,2,10.42,2.14,2.19,1,0,0,0
2026-02-22T16:39:00+00:00,84.68,Groceries,Online,Credit,AU,Desktop,23,187.38,3,8.45,2.45,0.41,0,0,1,0
2026-02-15T10:37:00+00:00,62.83,Groceries,In-store,Credit,JP,Terminal,73,92.57,1,7.4,1.56,0.54,1,1,0,0
2026-01-24T09:21:00+00:00,66.4,Groceries,ATM,Debit,DE,Terminal,122,36.73,2,8.32,1.72,1.57,1,1,0,0
2026-02-20T11:59:00+00:00,27.49,Dining,Online,Credit,ID,Mobile,176,27.18,2,22.94,1.73,0.97,0,0,1,0
2026-01-29T16:55:00+00:00,40.25,Dining,Online,Credit,AU,Mobile,49,43.16,1,2.54,6.11,1.01,0,0,1,0
2026-01-27T09:38:00+00:00,420.52,Groceries,Online,Debit,ID,Mobile,58,49.15,8,378.68,100.67,8.88,0,0,1,1
2026-01-08T20:11:00+00:00,147.97,Retail,Online,Credit,AU,Mobile,136,228.59,1,1.94,9.58,0.56,0,0,1,0
2026-01-08T14:10:00+00:00,26.55,Groceries,Online,Credit,GB,Desktop,87,53.39,2,9.48,2.19,0.67,0,0,1,0
2026-02-03T07:38:00+00:00,16.46,Groceries,In-store,Debit,US,Terminal,145,27.85,1,5.96,1.7,0.62,1,1,0,0
2026-02-15T21:54:00+00:00,242.61,Retail,In-store,Credit,SG,Terminal,47,58.09,7,1445.44,394.6,3.8,0,0,0,1
2026-02-20T11:09:00+00:00,130.89,Dining,ATM,Debit,AU,Terminal,194,71.65,3,7.35,2.51,2.12,0,1,0,0
2026-02-16T17:42:00+00:00,8.92,Retail,In-store,Debit,SG,Terminal,154,26.25,1,4.53,2.17,0.32,1,0,0,0
2026-01-28T19:34:00+00:00,36.23,Groceries,Contactless,Debit,DE,Terminal,144,78.37,1,5.63,2.54,0.44,0,1,0,0
2026-01-17T14:35:00+00:00,43.38,Electronics,Contactless,Credit,JP,Terminal,536,132.4,2,49.19,10.66,0.4,1,1,0,0
2026-01-25T09:08:00+00:00,147.01,Dining,In-store,Debit,SG,Terminal,34,66.03,1,1.31,3.34,2.2,1,1,0,0
2026-01-11T13:10:00+00:00,20.92,Entertainment,In-store,Credit,SG,Terminal,53,35.94,2,3.71,8.58,0.63,1,0,0,0
2026-02-01T15:26:00+00:00,34.05,Groceries,In-store,Credit,US,Terminal,288,42.79,1,7.69,1.95,0.75,1,0,0,0
2026-01-09T12:17:00+00:00,7.6,Retail,Contactless,Credit,GB,Terminal,48,20.53,1,3.67,7.31,0.34,0,1,0,0
2026-02-15T17:38:00+00:00,45.7,Dining,Online,Credit,US,Mobile,251,55.31,1,12.68,3.12,0.78,0,0,1,0
2026-01-07T10:28:00+00:00,601.06,Retail,Online,Credit,AU,Mobile,55,73.85,8,419.0,265.76,8.06,0,0,1,1
2026-01-25T19:38:00+00:00,37.77,Retail,Online,Credit,US,Mobile,53,33.69,1,9.79,6.47,1.08,0,0,1,0
2026-01-18T13:35:00+00:00,157.75,Retail,Online,Prepaid,ID,Desktop,268,212.9,3,8.41,0.96,0.86,0,0,1,0
2026-02-07T15:57:00+00:00,35.19,Dining,ATM,Debit,ID,Terminal,308,100.99,2,6.6,2.64,0.35,1,1,0,0
2026-02-12T15:21:00+00:00,65.22,Groceries,Online,Credit,JP,Mobile,45,18.82,6,107.78,286.35,3.84,0,0,1,1
2026-01-24T10:22:00+00:00,22.05,Groceries,Online,Debit,DE,Desktop,125,19.07,2,8.97,7.51,1.01,0,0,1,0
2026-01-18T13:38:00+00:00,88.61,Groceries,Contactless,Prepaid,US,Terminal,333,31.83,2,64.09,385.07,2.55,1,1,0,0
2026-02-25T17:33:00+00:00,253.93,Electronics,Online,Credit,GB,Mobile,40,167.77,1,3.53,2.73,1.39,0,0,1,0
2026-02-20T22:09:00+00:00,214.99,Retail,In-store,Debit,ID,Terminal,218,107.67,1,12.66,11.48,1.6,1,1,0,0
2026-02-20T06:15:00+00:00,110.47,Dining,In-store,Debit,DE,Terminal,48,173.37,1,27.35,1.27,0.67,1,1,0,0
2026-01-21T21:49:00+00:00,81.88,Services,In-store,Credit,JP,Terminal,201,60.74,1,97.94,0.55,1.45,1,1,0,0
2026-01-03T11:05:00+00:00,43.37,Retail,Online,Credit,AU,Mobile,122,52.66,4,4.61,1.86,0.86,0,0,1,0
2026-02-12T23:10:00+00:00,40.94,Travel,Online,Debit,AU,Mobile,131,26.82,1,2.85,8.13,1.88,0,0,1,0
2026-01-13T04:43:00+00:00,202.43,Travel,Contactless,Prepaid,JP,Terminal,425,75.74,2,13.12,0.83,3.26,1,0,0,0
2026-01-13T14:57:00+00:00,26.98,Groceries,Contactless,Credit,ID,Terminal,44,53.12,2,57.8,0.57,0.47,0,1,0,0
2026-02-17T17:51:00+00:00,64.28,Electronics,In-store,Debit,DE,Terminal,222,51.8,2,39.89,0.44,1.49,1,1,0,0
2026-01-07T12:43:00+00:00,311.4,Travel,Online,Credit,AU,Mobile,127,172.73,1,2.37,5.13,2.07,0,0,1,0
2026-02-20T22:16:00+00:00,27.74,Travel,Online,Credit,AU,Mobile,144,55.58,2,6.33,0.58,0.51,0,0,1,0
2026-01-15T20:46:00+00:00,87.79,Retail,Online,Credit,US,Mobile,244,143.33,1,18.83,4.26,0.65,0,0,1,0
2026-01-20T11:22:00+00:00,15.48,Dining,In-store,Credit,ID,Terminal,236,21.49,3,20.32,1.77,0.64,1,1,0,0
2026-02-07T00:19:00+00:00,1514.45,Retail,In-store,Credit,US,Terminal,207,346.29,2,854.95,50.88,4.34,1,1,0,0
2026-02-11T09:16:00+00:00,31.58,Retail,Online,Credit,US,Mobile,73,47.34,3,4.51,0.91,0.74,0,0,1,0
2026-02-09T03:18:00+00:00,88.5,Groceries,In-store,Credit,ID,Terminal,206,95.55,2,14.03,3.02,0.82,1,1,0,0
2026-01-31T16:38:00+00:00,180.8,Retail,Online,Credit,DE,Mobile,228,105.96,2,20.54,1.16,1.55,0,0,1,0
2026-02-07T05:48:00+00:00,52.87,Retail,Online,Debit,JP,Mobile,63,43.67,7,159.94,109.4,1.45,0,0,1,1
2026-01-23T13:39:00+00:00,53.59,Services,Online,Credit,ID,Mobile,209,102.76,1,31.92,3.67,0.5,0,0,1,0
2026-01-26T09:50:00+00:00,135.44,Entertainment,In-store,Credit,DE,Terminal,143,106.29,2,22.0,4.54,1.4,1,1,0,0
2026-01-08T19:16:00+00:00,44.83,Retail,In-store,Credit,AU,Terminal,59,37.96,2,3.27,6.26,1.3,1,1,0,0
2026-02-03T11:35:00+00:00,23.36,Retail,ATM,Debit,US,Terminal,101,38.25,1,20.44,2.9,0.48,1,1,0,0
2026-01-21T16:40:00+00:00,420.99,Groceries,Contactless,Debit,SG,Terminal,96,62.14,1,1090.54,38.47,6.67,0,1,0,0
2026-02-26T15:23:00+00:00,114.35,Retail,In-store,Debit,SG,Terminal,137,55.98,2,18.85,3.92,2.1,0,1,0,0
2026-02-27T12:47:00+00:00,135.12,Groceries,Online,Credit,AU,Mobile,101,149.24,1,41.83,4.74,0.9,0,0,1,0
2026-01-05T17:33:00+00:00,52.74,Travel,Online,Credit,JP,Mobile,475,95.27,1,7.3,2.05,0.49,0,0,1,0
2026-02-08T08:16:00+00:00,83.55,Retail,In-store,Debit,DE,Terminal,184,57.64,1,10.64,1.84,1.59,1,1,0,0
2026-01-05T17:42:00+00:00,224.35,Electronics,Contactless,Credit,SG,Terminal,128,89.47,3,0.41,29.23,2.69,1,0,0,0
2026-01-22T09:03:00+00:00,9.26,Services,Contactless,Credit,GB,Terminal,163,15.95,1,25.21,0.67,0.53,1,0,0,0
2026-01-30T07:47:00+00:00,31.41,Retail,ATM,Debit,GB,Terminal,180,40.45,1,22.68,4.03,0.95,1,1,0,0
2026-01-18T22:11:00+00:00,150.17,Dining,In-store,Credit,ID,Terminal,613,72.75,2,32.84,7.0,1.81,1,0,0,0
2026-02-18T09:27:00+00:00,100.27,Retail,ATM,Credit,JP,Terminal,184,124.58,2,2.64,1.75,0.99,0,1,0,0
2026-01-01T10:45:00+00:00,20.79,Dining,Online,Debit,DE,Mobile,101,68.71,1,21.29,2.08,0.31,0,0,1,0
2026-02-22T01:47:00+00:00,153.69,Retail,In-store,Credit,JP,Terminal,65,155.69,2,22.66,1.65,1.22,1,1,0,0
2026-02-28T16:21:00+00:00,46.52,Dining,Contactless,Credit,GB,Terminal,157,106.08,2,3.61,2.46,0.5,1,0,0,0
2026-02-13T17:38:00+00:00,111.43,Groceries,Online,Debit,DE,Mobile,565,43.93,8,1424.48,270.29,2.14,0,0,1,0
2026-03-01T02:05:00+00:00,19.96,Services,Online,Credit,ID,Mobile,120,55.09,2,12.3,2.02,0.32,0,0,1,0
2026-01-14T14:50:00+00:00,900.72,Retail,In-store,Credit,AU,Terminal,69,78.69,6,68.87,2466.59,9.86,1,1,0,0
2026-02-07T19:14:00+00:00,20.54,Retail,Online,Credit,SG,Mobile,269,45.08,2,14.05,1.56,0.55,0,0,1,0
2026-02-15T18:48:00+00:00,161.64,Retail,Online,Credit,ID,Desktop,146,163.26,2,3.18,9.75,1.14,0,0,1,0
2026-01-21T18:30:00+00:00,40.55,Retail,Online,Prepaid,GB,Mobile,42,29.35,1,1.17,4.24,1.32,0,0,1,0
2026-01-14T06:24:00+00:00,83.0,Dining,In-store,Credit,GB,Terminal,155,74.1,2,11.06,2.74,1.02,1,1,0,0
2026-01-24T11:20:00+00:00,97.32,Services,In-store,Prepaid,JP,Terminal,298,97.32,2,6.88,10.71,1.11,1,1,0,0
2026-01-01T14:46:00+00:00,53.37,Dining,In-store,Debit,DE,Terminal,30,49.22,3,34.61,0.5,1.17,1,1,0,0
2026-02-01T14:18:00+00:00,188.35,Travel,Online,Debit,AU,Mobile,222,42.51,4,544.51,168.2,5.13,0,0,1,0
2026-01-10T17:36:00+00:00,41.05,Dining,Contactless,Credit,JP,Terminal,55,57.43,1,17.4,1.2,0.58,1,1,0,0
2026-01-19T20:01:00+00:00,52.43,Retail,In-store,Credit,SG,Terminal,116,102.29,2,12.93,1.59,0.55,1,1,0,0
2026-02-28T17:39:00+00:00,37.87,Services,Online,Debit,AU,Desktop,96,43.6,2,22.72,1.52,0.86,0,0,1,0
2026-01-05T13:07:00+00:00,25.99,Services,In-store,Credit,ID,Terminal,292,30.12,4,2.79,0.94,0.85,1,1,0,0
2026-02-12T15:13:00+00:00,177.29,Retail,Online,Credit,JP,Mobile,270,127.47,4,9.19,0.47,1.2,0,0,1,0
2026-01-15T00:43:00+00:00,126.31,Groceries,Online,Prepaid,DE,Mobile,52,78.22,3,6.33,3.63,1.83,0,0,1,0
2026-01-09T13:46:00+00:00,154.5,Dining,Online,Credit,AU,Mobile,33,116.18,2,15.17,2.3,1.14,0,0,1,0
2026-02-02T08:06:00+00:00,46.74,Entertainment,Contactless,Debit,DE,Terminal,46,98.85,3,9.79,1.82,0.56,1,1,0,0
2026-01-19T17:06:00+00:00,352.89,Dining,In-store,Credit,AU,Terminal,180,248.87,3,226.91,234.9,1.22,1,0,0,0
2026-02-10T18:07:00+00:00,57.11,Groceries,Contactless,Credit,JP,Terminal,27,124.55,2,5.1,3.86,0.57,1,0,0,0
2026-02-22T23:11:00+00:00,14.91,Groceries,In-store,Credit,AU,Terminal,85,37.69,2,45.3,1.88,0.4,0,1,0,0
2026-02-13T13:15:00+00:00,59.39,Groceries,In-store,Debit,ID,Terminal,257,81.91,1,1.15,51.98,0.59,0,1,0,0
2026-02-12T07:21:00+00:00,49.33,Services,In-store,Credit,US,Terminal,204,42.0,2,16.12,6.81,1.07,1,1,0,0
2026-02-07T08:31:00+00:00,46.15,Electronics,Contactless,Debit,DE,Terminal,40,44.92,4,28.95,28.35,0.97,1,1,0,0
2026-01-15T20:45:00+00:00,61.41,Electronics,In-store,Debit,SG,Terminal,154,24.09,2,13.97,1.62,2.92,1,0,0,0
2026-01-28T09:04:00+00:00,289.46,Retail,In-store,Credit,AU,Terminal,68,50.1,5,3897.57,141.13,6.36,1,1,0,0
2026-02-28T12:24:00+00:00,308.81,Groceries,In-store,Credit,US,Terminal,85,85.99,1,20.75,0.71,3.02,1,1,0,0
2026-02-01T08:02:00+00:00,88.4,Electronics,In-store,Credit,DE,Terminal,89,57.81,3,11.27,1.77,1.44,1,0,0,0
2026-02-04T18:37:00+00:00,60.0,Retail,Online,Debit,DE,Mobile,97,29.53,2,4.42,1.37,1.81,0,0,1,0
2026-02-07T11:54:00+00:00,16.73,Groceries,Online,Debit,SG,Desktop,126,22.42,3,11.51,49.18,0.74,0,0,1,0
2026-02-02T12:55:00+00:00,108.84,Electronics,In-store,Credit,DE,Terminal,80,238.1,1,15.64,1.23,0.47,1,0,0,0
2026-01-07T17:04:00+00:00,57.55,Dining,In-store,Debit,AU,Terminal,82,74.54,3,7.42,1.95,0.7,1,1,0,0
2026-02-05T15:42:00+00:00,33.47,Dining,Online,Debit,AU,Mobile,250,35.32,2,3.26,0.57,0.92,0,0,1,0
2026-01-10T15:47:00+00:00,49.83,Groceries,Online,Credit,GB,Mobile,134,81.46,3,1.96,4.19,0.63,0,0,1,0
2026-02-13T05:49:00+00:00,103.38,Retail,In-store,Credit,JP,Terminal,62,250.38,1,9.06,1.0,0.5,1,1,0,0
2026-02-23T10:02:00+00:00,122.21,Entertainment,Contactless,Credit,SG,Terminal,144,90.31,3,1.45,6.16,1.2,1,1,0,0
2026-01-16T10:08:00+00:00,5.17,Retail,In-store,Credit,GB,Terminal,47,9.86,2,4.4,0.41,0.49,1,1,0,0
2026-01-18T23:22:00+00:00,111.54,Dining,In-store,Credit,DE,Terminal,145,338.32,1,0.51,2.18,0.36,1,1,0,0
2026-01-02T10:03:00+00:00,9.73,Dining,Contactless,Debit,JP,Terminal,198,18.14,3,18.47,0.39,0.46,1,1,0,0
2026-01-20T12:20:00+00:00,43.49,Dining,Contactless,Credit,GB,Terminal,236,52.78,2,26.3,1.51,0.8,1,1,0,0
2026-02-09T09:14:00+00:00,14.93,Electronics,Online,Debit,SG,Mobile,180,28.88,1,8.06,1.85,0.5,0,0,1,0
2026-01-11T13:51:00+00:00,33.53,Retail,Online,Prepaid,AU,Mobile,62,37.3,2,55.4,1.35,0.8,0,0,1,0
2026-01-29T00:53:00+00:00,106.07,Groceries,Online,Credit,SG,Desktop,90,72.59,1,32.53,1.49,1.34,0,0,1,0
2026-02-18T18:17:00+00:00,21.5,Travel,ATM,Debit,DE,Terminal,298,15.7,2,12.53,6.5,1.32,1,0,0,0
2026-02-18T19:43:00+00:00,34.03,Retail,Contactless,Debit,AU,Terminal,107,56.9,1,6.52,21.64,0.61,1,1,0,0
2026-01-03T13:01:00+00:00,67.71,Services,Online,Credit,DE,Mobile,126,127.2,2,5.03,3.45,0.41,0,0,1,0
2026-02-25T19:22:00+00:00,20.48,Groceries,In-store,Credit,GB,Terminal,215,34.88,1,13.72,1.04,0.65,1,1,0,0
2026-02-20T00:54:00+00:00,37.33,Dining,Online,Credit,US,Desktop,385,24.44,4,6.33,2.62,1.39,0,0,1,0
2026-02-06T13:54:00+00:00,87.34,Retail,In-store,Debit,US,Terminal,127,55.12,2,13.5,1.73,1.6,0,1,0,0
2026-02-18T09:23:00+00:00,59.03,Dining,In-store,Prepaid,SG,Terminal,102,48.43,1,14.65,5.99,1.15,1,1,0,0
2026-02-05T12:39:00+00:00,93.54,Retail,Contactless,Credit,GB,Terminal,505,40.98,1,5.74,3.28,1.94,1,1,0,0
2026-01-25T12:03:00+00:00,72.18,Groceries,ATM,Credit,GB,Terminal,531,27.87,2,24.66,0.51,2.7,1,1,0,0
2026-02-08T16:48:00+00:00,62.56,Services,Online,Credit,ID,Mobile,137,84.56,2,5.75,7.37,0.68,0,0,1,0
2026-02-23T18:14:00+00:00,213.39,Travel,In-store,Debit,SG,Terminal,136,88.85,1,7.56,6.47,2.32,1,1,0,0
2026-01-05T21:05:00+00:00,21.81,Travel,In-store,Credit,DE,Terminal,253,30.18,3,2.52,10.97,0.79,1,1,0,0
2026-02-13T11:32:00+00:00,67.57,Services,In-store,Credit,AU,Terminal,182,33.03,3,5.49,1.47,1.74,1,1,0,1
2026-01-22T16:49:00+00:00,528.74,Retail,In-store,Debit,US,Terminal,136,65.94,7,4788.72,148.56,7.31,1,1,0,0
2026-02-21T18:37:00+00:00,8.25,Retail,ATM,Credit,US,Terminal,225,32.23,3,2.74,0.75,0.27,1,0,0,0
2026-02-09T12:29:00+00:00,39.67,Electronics,Contactless,Credit,AU,Terminal,85,67.77,3,11.96,2.34,0.51,1,1,0,0
2026-01-06T14:16:00+00:00,60.88,Retail,ATM,Credit,ID,Terminal,292,156.68,1,4.48,3.66,0.43,1,1,0,0
2026-02-01T16:05:00+00:00,17.68,Electronics,Contactless,Credit,DE,Terminal,213,58.04,3,0.65,1.3,0.31,1,0,0,0
2026-02-20T06:01:00+00:00,41.29,Dining,In-store,Debit,SG,Terminal,184,27.42,1,13.67,3.46,1.59,1,0,0,0
2026-02-17T15:02:00+00:00,285.77,Retail,In-store,Debit,SG,Terminal,124,77.86,1,4.01,2.91,3.33,1,1,0,0
2026-02-11T14:20:00+00:00,39.74,Travel,ATM,Credit,AU,Terminal,86,53.76,2,10.5,1.57,0.79,1,1,0,0
2026-01-08T11:33:00+00:00,94.69,Dining,Online,Credit,US,Mobile,39,54.73,2,21.95,9.95,1.57,0,0,1,0
2026-03-01T23:00:00+00:00,205.76,Retail,Online,Debit,GB,Desktop,39,82.18,4,9.56,1.95,2.32,0,0,1,0
2026-02-08T07:35:00+00:00,94.59,Electronics,Online,Credit,DE,Mobile,41,94.55,2,10.6,2.81,1.05,0,0,1,0
2026-02-18T21:43:00+00:00,71.18,Groceries,In-store,Debit,GB,Terminal,316,61.75,1,2.84,0.57,0.91,1,1,0,0
2026-02-20T15:10:00+00:00,41.74,Groceries,Contactless,Debit,JP,Terminal,84,58.01,4,16.08,4.13,0.79,1,1,0,0
2026-03-01T05:26:00+00:00,1263.22,Travel,Contactless,Debit,ID,Terminal,57,230.74,4,361.89,68.25,6.58,1,1,0,0
2026-02-09T09:18:00+00:00,233.68,Groceries,ATM,Debit,JP,Terminal,126,131.68,3,0.82,6.41,1.59,0,0,0,0
2026-02-02T18:46:00+00:00,96.42,Groceries,Online,Prepaid,DE,Mobile,69,103.73,3,18.36,0.66,1.23,0,0,1,0
2026-01-05T09:23:00+00:00,95.99,Dining,ATM,Debit,SG,Terminal,102,65.71,2,25.69,3.78,1.2,1,1,0,0
2026-01-09T04:47:00+00:00,28.44,Travel,Online,Debit,JP,Mobile,198,31.38,1,37.68,0.28,0.89,0,0,1,0
2026-02-09T14:00:00+00:00,35.86,Retail,Online,Credit,SG,Mobile,106,125.56,1,80.47,4.55,0.34,0,0,1,0
2026-02-25T23:54:00+00:00,481.58,Entertainment,In-store,Credit,ID,Terminal,35,66.27,8,1044.08,92.31,8.22,0,1,0,1
2026-02-21T12:58:00+00:00,13.96,Groceries,In-store,Prepaid,JP,Terminal,132,41.46,2,13.01,3.67,0.42,1,1,0,0
2026-02-21T13:40:00+00:00,73.39,Retail,Online,Credit,GB,Mobile,50,51.52,1,24.55,1.35,1.36,0,0,1,0
2026-01-09T17:49:00+00:00,39.97,Retail,In-store,Credit,US,Terminal,164,32.2,2,2.79,0.95,1.47,1,0,0,0
2026-01-27T15:43:00+00:00,58.29,Entertainment,In-store,Debit,US,Terminal,364,119.97,1,1.17,1.59,0.46,1,1,0,0
2026-02-07T10:15:00+00:00,57.25,Retail,Online,Credit,US,Desktop,103,94.06,1,4.37,2.98,0.63,0,0,1,0
2026-02-07T14:08:00+00:00,219.55,Travel,In-store,Credit,ID,Terminal,143,67.9,1,30.11,4.38,3.44,1,1,0,0
2026-01-30T13:50:00+00:00,55.1,Retail,In-store,Credit,AU,Terminal,74,58.69,2,3.57,3.33,0.88,1,1,0,0
2026-02-26T01:00:00+00:00,18.21,Entertainment,In-store,Credit,SG,Terminal,81,38.77,1,12.33,0.96,0.43,1,0,0,0
2026-01-14T07:36:00+00:00,26.6,Entertainment,Online,Prepaid,ID,Mobile,267,15.11,2,13.88,15.45,1.52,0,0,1,0
2026-02-20T15:01:00+00:00,12.68,Groceries,Online,Credit,AU,Mobile,150,24.09,1,9.67,3.43,0.57,0,0,1,0
2026-01-27T08:10:00+00:00,10.41,Retail,Online,Credit,US,Mobile,213,37.24,1,1.81,1.32,0.28,0,0,1,0
2026-02-08T17:19:00+00:00,39.62,Retail,In-store,Credit,ID,Terminal,161,33.77,3,10.77,3.76,1.27,1,1,0,0
2026-01-26T13:47:00+00:00,38.9,Services,In-store,Credit,JP,Terminal,120,72.83,2,4.65,3.18,0.52,1,1,0,0
2026-01-22T07:05:00+00:00,104.11,Travel,In-store,Credit,JP,Terminal,313,102.26,3,48.09,2.06,1.13,1,1,0,0
2026-02-04T21:05:00+00:00,29.3,Services,In-store,Credit,US,Terminal,38,55.51,2,25.8,1.84,0.56,1,1,0,0
2026-02-02T18:14:00+00:00,204.34,Dining,In-store,Credit,ID,Terminal,76,150.78,2,4.83,6.59,1.43,1,1,0,0
2026-02-14T15:25:00+00:00,38.98,Electronics,Online,Prepaid,AU,Mobile,102,36.27,1,51.54,13.84,1.03,0,0,1,0
2026-01-05T17:17:00+00:00,10.25,Services,In-store,Credit,JP,Terminal,138,55.25,1,10.78,0.32,0.19,1,1,0,0
2026-01-06T16:45:00+00:00,72.93,Groceries,Contactless,Credit,ID,Terminal,109,58.37,1,1.17,8.42,1.17,1,1,0,0
2026-01-23T01:29:00+00:00,93.35,Retail,In-store,Debit,ID,Terminal,155,122.72,1,6.78,2.51,0.77,1,0,0,0
2026-01-13T10:53:00+00:00,133.2,Groceries,Online,Credit,ID,Mobile,116,64.64,4,44.65,3.12,2.22,0,0,1,1
2026-02-13T10:53:00+00:00,79.58,Dining,Contactless,Credit,DE,Terminal,59,65.81,2,3.0,9.5,1.18,1,1,0,0
2026-02-08T21:17:00+00:00,26.95,Travel,Contactless,Credit,ID,Terminal,390,20.58,1,6.85,0.17,1.48,1,1,0,0
2026-01-09T12:44:00+00:00,21.51,Services,Contactless,Debit,AU,Terminal,115,33.62,2,1.66,5.56,0.59,1,0,0,0
2026-01-08T16:36:00+00:00,67.05,Electronics,Online,Credit,ID,Mobile,153,123.02,1,1.97,8.87,0.57,0,0,1,0
2026-02-20T08:38:00+00:00,14.61,Retail,Online,Credit,AU,Mobile,136,15.66,3,2.95,1.24,0.91,0,0,1,0
2026-02-09T13:50:00+00:00,109.72,Services,Online,Credit,US,Desktop,163,144.45,2,1.92,0.61,0.74,0,0,1,0
2026-02-23T07:11:00+00:00,217.58,Electronics,ATM,Credit,JP,Terminal,311,83.49,2,3.74,12.68,2.12,1,1,0,0
2026-02-09T12:51:00+00:00,167.11,Retail,Contactless,Credit,SG,Terminal,60,37.12,5,3017.28,18.98,4.28,1,1,0,0
2026-01-25T14:34:00+00:00,15.32,Entertainment,In-store,Credit,SG,Terminal,81,35.13,3,7.1,3.74,0.43,0,1,0,0
2026-01-21T15:00:00+00:00,104.51,Retail,In-store,Prepaid,DE,Terminal,208,206.93,1,17.53,6.84,0.55,1,1,0,0
2026-02-19T12:23:00+00:00,281.48,Dining,In-store,Debit,US,Terminal,76,151.02,3,24.55,3.66,1.68,0,0,0,0
2026-03-01T07:05:00+00:00,228.96,Electronics,Online,Credit,ID,Desktop,12,55.83,7,131.73,193.38,4.25,0,0,1,1
2026-01-27T16:19:00+00:00,43.48,Retail,ATM,Debit,DE,Terminal,211,65.86,1,2.96,1.89,0.81,1,1,0,0
2026-01-29T01:11:00+00:00,68.85,Travel,Contactless,Credit,DE,Terminal,78,39.65,1,17.16,3.91,1.78,1,1,0,0
2026-01-24T18:39:00+00:00,35.35,Dining,In-store,Credit,GB,Terminal,248,65.87,2,3.68,1.21,0.52,0,1,0,0
2026-02-27T16:00:00+00:00,8.08,Dining,In-store,Credit,DE,Terminal,98,38.94,1,15.95,1.38,0.23,1,0,0,0
2026-01-08T17:05:00+00:00,30.72,Dining,In-store,Credit,SG,Terminal,298,57.34,2,46.76,2.55,0.54,1,1,0,0
2026-01-11T22:53:00+00:00,1061.58,Retail,In-store,Credit,GB,Terminal,160,195.73,2,89.93,23.57,5.47,1,1,0,0
2026-02-19T11:24:00+00:00,44.52,Retail,Contactless,Debit,JP,Terminal,82,56.7,3,4.99,4.38,0.79,1,1,0,0
2026-02-26T14:03:00+00:00,12.58,Retail,Online,Credit,GB,Desktop,56,30.53,2,5.94,0.21,0.35,0,0,1,0
2026-01-17T15:46:00+00:00,36.28,Retail,In-store,Credit,US,Terminal,114,24.83,1,4.14,3.54,1.73,1,1,0,0
2026-02-04T15:54:00+00:00,87.22,Groceries,In-store,Credit,AU,Terminal,139,65.54,1,3.79,3.88,1.02,1,1,0,0
2026-01-18T15:19:00+00:00,43.05,Dining,In-store,Prepaid,DE,Terminal,85,36.8,2,4.3,1.11,1.17,1,0,0,0
2026-03-01T21:18:00+00:00,466.79,Retail,Contactless,Credit,AU,Terminal,54,70.83,3,438.44,32.01,6.11,1,0,0,0
2026-01-05T13:33:00+00:00,45.1,Electronics,In-store,Debit,SG,Terminal,114,21.06,3,534.52,73.1,2.11,1,1,0,0
2026-02-05T19:04:00+00:00,84.1,Electronics,Online,Credit,GB,Mobile,393,94.51,2,21.09,4.66,1.11,0,0,1,0
2026-02-05T15:59:00+00:00,42.78,Retail,ATM,Credit,GB,Terminal,159,30.29,2,7.19,3.48,1.62,1,0,0,0
2026-02-25T18:22:00+00:00,108.74,Retail,In-store,Credit,US,Terminal,85,62.18,4,25.28,0.81,1.87,0,0,0,0
2026-02-03T11:15:00+00:00,79.56,Groceries,In-store,Credit,ID,Terminal,148,48.43,1,3.85,2.73,1.44,1,1,0,0
2026-01-21T11:43:00+00:00,195.42,Travel,Online,Debit,DE,Mobile,208,184.37,2,1.97,3.2,1.27,0,0,1,0
2026-01-30T00:23:00+00:00,96.84,Retail,Online,Debit,DE,Desktop,23,67.46,3,318.87,136.94,1.6,0,0,1,1
2026-02-07T18:08:00+00:00,1019.15,Groceries,In-store,Credit,SG,Terminal,112,213.7,3,741.55,40.99,4.67,1,0,0,0
2026-02-20T14:28:00+00:00,47.13,Services,Online,Credit,ID,Desktop,121,86.88,1,19.04,2.87,0.51,0,0,1,0
2026-01-02T13:57:00+00:00,329.97,Dining,Online,Credit,SG,Desktop,101,152.4,2,36.83,6.16,2.04,0,0,1,0
2026-02-13T10:29:00+00:00,86.25,Retail,Online,Credit,US,Mobile,56,52.68,3,10.17,4.21,1.86,0,0,1,0
2026-02-04T09:10:00+00:00,31.42,Dining,Online,Credit,GB,Mobile,213,75.53,1,16.92,3.71,0.51,0,0,1,0
2026-01-12T10:13:00+00:00,128.21,Groceries,Online,Credit,AU,Mobile,30,133.24,2,33.3,12.71,0.9,0,0,1,0
2026-01-23T21:53:00+00:00,140.98,Entertainment,In-store,Credit,AU,Terminal,84,108.66,4,3.14,2.91,1.08,1,0,0,0
2026-02-03T10:46:00+00:00,131.47,Services,In-store,Credit,AU,Terminal,80,85.21,1,5.86,1.06,1.61,1,1,0,0
2026-02-19T13:00:00+00:00,13.72,Retail,Contactless,Credit,GB,Terminal,90,48.76,1,155.71,1.06,0.33,1,1,0,0
2026-02-20T16:13:00+00:00,12.07,Entertainment,In-store,Credit,SG,Terminal,373,54.42,1,18.95,2.93,0.23,1,1,0,0
2026-01-30T16:44:00+00:00,641.85,Electronics,In-store,Credit,DE,Terminal,108,126.4,2,781.93,26.11,4.82,0,0,0,0
2026-02-11T17:18:00+00:00,26.98,Retail,In-store,Debit,DE,Terminal,283,144.73,2,19.75,1.8,0.19,1,1,0,0
2026-02-01T12:29:00+00:00,50.19,Electronics,Online,Credit,GB,Mobile,147,41.04,2,1.7,3.91,1.02,0,0,1,0
2026-02-10T11:52:00+00:00,55.92,Retail,Online,Debit,GB,Mobile,183,37.21,1,3.63,7.93,1.33,0,0,1,0
2026-02-28T14:46:00+00:00,68.21,Retail,Contactless,Debit,ID,Terminal,109,33.53,1,2.43,0.53,1.99,1,1,0,0
2026-01-06T15:40:00+00:00,50.36,Electronics,Contactless,Credit,ID,Terminal,222,103.47,1,11.71,2.72,0.63,1,1,0,0
2026-02-23T23:39:00+00:00,30.75,Groceries,Contactless,Credit,DE,Terminal,87,32.98,3,4.92,2.3,1.02,1,1,0,0
2026-01-11T15:14:00+00:00,132.18,Services,Contactless,Debit,AU,Terminal,98,102.66,2,8.21,2.55,1.38,1,1,0,0
2026-02-25T17:11:00+00:00,34.77,Groceries,In-store,Credit,SG,Terminal,93,86.03,1,5.25,2.83,0.45,0,1,0,0
2026-01-25T20:49:00+00:00,70.67,Dining,Online,Credit,JP,Desktop,64,42.34,1,1.23,2.38,1.63,0,0,1,0
2026-01-11T00:02:00+00:00,187.56,Electronics,Contactless,Credit,US,Terminal,132,166.75,1,19.56,9.9,1.09,1,1,0,0
2026-01-03T10:38:00+00:00,11.9,Electronics,Online,Credit,AU,Mobile,246,23.33,3,1.06,8.53,0.63,0,0,1,0
2026-02-22T00:24:00+00:00,198.53,Retail,Contactless,Credit,ID,Terminal,105,177.45,1,3.32,20.97,1.01,1,1,0,0
2026-02-13T20:01:00+00:00,62.99,Retail,Online,Credit,AU,Mobile,76,74.24,1,1.74,2.43,0.85,0,0,1,0
2026-01-26T12:34:00+00:00,24.59,Entertainment,In-store,Credit,DE,Terminal,525,15.68,1,2.81,1.63,1.5,0,1,0,0
2026-02-25T15:07:00+00:00,138.11,Groceries,In-store,Debit,US,Terminal,102,169.82,1,9.23,0.93,0.74,1,1,0,0
2026-02-21T13:50:00+00:00,109.18,Dining,Contactless,Debit,AU,Terminal,224,113.52,2,28.75,1.46,1.06,1,1,0,0
2026-01-11T17:14:00+00:00,33.8,Retail,Online,Debit,ID,Mobile,134,45.68,1,1.33,5.03,0.63,0,0,1,0
2026-01-31T12:14:00+00:00,16.33,Travel,In-store,Debit,GB,Terminal,285,32.23,2,4.0,5.86,0.52,1,1,0,0
2026-02-08T01:40:00+00:00,27.2,Retail,Online,Credit,GB,Mobile,129,21.76,3,1.08,4.83,1.03,0,0,1,0
2026-02-10T12:18:00+00:00,136.71,Electronics,Online,Credit,AU,Mobile,129,290.05,4,3.8,1.27,0.53,0,0,1,0
2026-01-31T13:22:00+00:00,60.53,Electronics,In-store,Prepaid,SG,Terminal,128,33.11,2,8.0,1.27,1.52,1,0,0,0
2026-01-16T12:20:00+00:00,31.45,Dining,Online,Debit,JP,Mobile,112,26.54,1,17.18,17.4,1.33,0,0,1,0
2026-01-15T10:30:00+00:00,293.28,Retail,In-store,Debit,US,Terminal,140,71.82,5,43.36,47.85,2.93,1,1,0,0
2026-01-12T07:43:00+00:00,19.38,Groceries,In-store,Debit,SG,Terminal,78,20.81,1,13.54,10.14,1.05,1,0,0,0
2026-01-29T02:46:00+00:00,20.95,Retail,Contactless,Credit,GB,Terminal,189,31.88,2,2.53,3.69,0.57,1,1,0,0
2026-02-03T20:07:00+00:00,37.52,Groceries,In-store,Credit,AU,Terminal,897,115.21,3,1.94,1.18,0.34,1,0,0,0
2026-02-26T06:28:00+00:00,57.08,Groceries,Online,Credit,GB,Mobile,69,81.59,5,7.96,0.75,0.64,0,0,1,0
2026-01-09T12:31:00+00:00,41.78,Groceries,Online,Credit,AU,Mobile,167,46.94,2,14.73,1.24,0.89,0,0,1,0
2026-01-29T06:57:00+00:00,67.58,Services,In-store,Credit,ID,Terminal,135,61.06,1,6.62,3.73,1.28,1,1,0,0
2026-02-07T08:35:00+00:00,31.86,Travel,Contactless,Credit,JP,Terminal,60,45.26,2,2.22,0.99,1.01,1,1,0,0
2026-01-26T16:49:00+00:00,130.12,Groceries,Online,Debit,ID,Mobile,231,57.96,3,6.61,11.64,1.62,0,0,1,0
2026-01-02T20:31:00+00:00,18.65,Electronics,Online,Credit,US,Mobile,98,36.78,4,3.33,2.0,0.5,0,0,1,0
2026-02-10T11:30:00+00:00,20.63,Groceries,Contactless,Credit,GB,Terminal,82,41.38,1,14.36,4.96,0.73,1,1,0,0
2026-01-12T17:32:00+00:00,107.98,Groceries,In-store,Credit,ID,Terminal,349,40.57,1,24.12,4.57,2.56,0,0,0,0
2026-02-14T18:05:00+00:00,11.48,Retail,Online,Debit,GB,Mobile,105,37.64,3,22.48,12.45,0.28,0,0,1,0
2026-01-17T16:26:00+00:00,75.59,Travel,Online,Debit,DE,Desktop,304,118.93,1,7.23,1.59,0.7,0,0,1,0
2026-02-10T19:56:00+00:00,43.13,Retail,In-store,Debit,AU,Terminal,196,99.54,3,25.4,2.73,0.48,1,1,0,0
2026-01-11T09:59:00+00:00,26.85,Retail,In-store,Credit,ID,Terminal,143,32.92,1,2.4,0.61,0.82,1,1,0,0
2026-02-07T06:10:00+00:00,22.89,Groceries,Online,Credit,US,Mobile,209,27.76,2,52.52,2.73,0.71,0,0,1,0
2026-01-08T13:27:00+00:00,74.0,Electronics,Contactless,Credit,GB,Terminal,232,54.48,2,2.39,7.69,1.34,1,1,0,0
2026-01-18T14:48:00+00:00,320.4,Entertainment,Online,Credit,DE,Desktop,118,244.92,1,0.79,3.06,1.08,0,0,1,0
2026-02-15T12:50:00+00:00,14.73,Dining,Online,Debit,JP,Mobile,103,30.94,1,33.18,24.85,0.41,0,0,1,0
2026-01-17T20:38:00+00:00,33.81,Services,In-store,Debit,SG,Terminal,244,54.34,1,3.38,4.14,0.64,1,1,0,0
2026-01-26T08:33:00+00:00,48.11,Groceries,In-store,Debit,AU,Terminal,939,63.92,1,8.4,1.43,0.92,1,1,0,0
2026-01-27T21:52:00+00:00,79.7,Dining,In-store,Debit,GB,Terminal,43,56.23,1,2.38,3.88,1.46,1,0,0,0
2026-01-16T12:36:00+00:00,200.14,Services,In-store,Credit,GB,Terminal,61,44.8,2,99.48,0.57,4.17,1,1,0,0
2026-02-04T18:47:00+00:00,183.89,Dining,Online,Credit,US,Mobile,68,127.84,2,54.82,1.11,1.43,0,0,1,0
2026-01-19T12:48:00+00:00,43.39,Groceries,Online,Credit,GB,Mobile,107,81.08,1,40.5,0.73,0.49,0,0,1,0
2026-02-01T14:16:00+00:00,101.88,Retail,Online,Prepaid,JP,Mobile,67,104.56,1,8.14,2.5,0.87,0,0,1,0
2026-02-17T16:58:00+00:00,97.94,Entertainment,In-store,Debit,SG,Terminal,206,88.51,1,21.73,2.32,1.03,1,0,0,0
2026-02-15T13:22:00+00:00,69.63,Retail,In-store,Debit,DE,Terminal,48,107.89,2,6.97,8.21,0.67,1,0,0,0
2026-01-14T19:08:00+00:00,223.41,Groceries,ATM,Debit,DE,Terminal,99,168.99,3,25.39,2.23,1.24,1,1,0,0
2026-02-11T20:14:00+00:00,220.86,Electronics,Online,Prepaid,US,Mobile,31,143.33,7,283.82,40.35,1.15,0,0,1,1
2026-02-15T13:34:00+00:00,293.06,Dining,Online,Credit,ID,Desktop,89,273.45,8,42.23,11.7,1.3,0,0,1,1
2026-02-03T18:55:00+00:00,97.44,Electronics,In-store,Credit,GB,Terminal,129,133.12,2,4.45,0.13,0.69,1,1,0,0
2026-02-13T13:10:00+00:00,42.73,Electronics,Online,Debit,AU,Desktop,52,39.05,2,5.04,2.56,0.86,0,0,1,0
2026-01-26T16:40:00+00:00,205.78,Entertainment,In-store,Credit,GB,Terminal,165,104.66,1,4.42,3.06,2.29,1,1,0,0
2026-01-05T11:02:00+00:00,46.05,Retail,Contactless,Debit,JP,Terminal,70,95.75,1,9.13,2.43,0.42,1,0,0,0
2026-02-04T16:30:00+00:00,266.34,Retail,In-store,Credit,GB,Terminal,58,210.23,1,4.82,4.06,1.09,1,1,0,0
2026-02-24T17:53:00+00:00,40.11,Entertainment,In-store,Prepaid,ID,Terminal,291,32.18,3,12.63,2.75,1.51,1,0,0,0
2026-01-29T23:38:00+00:00,97.6,Groceries,Online,Prepaid,US,Desktop,99,86.72,1,4.35,4.05,1.03,0,0,1,0
2026-02-03T12:59:00+00:00,12.7,Travel,In-store,Debit,SG,Terminal,189,38.76,4,17.63,1.35,0.34,1,1,0,0
2026-02-10T10:57:00+00:00,909.18,Dining,Online,Credit,GB,Mobile,96,84.2,3,2368.95,25.56,10.88,0,0,1,0
2026-02-20T13:41:00+00:00,40.74,Services,In-store,Credit,ID,Terminal,159,52.48,1,8.05,2.35,0.81,0,1,0,0
2026-01-30T16:01:00+00:00,65.05,Groceries,In-store,Debit,JP,Terminal,357,82.41,3,84.79,0.88,0.67,1,0,0,0
2026-01-20T13:24:00+00:00,92.41,Electronics,Online,Debit,JP,Mobile,153,24.13,4,1541.15,53.06,3.89,0,0,1,0
2026-02-07T19:07:00+00:00,69.3,Groceries,In-store,Credit,US,Terminal,104,101.05,2,77.64,7.86,0.73,1,1,0,0
2026-02-11T22:45:00+00:00,28.73,Groceries,Online,Credit,ID,Mobile,53,68.99,1,6.91,11.68,0.44,0,0,1,0
2026-02-10T22:09:00+00:00,65.16,Dining,ATM,Credit,SG,Terminal,250,66.61,2,1.19,7.71,1.02,0,0,0,0
2026-02-06T08:59:00+00:00,118.75,Dining,Contactless,Debit,GB,Terminal,188,214.36,1,3.4,6.41,0.64,1,1,0,0
2026-03-01T10:37:00+00:00,61.93,Retail,In-store,Credit,US,Terminal,168,47.06,2,3.8,2.61,1.4,1,0,0,0
2026-01-17T11:54:00+00:00,97.39,Retail,In-store,Credit,ID,Terminal,126,75.37,2,2.59,6.79,1.27,1,1,0,0
2026-01-19T20:48:00+00:00,171.68,Entertainment,In-store,Credit,DE,Terminal,294,64.4,1,0.66,3.51,2.53,1,0,0,0
2026-02-21T18:51:00+00:00,64.98,Travel,In-store,Credit,ID,Terminal,98,68.63,1,22.81,17.24,0.81,1,1,0,0
2026-01-11T08:02:00+00:00,148.04,Travel,Online,Prepaid,AU,Desktop,197,255.74,2,0.96,0.98,0.56,0,0,1,0
2026-02-18T13:30:00+00:00,112.01,Groceries,Contactless,Debit,DE,Terminal,479,62.9,3,1238.64,215.42,1.89,0,0,0,0
2026-01-15T20:54:00+00:00,131.59,Dining,In-store,Credit,ID,Terminal,142,41.73,1,81.79,0.69,3.6,1,1,0,0
2026-02-10T09:12:00+00:00,294.38,Retail,In-store,Credit,US,Terminal,106,203.59,1,3.14,4.85,1.39,1,1,0,0
2026-02-21T14:22:00+00:00,29.24,Retail,Contactless,Debit,JP,Terminal,91,49.4,3,11.32,0.44,0.6,1,0,0,0
2026-02-22T16:08:00+00:00,55.45,Services,Online,Debit,SG,Desktop,90,21.26,2,4.77,0.73,2.64,0,0,1,0
2026-02-06T06:30:00+00:00,82.55,Retail,Online,Credit,JP,Desktop,137,37.28,1,18.35,0.68,2.14,0,0,1,0
2026-01-14T13:04:00+00:00,11.47,Dining,Contactless,Debit,AU,Terminal,427,26.84,1,1.99,3.16,0.4,1,1,0,0
2026-01-21T20:05:00+00:00,11.22,Services,Online,Prepaid,SG,Mobile,181,18.73,3,6.39,3.51,0.58,0,0,1,0
2026-02-12T01:20:00+00:00,39.64,Travel,Online,Credit,GB,Desktop,154,47.66,2,25.36,28.52,0.85,0,0,1,0
2026-02-08T15:47:00+00:00,24.7,Retail,In-store,Debit,ID,Terminal,148,57.65,2,7.0,2.25,0.48,1,1,0,1
2026-01-18T19:02:00+00:00,104.36,Groceries,ATM,Credit,GB,Terminal,45,129.98,2,1.23,5.33,0.87,1,1,0,0
2026-02-04T12:50:00+00:00,145.59,Groceries,In-store,Credit,SG,Terminal,125,90.84,1,28.96,2.89,1.44,0,0,0,0
2026-02-26T10:40:00+00:00,32.88,Dining,Online,Debit,ID,Mobile,70,88.19,1,1.78,4.9,0.39,0,0,1,0
2026-01-04T17:56:00+00:00,31.38,Electronics,Online,Prepaid,US,Desktop,385,33.76,5,8.06,2.84,1.11,0,0,1,0
2026-02-03T12:49:00+00:00,237.56,Dining,Online,Credit,DE,Mobile,72,107.25,1,14.03,7.39,1.9,0,0,1,0
2026-02-03T11:44:00+00:00,156.01,Electronics,In-store,Debit,US,Terminal,52,149.05,1,8.43,0.86,1.18,1,1,0,0
2026-02-20T10:47:00+00:00,69.0,Groceries,ATM,Debit,US,Terminal,40,77.98,1,120.44,0.21,0.88,0,1,0,0
2026-01-16T22:42:00+00:00,51.64,Travel,In-store,Debit,JP,Terminal,78,79.41,2,16.56,3.73,0.61,1,0,0,0
2026-01-11T17:05:00+00:00,41.0,Groceries,In-store,Debit,DE,Terminal,17,26.52,3,5.91,0.4,1.55,0,0,0,0
2026-01-27T08:39:00+00:00,38.61,Electronics,In-store,Debit,GB,Terminal,153,119.75,3,14.34,9.13,0.44,1,1,0,0
2026-01-20T11:12:00+00:00,216.77,Travel,Online,Debit,SG,Mobile,158,192.01,1,9.31,1.42,1.07,0,0,1,0
2026-02-23T20:10:00+00:00,82.95,Groceries,Contactless,Credit,ID,Terminal,62,74.43,1,7.76,0.87,0.94,0,1,0,0
2026-02-15T18:58:00+00:00,84.25,Groceries,Online,Credit,JP,Desktop,245,41.0,2,9.66,36.62,1.85,0,0,1,0
2026-01-24T12:54:00+00:00,26.5,Electronics,In-store,Debit,JP,Terminal,119,54.31,1,4.58,2.41,0.64,1,1,0,0
2026-01-22T16:59:00+00:00,41.05,Dining,Online,Prepaid,JP,Mobile,120,45.91,2,9.34,1.99,0.68,0,0,1,0
2026-01-01T07:00:00+00:00,17.17,Dining,Online,Credit,GB,Mobile,246,47.74,2,4.24,5.2,0.43,0,0,1,0
2026-01-06T08:58:00+00:00,96.75,Services,In-store,Debit,ID,Terminal,296,91.94,2,0.92,5.56,1.21,1,0,0,0
2026-02-03T20:00:00+00:00,56.86,Retail,In-store,Credit,SG,Terminal,65,72.36,3,25.9,7.68,0.71,0,1,0,0
2026-02-09T14:55:00+00:00,66.48,Dining,Contactless,Debit,SG,Terminal,49,115.88,1,3.97,0.65,0.54,1,1,0,0
2026-02-17T08:07:00+00:00,44.53,Retail,ATM,Credit,US,Terminal,102,76.79,4,8.63,4.2,0.57,1,1,0,0
2026-01-07T13:08:00+00:00,41.15,Retail,Online,Prepaid,AU,Mobile,397,34.41,1,3.2,1.83,1.29,0,0,1,0
2026-01-10T13:02:00+00:00,123.19,Dining,Online,Debit,ID,Desktop,78,43.58,3,199.68,43.77,2.38,0,0,1,0
2026-02-03T23:47:00+00:00,20.5,Retail,ATM,Debit,AU,Terminal,264,41.85,1,2.36,2.58,0.49,1,0,0,0
2026-01-06T03:48:00+00:00,358.16,Retail,Online,Credit,DE,Mobile,22,53.45,9,1265.38,17.97,8.21,0,0,1,1
2026-02-20T17:12:00+00:00,189.38,Groceries,ATM,Credit,US,Terminal,120,193.75,1,27.35,6.19,0.83,1,1,0,0
2026-01-27T17:48:00+00:00,369.28,Dining,Contactless,Credit,SG,Terminal,89,215.01,1,7.6,1.84,1.67,1,1,0,0
2026-02-05T13:15:00+00:00,453.02,Services,Online,Credit,US,Mobile,59,103.94,3,247.07,68.2,3.77,0,0,1,1
2026-02-16T17:52:00+00:00,64.78,Travel,In-store,Credit,SG,Terminal,148,65.18,2,1.15,2.14,0.92,0,1,0,0
2026-01-31T16:29:00+00:00,34.56,Travel,In-store,Debit,ID,Terminal,71,24.9,3,17.72,2.08,1.02,1,1,0,0
2026-01-05T12:34:00+00:00,145.89,Groceries,Online,Credit,DE,Desktop,95,69.62,3,3.51,7.7,2.18,0,0,1,0
2026-01-14T04:48:00+00:00,383.07,Retail,Online,Credit,GB,Mobile,63,36.11,7,130.45,36.76,10.59,0,0,1,0
2026-01-21T22:28:00+00:00,360.84,Electronics,Contactless,Debit,US,Terminal,157,174.14,3,7.63,1.68,1.89,1,1,0,0
2026-01-10T10:26:00+00:00,12.76,Retail,Contactless,Debit,AU,Terminal,65,21.24,2,5.12,1.98,0.63,1,1,0,0
2026-01-31T06:34:00+00:00,219.74,Travel,Online,Credit,GB,Mobile,47,77.47,8,83.94,37.9,2.56,0,0,1,1
2026-01-02T09:13:00+00:00,175.96,Groceries,Contactless,Debit,AU,Terminal,177,34.18,5,97.63,128.94,7.55,1,1,0,0
2026-01-09T11:27:00+00:00,128.76,Dining,In-store,Credit,SG,Terminal,213,59.97,2,10.7,1.19,2.17,1,1,0,0
2026-02-18T11:54:00+00:00,174.25,Dining,Online,Credit,DE,Mobile,215,93.03,1,3.59,0.6,1.9,0,0,1,0
2026-01-08T12:38:00+00:00,107.15,Groceries,In-store,Credit,DE,Terminal,169,117.25,1,12.95,4.16,0.93,0,0,0,0
2026-01-02T12:17:00+00:00,75.02,Travel,ATM,Credit,DE,Terminal,62,58.01,2,8.68,11.56,1.45,1,1,0,0
2026-01-27T16:55:00+00:00,163.16,Groceries,In-store,Debit,ID,Terminal,73,98.97,3,23.39,2.58,1.47,0,1,0,0
2026-02-21T16:46:00+00:00,189.84,Retail,Online,Prepaid,DE,Mobile,24,39.23,4,178.51,99.16,5.17,0,0,1,1
2026-01-15T14:58:00+00:00,75.56,Groceries,In-store,Credit,US,Terminal,128,70.78,4,9.54,2.17,1.04,0,1,0,0
2026-01-24T23:45:00+00:00,113.01,Electronics,Online,Debit,US,Mobile,288,115.75,1,14.91,1.47,0.98,0,0,1,0
2026-02-15T05:01:00+00:00,45.25,Groceries,Online,Debit,SG,Mobile,82,74.88,3,3.71,7.93,0.57,0,0,1,0
2026-02-24T12:05:00+00:00,31.08,Services,Contactless,Credit,ID,Terminal,108,42.77,2,25.53,2.7,0.6,1,1,0,0
2026-01-18T03:00:00+00:00,30.85,Retail,Contactless,Credit,AU,Terminal,311,50.33,2,1.18,0.28,0.6,1,1,0,0
2026-01-10T15:26:00+00:00,227.7,Retail,In-store,Credit,US,Terminal,51,116.77,5,178.35,364.66,1.75,0,0,0,0
2026-01-15T22:27:00+00:00,30.5,Entertainment,Contactless,Credit,US,Terminal,389,29.67,1,1.13,6.38,1.01,1,1,0,0
2026-02-18T10:07:00+00:00,27.53,Retail,In-store,Credit,US,Terminal,207,32.66,2,3.29,4.49,0.9,1,1,0,0
2026-01-21T17:05:00+00:00,129.68,Retail,In-store,Credit,JP,Terminal,82,89.21,1,6.23,0.16,1.48,1,1,0,0
2026-02-21T17:43:00+00:00,88.18,Electronics,Online,Credit,SG,Desktop,105,45.36,2,18.44,2.45,2.02,0,0,1,0
2026-01-30T07:42:00+00:00,270.54,Retail,Online,Credit,DE,Desktop,440,23.47,2,375.85,268.65,10.71,0,0,1,0
2026-01-26T13:44:00+00:00,327.45,Dining,Contactless,Credit,DE,Terminal,94,145.19,3,3.84,3.59,2.22,1,1,0,0
2026-02-13T08:36:00+00:00,15.37,Retail,In-store,Credit,ID,Terminal,221,29.53,2,1.34,3.02,0.58,1,1,0,0
2026-02-28T12:18:00+00:00,19.56,Entertainment,Contactless,Credit,DE,Terminal,559,53.0,1,1.94,6.02,0.38,1,1,0,0
2026-02-14T18:33:00+00:00,54.38,Dining,Contactless,Credit,ID,Terminal,130,40.34,1,10.39,2.83,1.64,1,0,0,0
2026-01-13T11:40:00+00:00,105.58,Groceries,In-store,Credit,AU,Terminal,133,49.72,3,19.48,8.2,2.17,1,1,0,0
2026-01-20T21:44:00+00:00,82.26,Groceries,In-store,Credit,AU,Terminal,630,33.95,1,4.66,2.89,2.42,1,1,0,0
2026-01-07T17:24:00+00:00,151.42,Groceries,In-store,Credit,SG,Terminal,62,95.99,4,28.0,2.67,1.25,1,0,0,0
2026-02-05T10:11:00+00:00,20.68,Groceries,Online,Credit,GB,Desktop,132,64.85,1,2.6,6.0,0.27,0,0,1,0
2026-02-28T12:33:00+00:00,115.77,Services,Contactless,Credit,GB,Terminal,180,114.36,2,4.81,1.65,1.16,1,0,0,0
2026-01-19T15:52:00+00:00,54.31,Groceries,ATM,Prepaid,ID,Terminal,45,40.61,2,5.28,0.82,1.3,1,1,0,0
2026-01-16T15:41:00+00:00,498.33,Retail,In-store,Debit,SG,Terminal,59,241.4,2,39.74,2.47,2.01,1,1,0,0
2026-02-25T14:42:00+00:00,38.03,Groceries,In-store,Debit,JP,Terminal,90,17.5,2,8.56,4.44,2.24,1,0,0,0
2026-01-02T12:50:00+00:00,34.19,Groceries,In-store,Debit,ID,Terminal,178,21.53,2,1.02,6.21,1.62,1,1,0,0
2026-01-13T21:40:00+00:00,115.51,Groceries,ATM,Debit,AU,Terminal,95,188.58,2,21.05,6.24,0.64,1,1,0,0
2026-01-24T07:29:00+00:00,51.09,Groceries,Online,Credit,US,Desktop,126,82.12,1,56.29,2.3,0.49,0,0,1,0
2026-02-26T15:40:00+00:00,91.73,Retail,Contactless,Debit,US,Terminal,232,75.33,2,5.61,2.07,1.29,1,0,0,0
2026-03-01T03:42:00+00:00,47.15,Entertainment,Online,Credit,JP,Mobile,204,79.86,2,2.75,1.36,0.56,0,0,1,0
2026-02-23T14:26:00+00:00,145.05,Retail,Online,Credit,ID,Mobile,31,87.47,4,19.12,3.16,2.3,0,0,1,0
2026-02-20T09:16:00+00:00,26.18,Retail,Online,Credit,AU,Mobile,152,73.32,2,64.12,0.48,0.32,0,0,1,0
2026-01-02T07:22:00+00:00,49.28,Electronics,In-store,Credit,ID,Terminal,197,32.21,1,18.8,2.52,1.31,1,1,0,0
2026-01-06T04:28:00+00:00,514.49,Groceries,Online,Debit,DE,Desktop,42,102.7,5,74.79,1900.14,5.74,0,0,1,1
2026-02-23T21:40:00+00:00,70.44,Groceries,Online,Credit,US,Mobile,193,92.71,1,16.95,0.55,0.81,0,0,1,0
2026-01-22T08:05:00+00:00,84.23,Dining,In-store,Credit,US,Terminal,230,152.7,2,11.53,2.88,0.52,1,0,0,0
2026-01-10T17:40:00+00:00,249.88,Dining,Online,Debit,JP,Desktop,56,189.95,8,156.01,160.43,1.31,0,0,1,1
2026-02-02T13:28:00+00:00,52.77,Groceries,In-store,Debit,ID,Terminal,125,74.8,2,30.5,4.08,0.66,1,0,0,0
2026-02-25T02:06:00+00:00,17.57,Entertainment,In-store,Credit,AU,Terminal,160,27.17,2,11.97,0.94,0.67,1,0,0,0
2026-02-17T20:22:00+00:00,447.48,Electronics,In-store,Credit,SG,Terminal,26,190.97,2,31.39,4.12,1.84,1,1,0,0
2026-01-26T01:45:00+00:00,16.21,Groceries,In-store,Debit,SG,Terminal,360,31.13,1,2.3,1.44,0.57,1,1,0,0
2026-01-12T20:55:00+00:00,130.36,Retail,ATM,Credit,ID,Terminal,339,75.16,3,11.46,0.59,1.22,1,1,0,0
2026-02-15T03:48:00+00:00,24.86,Dining,Contactless,Credit,JP,Terminal,322,51.07,2,2.76,6.37,0.41,1,1,0,0
2026-01-06T12:15:00+00:00,63.18,Retail,Contactless,Credit,GB,Terminal,146,45.61,5,9.7,4.78,1.24,1,1,0,0
2026-01-07T18:34:00+00:00,19.97,Groceries,In-store,Credit,AU,Terminal,200,99.17,1,37.52,0.94,0.23,1,0,0,0
2026-02-14T02:59:00+00:00,269.41,Groceries,Online,Credit,DE,Mobile,148,70.73,2,1.54,1.43,3.38,0,0,1,0
2026-01-12T18:29:00+00:00,77.07,Groceries,Online,Debit,DE,Mobile,168,84.23,2,1.64,1.38,0.85,0,0,1,0
2026-01-02T13:12:00+00:00,4.4,Retail,In-store,Credit,JP,Terminal,349,35.51,3,21.14,0.48,0.16,1,1,0,0
2026-03-01T13:30:00+00:00,26.56,Dining,ATM,Credit,US,Terminal,38,53.88,2,7.28,5.27,0.59,1,0,0,0
2026-01-31T09:35:00+00:00,20.56,Dining,Online,Credit,ID,Mobile,182,36.59,1,26.8,5.47,0.54,0,0,1,0
2026-02-17T10:13:00+00:00,32.03,Dining,In-store,Credit,AU,Terminal,74,53.02,1,3.04,1.76,0.61,1,0,0,0
2026-02-12T18:19:00+00:00,38.46,Electronics,Online,Debit,JP,Desktop,59,55.86,1,7.82,2.39,0.74,0,0,1,0
2026-02-19T01:58:00+00:00,140.93,Retail,In-store,Prepaid,JP,Terminal,122,200.1,1,15.75,2.76,0.61,1,1,0,0
2026-02-10T11:54:00+00:00,25.29,Retail,Contactless,Credit,ID,Terminal,55,50.98,1,9.31,3.14,0.56,1,1,0,0
2026-02-12T04:52:00+00:00,32.81,Groceries,Contactless,Debit,ID,Terminal,18,15.16,4,62.33,28.57,2.3,0,1,0,1
2026-01-31T10:28:00+00:00,211.07,Dining,Contactless,Credit,GB,Terminal,41,149.43,1,164.82,4.01,1.54,0,1,0,0
2026-01-10T11:50:00+00:00,167.85,Retail,In-store,Credit,ID,Terminal,95,80.8,1,9.33,0.76,1.94,1,1,0,0
2026-02-16T08:15:00+00:00,34.93,Groceries,In-store,Credit,JP,Terminal,194,55.41,1,1.69,4.86,0.79,0,1,0,0
2026-01-30T09:18:00+00:00,38.87,Retail,ATM,Credit,ID,Terminal,239,45.41,1,10.44,0.85,0.91,1,0,0,0
2026-02-05T14:10:00+00:00,11.97,Dining,Contactless,Debit,US,Terminal,536,32.61,1,11.85,0.67,0.46,0,1,0,0
2026-01-19T14:41:00+00:00,196.98,Dining,Contactless,Debit,JP,Terminal,101,212.67,2,22.05,2.39,0.96,0,1,0,0
2026-02-19T20:44:00+00:00,72.99,Travel,Online,Debit,AU,Mobile,234,62.41,4,20.49,2.34,1.06,0,0,1,0
2026-02-15T14:37:00+00:00,17.3,Dining,Online,Credit,US,Mobile,152,19.5,1,5.84,2.73,0.81,0,0,1,0
2026-02-04T13:53:00+00:00,80.16,Groceries,Online,Debit,DE,Mobile,149,74.67,2,1.11,1.01,1.18,0,0,1,0
2026-01-11T07:12:00+00:00,158.34,Electronics,In-store,Credit,AU,Terminal,174,132.16,2,12.27,3.01,1.12,1,1,0,0
2026-01-26T17:46:00+00:00,31.31,Retail,Online,Credit,US,Mobile,235,66.8,5,1.21,3.31,0.48,0,0,1,0
2026-01-16T13:58:00+00:00,77.52,Dining,Contactless,Credit,GB,Terminal,187,33.58,1,28.13,7.89,1.93,1,1,0,0
2026-02-05T17:31:00+00:00,25.28,Dining,In-store,Debit,SG,Terminal,101,31.68,1,3.3,2.96,0.81,1,1,0,0
2026-01-05T09:30:00+00:00,58.92,Retail,Contactless,Debit,AU,Terminal,202,33.24,1,14.86,1.35,2.61,1,1,0,0
2026-01-26T15:55:00+00:00,218.34,Retail,In-store,Debit,ID,Terminal,86,162.24,3,3.59,0.64,1.2,1,1,0,0
2026-02-28T17:07:00+00:00,169.99,Retail,In-store,Debit,US,Terminal,202,57.59,1,4.3,0.53,3.13,1,0,0,0
2026-01-13T12:30:00+00:00,37.41,Dining,Online,Debit,AU,Mobile,145,20.26,3,3.06,3.4,1.91,0,0,1,0
2026-01-30T16:31:00+00:00,438.88,Groceries,Online,Debit,AU,Mobile,12,77.45,4,980.13,243.03,5.42,0,0,1,1
2026-01-29T06:13:00+00:00,32.4,Services,In-store,Credit,DE,Terminal,121,66.13,1,3.73,1.01,0.59,1,1,0,0
2026-02-21T10:06:00+00:00,27.19,Dining,Online,Debit,GB,Desktop,257,45.07,1,17.21,3.17,0.6,0,0,1,0
2026-02-26T09:14:00+00:00,42.81,Retail,Online,Credit,AU,Desktop,122,31.09,2,3.84,2.07,1.28,0,0,1,0
2026-02-20T12:46:00+00:00,31.96,Groceries,In-store,Credit,SG,Terminal,157,30.22,1,5.73,5.04,1.01,1,1,0,0
2026-02-05T07:38:00+00:00,72.48,Retail,Online,Prepaid,US,Mobile,96,122.28,2,7.68,5.85,0.64,0,0,1,0
2026-01-26T18:47:00+00:00,124.75,Dining,Online,Credit,AU,Desktop,110,70.87,2,8.75,0.26,1.55,0,0,1,0
2026-02-13T17:48:00+00:00,68.41,Entertainment,ATM,Debit,DE,Terminal,260,82.36,2,2.67,6.9,0.95,1,0,0,0
2026-01-04T19:49:00+00:00,101.29,Electronics,In-store,Debit,SG,Terminal,99,70.75,1,16.03,3.17,1.55,1,1,0,0
2026-02-09T21:41:00+00:00,36.99,Groceries,Online,Debit,DE,Desktop,60,74.66,2,5.48,1.45,0.5,0,0,1,0
2026-01-19T14:04:00+00:00,79.33,Retail,Contactless,Credit,US,Terminal,29,44.5,3,13.44,1.49,1.72,1,1,0,0
2026-01-28T17:07:00+00:00,63.73,Entertainment,In-store,Debit,AU,Terminal,78,52.78,1,7.26,2.54,1.26,1,1,0,0
2026-02-08T13:08:00+00:00,292.77,Retail,Online,Prepaid,JP,Mobile,62,128.66,3,14.08,1.49,1.94,0,0,1,0
2026-01-25T18:27:00+00:00,266.1,Travel,In-store,Debit,JP,Terminal,47,151.33,3,4.7,0.96,1.69,1,0,0,0
2026-01-18T14:06:00+00:00,24.11,Groceries,In-store,Credit,DE,Terminal,63,27.27,2,3.1,1.21,0.88,0,1,0,0
2026-01-12T17:03:00+00:00,45.42,Groceries,In-store,Debit,DE,Terminal,67,52.7,3,11.82,0.87,0.83,1,1,0,0
2026-01-25T10:38:00+00:00,319.35,Retail,ATM,Credit,GB,Terminal,64,104.12,1,4.29,9.46,2.79,0,1,0,0
2026-01-01T16:55:00+00:00,163.12,Retail,In-store,Credit,GB,Terminal,353,205.07,2,36.77,2.6,0.77,1,1,0,0
2026-02-21T15:17:00+00:00,1138.04,Retail,Online,Debit,GB,Mobile,42,192.15,2,480.31,1046.12,7.49,0,0,1,0
2026-02-21T10:06:00+00:00,30.2,Dining,In-store,Credit,DE,Terminal,201,35.97,1,1.63,3.56,0.73,1,0,0,0
2026-02-10T16:09:00+00:00,40.85,Groceries,Online,Credit,SG,Mobile,195,138.21,2,3.88,4.43,0.29,0,0,1,0
2026-01-17T12:54:00+00:00,29.55,Dining,Contactless,Debit,AU,Terminal,206,62.68,3,2.46,0.85,0.43,1,1,0,0
2026-02-15T15:58:00+00:00,133.99,Retail,Online,Prepaid,ID,Mobile,129,118.97,1,24.05,1.98,1.19,0,0,1,0
2026-02-05T16:21:00+00:00,113.25,Electronics,Online,Debit,US,Mobile,325,100.72,2,17.3,2.65,1.43,0,0,1,0
2026-01-16T16:29:00+00:00,23.47,Retail,Online,Credit,JP,Desktop,134,26.53,2,6.91,1.3,1.19,0,0,1,0
2026-01-28T16:35:00+00:00,143.34,Electronics,In-store,Debit,JP,Terminal,115,86.27,2,10.17,1.55,1.88,1,1,0,0
2026-01-05T12:29:00+00:00,145.99,Groceries,In-store,Credit,SG,Terminal,303,116.01,7,6.71,3.74,1.18,1,0,0,0
2026-01-07T15:42:00+00:00,40.24,Groceries,In-store,Credit,SG,Terminal,118,59.55,2,19.04,3.82,0.57,0,1,0,0
2026-01-23T20:34:00+00:00,71.35,Travel,In-store,Credit,JP,Terminal,44,51.41,1,13.09,0.65,1.33,1,1,0,0
2026-01-03T06:50:00+00:00,19.43,Dining,ATM,Credit,ID,Terminal,190,21.72,1,15.96,3.27,1.03,1,1,0,0
2026-02-22T18:29:00+00:00,280.22,Dining,Contactless,Prepaid,DE,Terminal,286,94.1,6,361.03,191.14,3.3,1,1,0,0
2026-02-26T08:42:00+00:00,520.9,Groceries,Contactless,Credit,SG,Terminal,164,69.11,6,222.58,60.93,6.32,1,1,0,0
2026-01-20T13:15:00+00:00,138.29,Dining,Online,Debit,DE,Desktop,104,33.13,5,926.64,55.04,4.95,0,0,1,0
2026-01-22T09:30:00+00:00,40.7,Retail,In-store,Credit,JP,Terminal,161,48.82,2,40.71,3.82,0.63,1,0,0,0
2026-02-16T18:40:00+00:00,70.39,Retail,ATM,Credit,GB,Terminal,216,66.71,2,24.94,0.19,0.83,1,1,0,0
2026-01-19T03:15:00+00:00,122.83,Travel,In-store,Debit,ID,Terminal,65,41.97,2,42.09,2.46,2.22,1,1,0,0
2026-02-17T16:35:00+00:00,138.02,Travel,Online,Credit,JP,Desktop,32,60.45,2,8.83,12.61,2.17,0,0,1,0
2026-01-06T12:12:00+00:00,19.2,Groceries,In-store,Credit,GB,Terminal,122,19.35,4,2.54,0.18,1.04,1,1,0,0
2026-02-01T10:50:00+00:00,145.32,Electronics,In-store,Credit,SG,Terminal,277,145.06,1,2.8,5.6,0.96,1,1,0,0
2026-01-01T22:40:00+00:00,26.05,Electronics,In-store,Credit,SG,Terminal,60,60.97,2,33.7,4.24,0.38,1,0,0,0
2026-02-13T11:24:00+00:00,72.74,Dining,Online,Debit,JP,Mobile,54,29.53,2,0.95,0.58,2.68,0,0,1,0
2026-02-13T10:23:00+00:00,18.55,Services,Online,Credit,US,Mobile,154,12.2,2,38.68,4.14,1.76,0,0,1,0
2026-01-28T13:46:00+00:00,167.04,Groceries,Online,Credit,DE,Mobile,114,117.79,1,3.11,6.7,1.47,0,0,1,0
2026-02-23T11:43:00+00:00,17.67,Groceries,In-store,Credit,ID,Terminal,82,86.73,1,61.3,0.76,0.23,1,0,0,0
2026-02-09T17:58:00+00:00,76.99,Retail,Contactless,Debit,DE,Terminal,303,69.2,2,6.84,1.21,0.95,1,1,0,0
2026-01-16T03:46:00+00:00,83.3,Retail,Contactless,Debit,GB,Terminal,83,105.78,4,16.36,2.52,0.85,1,1,0,0
2026-02-05T16:23:00+00:00,150.71,Electronics,Online,Credit,ID,Desktop,172,105.59,2,101.86,6.54,1.41,0,0,1,0
2026-01-27T12:15:00+00:00,54.3,Dining,Online,Credit,AU,Mobile,241,68.47,2,5.14,1.43,0.7,0,0,1,0
2026-02-11T18:42:00+00:00,48.3,Retail,In-store,Credit,JP,Terminal,116,51.15,1,5.04,2.36,0.8,1,1,0,0
2026-02-07T11:01:00+00:00,64.07,Travel,Online,Debit,JP,Mobile,242,46.01,1,3.44,1.27,1.36,0,0,1,1
2026-02-16T01:02:00+00:00,243.22,Retail,In-store,Credit,AU,Terminal,214,79.33,4,148.12,112.68,2.92,1,0,0,0
2026-01-11T17:29:00+00:00,432.66,Groceries,In-store,Credit,AU,Terminal,152,149.62,2,310.19,313.15,3.3,1,1,0,0
2026-01-02T08:54:00+00:00,67.09,Services,Online,Debit,AU,Mobile,103,56.44,4,4.01,2.73,1.04,0,0,1,0
2026-01-23T13:19:00+00:00,393.01,Groceries,ATM,Debit,US,Terminal,365,157.54,3,1.87,1.72,2.12,1,1,0,0
2026-01-05T18:42:00+00:00,91.9,Travel,Contactless,Credit,SG,Terminal,253,76.9,1,5.86,2.38,1.52,1,0,0,0
2026-01-30T20:06:00+00:00,891.93,Retail,In-store,Credit,US,Terminal,225,77.28,2,731.26,49.37,9.18,1,1,0,0
2026-01-22T10:37:00+00:00,252.52,Groceries,Online,Credit,ID,Desktop,139,288.1,3,2.76,0.91,0.96,0,0,1,0
2026-02-08T18:25:00+00:00,445.19,Groceries,Online,Credit,JP,Mobile,92,176.66,1,6.18,8.19,2.33,0,0,1,0
2026-02-10T17:06:00+00:00,56.92,Electronics,ATM,Debit,JP,Terminal,34,179.67,2,34.71,12.65,0.31,1,1,0,0
2026-02-28T20:23:00+00:00,115.29,Retail,Online,Debit,SG,Mobile,193,35.93,2,1.55,0.41,3.23,0,0,1,0
2026-01-01T18:58:00+00:00,4368.44,Groceries,Online,Debit,SG,Mobile,106,250.87,3,3732.5,196.79,17.89,0,0,1,1
2026-01-30T07:13:00+00:00,314.39,Retail,ATM,Credit,GB,Terminal,156,57.2,3,212.42,259.55,6.25,1,1,0,0
2026-02-17T21:54:00+00:00,86.16,Dining,In-store,Debit,AU,Terminal,755,52.05,2,9.22,0.73,1.55,1,1,0,0
2026-01-16T02:19:00+00:00,12.88,Groceries,In-store,Credit,SG,Terminal,322,14.83,2,30.18,1.53,0.9,1,0,0,0
2026-02-21T11:18:00+00:00,51.01,Retail,In-store,Credit,DE,Terminal,183,74.6,1,42.21,1.38,0.81,1,1,0,0
2026-02-09T12:02:00+00:00,16.49,Groceries,Online,Credit,AU,Mobile,125,29.84,3,12.39,16.46,0.63,0,0,1,0
2026-01-30T13:03:00+00:00,59.56,Dining,Online,Credit,JP,Mobile,231,78.68,3,3.44,12.84,0.9,0,0,1,0
2026-01-07T10:57:00+00:00,34.52,Groceries,ATM,Credit,SG,Terminal,253,28.36,1,3.12,0.98,1.3,1,1,0,0
2026-02-04T08:24:00+00:00,247.62,Services,ATM,Credit,ID,Terminal,102,194.13,1,3.93,0.57,1.2,1,1,0,0
2026-01-01T18:43:00+00:00,249.08,Retail,In-store,Credit,ID,Terminal,111,86.36,2,59.04,5.33,3.16,1,1,0,0
2026-01-19T16:01:00+00:00,296.16,Travel,Online,Credit,GB,Mobile,158,265.58,1,4.85,4.24,0.98,0,0,1,0
2026-01-23T13:10:00+00:00,11.21,Dining,In-store,Credit,SG,Terminal,79,31.03,3,10.55,8.53,0.37,1,1,0,0
2026-01-06T17:32:00+00:00,407.0,Groceries,Online,Debit,ID,Mobile,83,165.17,1,2.34,0.85,2.56,0,0,1,0
2026-01-05T20:33:00+00:00,41.41,Travel,Online,Credit,US,Mobile,60,18.69,4,124.96,226.68,2.21,0,0,1,0
2026-02-23T10:44:00+00:00,54.04,Retail,In-store,Credit,DE,Terminal,454,69.08,3,7.61,1.18,0.65,0,1,0,0
2026-01-29T11:39:00+00:00,36.59,Services,In-store,Debit,JP,Terminal,52,40.02,4,5.17,4.59,1.09,1,0,0,0
2026-01-06T21:26:00+00:00,66.87,Electronics,In-store,Credit,US,Terminal,53,45.1,1,5.6,2.37,1.2,0,1,0,0
2026-01-20T14:31:00+00:00,18.41,Electronics,In-store,Credit,AU,Terminal,27,43.13,2,1.45,16.45,0.38,1,0,0,0
2026-02-05T11:50:00+00:00,19.29,Services,In-store,Credit,JP,Terminal,207,33.3,1,6.82,3.85,0.58,1,0,0,0
2026-02-23T09:36:00+00:00,11.44,Services,Online,Prepaid,JP,Mobile,69,26.61,2,40.62,1.8,0.37,0,0,1,0
2026-01-27T06:53:00+00:00,300.65,Retail,Online,Credit,US,Mobile,75,45.26,7,174.45,126.21,6.93,0,0,1,1
2026-01-11T14:52:00+00:00,129.83,Entertainment,Online,Debit,GB,Mobile,129,65.07,3,19.83,2.22,1.92,0,0,1,0
2026-01-29T19:58:00+00:00,51.86,Electronics,In-store,Credit,AU,Terminal,327,128.56,2,0.16,0.78,0.43,1,1,0,0
2026-02-11T15:53:00+00:00,141.87,Groceries,In-store,Debit,GB,Terminal,74,73.11,1,3.06,16.86,1.71,1,1,0,0
2026-01-08T13:31:00+00:00,193.14,Dining,Contactless,Debit,JP,Terminal,139,128.8,2,0.9,12.17,1.64,1,1,0,0
2026-02-07T19:01:00+00:00,14.07,Dining,Contactless,Prepaid,DE,Terminal,292,23.09,1,28.78,2.06,0.61,1,1,0,0
2026-01-21T12:32:00+00:00,13.43,Dining,Online,Debit,ID,Mobile,314,45.54,1,19.43,4.95,0.27,0,0,1,0
2026-03-01T17:30:00+00:00,52.16,Groceries,Online,Prepaid,ID,Mobile,287,95.79,3,2.37,19.13,0.48,0,0,1,0
2026-01-27T13:55:00+00:00,43.26,Dining,Contactless,Credit,DE,Terminal,197,75.42,3,10.16,8.47,0.64,1,1,0,0
2026-02-04T20:27:00+00:00,91.28,Electronics,In-store,Credit,GB,Terminal,131,34.48,1,27.71,1.81,2.4,1,1,0,0
2026-02-12T14:45:00+00:00,83.61,Services,Online,Debit,ID,Mobile,202,110.74,2,32.88,2.25,0.86,0,0,1,0
2026-02-18T11:02:00+00:00,15.97,Travel,In-store,Credit,AU,Terminal,53,42.72,1,4.73,0.44,0.49,1,1,0,0
2026-01-04T17:11:00+00:00,33.42,Services,In-store,Credit,US,Terminal,103,36.41,2,0.65,5.34,1.01,1,1,0,0
2026-01-22T19:54:00+00:00,38.16,Services,Contactless,Credit,US,Terminal,360,82.81,1,2.75,8.52,0.41,1,0,0,0
2026-01-01T19:05:00+00:00,76.81,Travel,Online,Debit,ID,Mobile,256,60.58,3,17.16,8.58,1.27,0,0,1,0
2026-01-05T13:59:00+00:00,20.17,Groceries,Online,Debit,US,Mobile,57,42.95,1,74.35,4.96,0.5,0,0,1,0
2026-01-29T13:34:00+00:00,23.31,Dining,Contactless,Debit,DE,Terminal,171,42.02,3,6.96,3.5,0.55,1,1,0,0
2026-01-25T08:42:00+00:00,35.18,Entertainment,In-store,Credit,AU,Terminal,71,30.1,1,3.79,0.91,1.17,1,1,0,0
2026-02-13T03:51:00+00:00,138.21,Retail,In-store,Debit,DE,Terminal,110,46.65,2,103.47,3.39,2.73,1,1,0,0
2026-02-10T21:16:00+00:00,360.72,Electronics,Online,Credit,GB,Mobile,378,123.35,2,11.55,1.31,3.61,0,0,1,0
2026-02-25T17:24:00+00:00,33.82,Services,Online,Prepaid,US,Mobile,37,70.74,1,1.91,4.16,0.48,0,0,1,0
2026-01-16T15:03:00+00:00,72.92,Travel,Online,Credit,JP,Mobile,54,112.51,2,6.48,1.15,0.64,0,0,1,0
2026-02-02T15:35:00+00:00,89.8,Services,Contactless,Debit,AU,Terminal,149,84.39,2,22.2,4.13,1.27,1,0,0,0
2026-01-09T02:16:00+00:00,64.55,Travel,In-store,Prepaid,DE,Terminal,186,40.53,3,6.84,9.24,1.91,1,1,0,0
2026-01-26T13:40:00+00:00,24.26,Services,Online,Credit,GB,Mobile,108,20.66,5,1068.27,160.32,1.23,0,0,1,0
2026-01-07T20:36:00+00:00,32.23,Services,In-store,Credit,SG,Terminal,302,33.03,1,1.26,3.42,0.97,0,1,0,0
2026-02-24T13:20:00+00:00,136.08,Dining,Online,Credit,AU,Mobile,114,39.01,3,92.06,273.97,3.48,0,0,1,0
2026-02-01T15:17:00+00:00,9.66,Dining,Contactless,Credit,US,Terminal,162,37.09,2,3.29,14.44,0.28,1,1,0,0
2026-01-05T12:23:00+00:00,42.56,Entertainment,Contactless,Debit,AU,Terminal,139,114.17,1,5.42,2.21,0.4,1,0,0,0
2026-01-21T07:44:00+00:00,69.93,Electronics,In-store,Prepaid,DE,Terminal,112,113.4,2,10.67,4.14,0.65,1,1,0,0
2026-02-16T11:00:00+00:00,252.9,Dining,Online,Debit,ID,Mobile,226,254.1,4,14.89,11.15,0.96,0,0,1,0
2026-02-15T07:58:00+00:00,74.47,Travel,In-store,Prepaid,JP,Terminal,76,36.73,1,111.36,4.8,1.72,1,1,0,0
2026-02-14T15:27:00+00:00,146.85,Retail,In-store,Credit,AU,Terminal,331,170.43,3,3.28,0.33,1.15,1,1,0,0
2026-02-08T19:12:00+00:00,1560.54,Services,Online,Credit,AU,Mobile,87,169.75,5,315.64,53.75,8.48,0,0,1,1
2026-03-01T12:12:00+00:00,48.0,Groceries,Online,Credit,SG,Mobile,266,51.88,3,3.38,5.21,0.94,0,0,1,0
2026-02-26T19:59:00+00:00,52.41,Retail,Contactless,Debit,GB,Terminal,663,82.09,4,24.22,1.65,0.6,1,0,0,0
2026-01-25T04:33:00+00:00,129.89,Groceries,In-store,Debit,JP,Terminal,180,135.16,1,25.72,10.38,0.82,1,1,0,0
2026-02-28T14:29:00+00:00,74.8,Dining,ATM,Debit,US,Terminal,146,58.07,1,4.52,15.77,1.42,1,0,0,0
2026-02-11T16:30:00+00:00,109.32,Services,Online,Credit,ID,Desktop,186,55.22,1,71.69,1.36,1.75,0,0,1,0
2026-01-01T11:25:00+00:00,28.72,Dining,Online,Debit,US,Mobile,100,40.13,2,3.39,0.88,0.84,0,0,1,0
2026-02-14T07:14:00+00:00,6.87,Retail,ATM,Credit,GB,Terminal,126,13.01,3,22.94,1.71,0.52,1,1,0,0
2026-01-15T10:11:00+00:00,69.57,Retail,Online,Credit,AU,Mobile,75,63.17,2,36.6,1.62,1.14,0,0,1,0
2026-02-21T06:07:00+00:00,47.51,Groceries,Online,Debit,GB,Mobile,347,38.04,1,1.65,11.43,1.24,0,0,1,0
2026-01-15T19:04:00+00:00,52.29,Entertainment,Online,Debit,DE,Desktop,66,29.99,3,13.95,0.87,1.98,0,0,1,0
2026-01-29T00:39:00+00:00,50.93,Groceries,In-store,Credit,SG,Terminal,75,79.39,1,0.37,5.17,0.61,1,1,0,0
2026-02-22T06:44:00+00:00,17.62,Services,ATM,Credit,DE,Terminal,115,23.49,2,18.3,9.85,0.61,1,0,0,0
2026-02-17T18:24:00+00:00,132.48,Retail,In-store,Credit,GB,Terminal,62,101.9,2,2.2,5.58,1.48,1,0,0,0
2026-01-08T11:40:00+00:00,60.73,Dining,In-store,Prepaid,JP,Terminal,85,82.63,2,13.79,3.81,0.72,1,0,0,0
2026-02-28T12:22:00+00:00,36.32,Services,Contactless,Debit,ID,Terminal,104,46.52,2,16.95,2.09,0.7,1,1,0,0
2026-01-26T11:45:00+00:00,111.93,Dining,Online,Debit,DE,Mobile,234,57.91,1,25.33,15.63,2.01,0,0,1,0
2026-02-01T20:49:00+00:00,13.11,Dining,Online,Credit,GB,Desktop,48,27.84,1,19.67,1.92,0.39,0,0,1,0
2026-01-04T20:13:00+00:00,306.96,Groceries,Online,Credit,DE,Desktop,93,98.27,1,7.86,6.35,3.3,0,0,1,0
2026-01-02T20:38:00+00:00,42.39,Electronics,In-store,Credit,US,Terminal,165,68.16,1,4.86,2.1,0.63,1,0,0,0
2026-01-29T11:44:00+00:00,99.33,Services,In-store,Debit,US,Terminal,190,71.54,2,6.81,0.39,1.58,1,1,0,0
2026-01-22T09:36:00+00:00,73.35,Groceries,Contactless,Prepaid,US,Terminal,825,83.62,1,2.16,1.88,0.86,1,0,0,0
2026-01-03T18:37:00+00:00,43.43,Entertainment,ATM,Credit,AU,Terminal,373,39.74,3,5.85,2.1,1.09,1,1,0,0
2026-01-06T19:11:00+00:00,19.15,Retail,Online,Prepaid,ID,Mobile,426,22.48,4,5.37,2.13,0.78,0,0,1,0
2026-02-13T12:23:00+00:00,162.49,Travel,Contactless,Debit,DE,Terminal,45,112.42,2,3.1,1.27,1.57,1,1,0,0
2026-02-05T15:02:00+00:00,64.31,Groceries,In-store,Debit,ID,Terminal,169,94.41,3,1.09,4.6,0.74,0,1,0,0
2026-02-01T12:10:00+00:00,29.28,Retail,In-store,Prepaid,JP,Terminal,208,42.61,1,1.81,5.14,0.65,1,0,0,0
2026-02-04T01:35:00+00:00,268.23,Dining,In-store,Credit,AU,Terminal,57,78.72,1,0.23,1.81,2.84,1,1,0,0
2026-03-01T12:39:00+00:00,139.45,Dining,In-store,Credit,GB,Terminal,113,136.69,3,5.27,1.8,0.94,1,1,0,0
2026-01-28T20:23:00+00:00,498.39,Dining,Contactless,Credit,US,Terminal,237,126.49,5,662.85,38.45,3.1,1,1,0,0
2026-03-01T19:54:00+00:00,16.47,Travel,Online,Credit,GB,Mobile,246,41.81,1,0.39,3.17,0.37,0,0,1,0
2026-01-18T07:28:00+00:00,71.99,Dining,Contactless,Debit,GB,Terminal,328,22.93,2,9.59,9.76,2.93,1,0,0,0
2026-02-17T11:48:00+00:00,18.36,Groceries,Online,Credit,US,Desktop,147,25.63,2,6.46,9.76,0.66,0,0,1,0
2026-02-07T06:24:00+00:00,1011.49,Electronics,Contactless,Credit,AU,Terminal,92,49.27,7,122.19,60.39,16.92,1,1,0,0
2026-01-18T11:59:00+00:00,216.74,Travel,In-store,Debit,SG,Terminal,205,156.1,3,4.6,18.01,1.18,1,1,0,0
2026-01-08T11:52:00+00:00,168.02,Dining,Online,Debit,DE,Desktop,154,37.58,1,1416.42,76.54,5.15,0,0,1,0
2026-01-07T05:09:00+00:00,46.61,Dining,ATM,Credit,DE,Terminal,186,40.95,1,2.53,0.89,1.03,1,1,0,0
2026-02-09T20:56:00+00:00,152.53,Dining,In-store,Credit,GB,Terminal,36,40.41,1,8.06,0.63,3.65,1,0,0,0
2026-01-10T18:38:00+00:00,9.87,Dining,Contactless,Credit,GB,Terminal,134,42.71,1,10.82,0.84,0.24,1,1,0,0
2026-02-07T20:46:00+00:00,50.15,Groceries,Online,Credit,US,Desktop,181,59.9,2,2.99,3.43,1.05,0,0,1,0
2026-02-11T17:21:00+00:00,16.83,Electronics,Online,Credit,ID,Mobile,134,26.26,2,22.4,1.9,0.78,0,0,1,0
2026-02-14T17:05:00+00:00,94.19,Travel,In-store,Credit,ID,Terminal,122,122.1,2,11.52,1.31,0.81,1,0,0,0
2026-01-09T18:20:00+00:00,45.97,Travel,In-store,Debit,ID,Terminal,122,54.92,1,5.6,1.05,1.01,1,1,0,0
2026-01-08T16:12:00+00:00,226.26,Services,In-store,Debit,JP,Terminal,72,302.31,3,99.44,0.83,0.78,0,1,0,0
2026-01-18T09:20:00+00:00,32.03,Dining,In-store,Debit,ID,Terminal,245,28.14,1,22.51,1.01,1.04,1,1,0,0
2026-01-30T09:26:00+00:00,143.06,Services,In-store,Credit,AU,Terminal,109,169.59,1,1.16,6.79,0.91,1,1,0,0
2026-01-06T14:39:00+00:00,61.61,Groceries,Online,Credit,ID,Desktop,23,149.06,2,4.82,14.93,0.41,0,0,1,0
2026-01-30T16:13:00+00:00,46.98,Entertainment,Contactless,Credit,JP,Terminal,87,46.17,2,111.42,15.88,1.17,0,1,0,0
2026-01-04T02:47:00+00:00,69.83,Dining,Online,Debit,DE,Mobile,78,46.68,2,2.51,4.89,1.44,0,0,1,0
2026-01-09T14:08:00+00:00,23.36,Dining,Contactless,Debit,AU,Terminal,106,33.15,2,7.95,1.5,0.66,1,1,0,0
2026-01-24T19:33:00+00:00,81.59,Entertainment,In-store,Debit,AU,Terminal,85,33.4,1,28.62,1.26,2.94,1,0,0,0
2026-02-04T08:51:00+00:00,589.88,Services,In-store,Credit,AU,Terminal,124,60.32,2,913.75,234.19,10.78,1,1,0,0
2026-01-25T11:41:00+00:00,80.8,Retail,Online,Credit,DE,Mobile,154,61.16,1,17.75,1.92,1.56,0,0,1,0
2026-02-12T23:27:00+00:00,35.18,Retail,Online,Credit,AU,Desktop,77,21.29,1,16.63,3.71,1.55,0,0,1,0
2026-01-12T11:21:00+00:00,257.43,Electronics,In-store,Debit,AU,Terminal,139,267.94,4,7.6,16.95,0.94,0,1,0,0
2026-01-06T02:38:00+00:00,94.87,Groceries,Contactless,Debit,GB,Terminal,213,50.97,2,3.09,3.06,1.87,0,1,0,0
2026-02-25T16:29:00+00:00,151.39,Retail,In-store,Credit,SG,Terminal,104,62.97,2,11.92,24.0,2.44,1,1,0,0
2026-01-27T23:52:00+00:00,63.81,Retail,Contactless,Debit,DE,Terminal,213,40.16,2,4.74,0.8,1.52,1,1,0,0
2026-02-06T10:09:00+00:00,34.38,Groceries,In-store,Credit,GB,Terminal,339,50.73,1,4.35,3.85,0.65,1,1,0,0
2026-02-13T10:46:00+00:00,40.38,Electronics,ATM,Credit,SG,Terminal,69,47.82,1,37.74,3.37,0.9,1,1,0,0
2026-01-18T13:03:00+00:00,73.05,Retail,In-store,Credit,JP,Terminal,165,60.23,1,4.86,0.92,1.32,1,0,0,0
2026-01-04T14:56:00+00:00,92.04,Dining,In-store,Debit,DE,Terminal,558,59.77,5,48.27,5.48,1.55,1,0,0,0
2026-02-20T18:27:00+00:00,87.4,Retail,Online,Debit,GB,Desktop,158,101.82,3,9.8,11.37,0.88,0,0,1,0
2026-02-11T23:00:00+00:00,59.39,Travel,In-store,Credit,AU,Terminal,75,69.94,1,6.2,22.26,0.65,1,1,0,0
2026-02-03T18:58:00+00:00,223.65,Services,Contactless,Debit,JP,Terminal,189,95.37,1,1.0,3.71,2.47,1,1,0,0
2026-02-22T11:12:00+00:00,29.56,Groceries,In-store,Credit,US,Terminal,119,59.96,3,76.08,0.37,0.47,1,1,0,0
2026-01-27T18:55:00+00:00,38.37,Services,ATM,Debit,JP,Terminal,55,70.13,3,7.34,3.96,0.51,1,0,0,0
2026-01-03T15:43:00+00:00,25.09,Entertainment,In-store,Credit,AU,Terminal,119,51.58,3,0.61,5.17,0.41,0,1,0,0
2026-02-15T13:53:00+00:00,53.6,Groceries,In-store,Credit,GB,Terminal,60,115.82,1,21.9,1.94,0.51,1,1,0,0
2026-02-18T15:37:00+00:00,177.19,Retail,In-store,Debit,ID,Terminal,42,74.42,2,6.99,3.05,2.0,1,1,0,0
2026-01-23T13:21:00+00:00,109.09,Groceries,In-store,Credit,GB,Terminal,246,54.45,1,2.65,1.52,2.04,1,1,0,0
2026-01-12T15:28:00+00:00,65.18,Entertainment,Online,Debit,DE,Desktop,26,53.4,2,20.58,2.15,0.88,0,0,1,0
2026-02-18T17:44:00+00:00,73.98,Groceries,In-store,Debit,ID,Terminal,357,56.2,1,0.45,6.8,1.26,1,1,0,0
2026-01-04T01:27:00+00:00,48.11,Dining,Online,Prepaid,SG,Mobile,199,61.55,3,3.37,9.87,0.92,0,0,1,0
2026-01-01T15:56:00+00:00,25.0,Retail,Online,Credit,SG,Mobile,382,58.17,1,5.32,0.69,0.44,0,0,1,0
2026-02-20T09:32:00+00:00,182.31,Retail,In-store,Debit,AU,Terminal,430,41.96,1,18.87,1.48,3.65,1,1,0,0
2026-01-15T11:03:00+00:00,217.05,Services,Online,Credit,DE,Mobile,294,99.2,1,86.86,0.5,2.16,0,0,1,0
2026-02-17T13:04:00+00:00,117.95,Entertainment,Contactless,Credit,SG,Terminal,99,103.36,2,5.64,15.46,1.15,1,1,0,0
2026-02-01T22:26:00+00:00,114.7,Groceries,In-store,Credit,AU,Terminal,87,192.39,1,12.26,5.88,0.54,1,1,0,0
2026-02-25T11:01:00+00:00,31.29,Travel,In-store,Debit,ID,Terminal,145,40.76,4,151.9,0.33,0.8,1,1,0,0
2026-02-20T12:22:00+00:00,54.41,Travel,Online,Credit,JP,Desktop,89,93.05,10,7.43,2.31,0.6,0,0,1,1
2026-01-29T11:15:00+00:00,15.13,Groceries,Contactless,Credit,DE,Terminal,505,17.45,2,12.37,1.85,0.98,1,1,0,0
2026-02-14T10:50:00+00:00,144.86,Travel,In-store,Prepaid,DE,Terminal,66,103.43,1,1.89,1.15,1.12,1,1,0,0
2026-01-10T13:52:00+00:00,14.92,Entertainment,In-store,Debit,SG,Terminal,237,23.41,3,63.76,6.93,0.75,1,0,0,0
2026-02-26T07:34:00+00:00,12.19,Electronics,Online,Credit,US,Mobile,138,31.82,2,3.37,6.78,0.37,0,0,1,0
2026-02-25T18:48:00+00:00,275.95,Dining,Online,Credit,DE,Desktop,138,74.88,2,9.93,3.22,3.46,0,0,1,0
2026-01-16T13:59:00+00:00,43.01,Dining,Online,Prepaid,JP,Mobile,211,40.29,2,9.62,1.29,1.07,0,0,1,0
2026-02-01T16:56:00+00:00,38.37,Electronics,In-store,Debit,SG,Terminal,22,36.86,3,8.12,1.31,1.23,1,1,0,0
2026-02-25T18:03:00+00:00,27.47,Electronics,Online,Prepaid,ID,Desktop,137,44.03,4,4.58,2.57,0.71,0,0,1,0
2026-01-20T12:26:00+00:00,36.37,Services,In-store,Credit,DE,Terminal,56,96.96,1,9.64,1.56,0.35,0,1,0,0
2026-01-07T13:18:00+00:00,26.06,Electronics,Contactless,Credit,DE,Terminal,224,32.9,2,51.06,2.45,0.88,1,1,0,0
2026-02-28T10:15:00+00:00,33.62,Retail,ATM,Debit,US,Terminal,167,58.25,1,90.83,4.3,0.76,1,1,0,0
2026-01-12T17:33:00+00:00,71.1,Travel,In-store,Debit,SG,Terminal,439,47.18,3,6.09,0.53,1.43,1,1,0,0
2026-01-10T18:03:00+00:00,148.6,Retail,Online,Debit,US,Mobile,382,102.81,2,4.51,1.15,1.62,0,0,1,0
2026-01-29T15:13:00+00:00,168.6,Electronics,Online,Credit,AU,Mobile,88,104.71,2,3.04,2.38,1.48,0,0,1,0
2026-01-28T03:12:00+00:00,30.37,Retail,ATM,Credit,US,Terminal,162,18.3,2,141.85,11.77,1.7,0,0,0,0
2026-01-13T17:58:00+00:00,325.42,Groceries,In-store,Credit,DE,Terminal,415,119.02,2,8.51,5.73,2.82,1,1,0,0
2026-02-22T16:55:00+00:00,48.01,Groceries,Online,Credit,JP,Mobile,187,40.57,3,25.19,2.45,1.18,0,0,1,0
2026-01-02T11:41:00+00:00,110.73,Services,In-store,Prepaid,US,Terminal,223,70.36,1,15.9,3.68,1.82,0,1,0,0
2026-02-25T12:26:00+00:00,188.41,Services,Online,Debit,US,Mobile,427,32.78,4,5060.61,99.33,6.4,0,0,1,0
2026-02-08T13:36:00+00:00,21.1,Dining,Online,Credit,SG,Mobile,382,76.8,2,5.63,7.22,0.28,0,0,1,0
2026-01-16T18:39:00+00:00,229.02,Dining,Contactless,Debit,SG,Terminal,156,316.83,3,2.19,3.8,0.84,0,0,0,0
2026-01-25T16:08:00+00:00,38.76,Dining,ATM,Credit,DE,Terminal,291,65.54,1,57.13,8.84,0.54,1,1,0,0
2026-01-05T14:12:00+00:00,45.82,Travel,In-store,Credit,GB,Terminal,259,44.75,1,19.96,0.63,1.07,0,1,0,0
2026-02-25T18:47:00+00:00,24.29,Retail,In-store,Credit,DE,Terminal,451,51.89,2,12.21,1.1,0.57,1,1,0,0
2026-02-12T03:55:00+00:00,148.11,Groceries,Online,Debit,AU,Desktop,49,23.22,6,2413.21,144.69,6.86,0,0,1,1
2026-03-01T05:58:00+00:00,265.93,Dining,In-store,Debit,GB,Terminal,336,154.75,1,13.0,4.03,1.7,1,1,0,0
2026-01-03T06:15:00+00:00,135.86,Retail,Online,Credit,GB,Mobile,105,73.95,1,41.55,27.12,1.95,0,0,1,0
2026-02-25T20:48:00+00:00,413.28,Dining,In-store,Credit,US,Terminal,64,30.51,10,584.79,18.03,12.86,0,1,0,1
2026-02-19T18:40:00+00:00,10.97,Entertainment,Online,Credit,JP,Mobile,262,31.17,3,19.93,2.38,0.33,0,0,1,0
2026-01-31T07:33:00+00:00,36.55,Electronics,In-store,Credit,US,Terminal,228,60.94,1,13.18,2.28,0.44,1,0,0,0
2026-02-07T19:09:00+00:00,728.24,Dining,In-store,Credit,SG,Terminal,175,110.59,3,5.17,3.12,5.67,1,1,0,0
2026-01-19T08:41:00+00:00,39.85,Groceries,In-store,Debit,SG,Terminal,138,28.56,2,5.89,13.92,1.73,1,1,0,0
2026-01-31T16:06:00+00:00,125.97,Groceries,Contactless,Debit,DE,Terminal,233,124.43,2,4.8,5.91,1.06,1,1,0,0
2026-02-27T18:31:00+00:00,51.71,Retail,ATM,Credit,SG,Terminal,202,56.85,1,9.9,0.49,0.94,1,0,0,0
2026-02-18T04:20:00+00:00,31.65,Retail,Online,Debit,GB,Mobile,152,32.96,1,4.48,11.4,0.89,0,0,1,0
2026-01-23T19:02:00+00:00,10.98,Services,ATM,Credit,US,Terminal,226,44.52,2,11.94,11.09,0.28,1,1,0,0
2026-02-03T19:22:00+00:00,100.35,Entertainment,Online,Credit,DE,Mobile,49,188.02,2,11.5,3.2,0.57,0,0,1,0
2026-01-23T08:52:00+00:00,17.93,Dining,Contactless,Debit,DE,Terminal,189,24.48,1,9.26,0.49,0.86,1,1,0,0
2026-01-21T09:46:00+00:00,20.54,Dining,Contactless,Credit,DE,Terminal,42,37.5,1,9.44,2.11,0.59,1,0,0,0
2026-02-08T19:14:00+00:00,66.88,Groceries,Online,Credit,SG,Desktop,75,112.08,1,3.96,3.93,0.64,0,0,1,0
2026-01-26T21:44:00+00:00,300.79,Groceries,Online,Credit,JP,Mobile,58,69.46,8,5.42,6.66,4.51,0,0,1,1
2026-02-08T13:18:00+00:00,24.42,Retail,In-store,Debit,ID,Terminal,135,36.08,2,1.18,0.42,0.79,1,0,0,0
2026-02-28T08:24:00+00:00,140.78,Services,ATM,Credit,AU,Terminal,42,112.97,1,6.48,1.14,1.1,1,0,0,0
2026-01-07T10:54:00+00:00,132.92,Electronics,ATM,Credit,SG,Terminal,37,116.51,2,2.5,7.37,1.07,0,1,0,0
2026-01-25T11:30:00+00:00,82.48,Groceries,Contactless,Debit,GB,Terminal,109,74.84,3,8.25,11.04,1.33,1,0,0,0
2026-01-12T15:44:00+00:00,27.92,Groceries,Contactless,Credit,JP,Terminal,38,40.53,3,3.37,3.78,0.69,1,1,0,0
2026-01-04T17:59:00+00:00,73.09,Retail,In-store,Prepaid,JP,Terminal,52,44.8,1,0.77,7.76,2.0,1,0,0,0
2026-01-01T15:33:00+00:00,105.06,Groceries,ATM,Credit,ID,Terminal,90,72.61,3,88.03,3.88,1.22,1,0,0,0
2026-01-23T20:29:00+00:00,13.18,Groceries,In-store,Credit,ID,Terminal,251,25.72,3,5.73,6.44,0.42,1,0,0,0
2026-01-06T01:15:00+00:00,122.63,Retail,Contactless,Debit,AU,Terminal,60,143.03,3,36.3,2.84,0.86,1,0,0,0
2026-02-13T12:36:00+00:00,135.31,Entertainment,Online,Credit,SG,Desktop,29,182.21,2,4.14,3.97,0.83,0,0,1,0
2026-01-21T11:49:00+00:00,195.39,Retail,Contactless,Credit,GB,Terminal,345,51.76,5,2886.87,32.4,4.12,0,1,0,0
2026-01-14T17:57:00+00:00,90.76,Dining,Online,Credit,GB,Mobile,244,76.06,1,2.08,5.06,1.27,0,0,1,0
2026-02-26T16:32:00+00:00,175.99,Groceries,Contactless,Credit,SG,Terminal,173,130.42,1,8.97,0.7,1.37,1,1,0,0
2026-02-07T20:15:00+00:00,326.88,Groceries,In-store,Prepaid,AU,Terminal,131,215.1,2,2.22,5.06,1.27,1,1,0,0
2026-02-17T07:32:00+00:00,1092.69,Retail,Online,Credit,JP,Mobile,193,166.01,7,7791.72,70.88,5.81,0,0,1,1
2026-02-16T19:59:00+00:00,110.08,Electronics,Online,Debit,ID,Mobile,168,19.53,4,338.94,159.17,4.97,0,0,1,0
2026-01-14T14:11:00+00:00,12.22,Groceries,Online,Credit,JP,Desktop,142,49.15,5,18.38,0.95,0.24,0,0,1,0
2026-02-07T09:36:00+00:00,107.53,Travel,In-store,Debit,AU,Terminal,118,83.55,2,12.13,1.49,1.5,1,1,0,0
2026-01-07T18:26:00+00:00,49.47,Groceries,Online,Debit,ID,Desktop,182,43.76,2,7.18,3.55,1.25,0,0,1,0
2026-02-01T10:44:00+00:00,97.14,Entertainment,Online,Credit,AU,Mobile,80,192.25,4,13.06,5.23,0.5,0,0,1,0
2026-03-01T17:21:00+00:00,163.52,Retail,ATM,Prepaid,AU,Terminal,292,174.01,4,32.95,7.34,1.1,0,0,0,0
2026-01-13T14:28:00+00:00,50.95,Electronics,In-store,Debit,JP,Terminal,334,35.5,1,15.41,0.78,1.38,1,1,0,0
2026-02-13T14:17:00+00:00,115.04,Electronics,Contactless,Debit,DE,Terminal,327,54.3,1,8.83,0.55,1.91,1,1,0,0
2026-01-04T14:57:00+00:00,50.4,Entertainment,Online,Credit,DE,Mobile,130,37.07,1,13.08,0.93,1.27,0,0,1,0
2026-02-01T22:28:00+00:00,63.96,Services,In-store,Credit,SG,Terminal,174,53.15,1,60.74,0.85,1.13,1,0,0,0
2026-01-08T09:54:00+00:00,346.49,Dining,Online,Credit,GB,Mobile,17,52.12,4,281.89,526.8,8.47,0,0,1,1
2026-02-28T04:50:00+00:00,101.85,Travel,In-store,Credit,DE,Terminal,55,112.2,2,0.96,9.4,0.76,1,1,0,0
2026-01-27T21:30:00+00:00,32.92,Dining,Contactless,Credit,SG,Terminal,230,33.87,1,2.21,0.91,1.19,1,1,0,0
2026-02-27T11:18:00+00:00,6.78,Entertainment,Online,Debit,DE,Mobile,254,11.01,2,2.4,13.6,0.63,0,0,1,0
2026-02-24T13:33:00+00:00,42.34,Dining,Contactless,Credit,ID,Terminal,39,21.26,1,2.8,8.85,1.84,1,1,0,0
2026-01-07T18:14:00+00:00,11.03,Electronics,Online,Credit,US,Desktop,54,30.93,2,2.91,0.48,0.34,0,0,1,0
2026-01-31T07:29:00+00:00,51.11,Groceries,Online,Debit,DE,Desktop,69,39.4,1,7.2,0.88,1.53,0,0,1,0
2026-02-08T10:52:00+00:00,55.14,Retail,ATM,Credit,AU,Terminal,171,68.15,2,9.7,0.47,0.93,1,1,0,0
2026-01-26T19:40:00+00:00,52.14,Retail,Contactless,Debit,AU,Terminal,99,29.91,3,9.59,2.26,1.68,1,1,0,0
2026-02-11T08:46:00+00:00,85.22,Travel,In-store,Debit,ID,Terminal,59,27.46,6,199.68,111.88,2.9,1,1,0,0
2026-01-27T14:32:00+00:00,27.87,Electronics,In-store,Debit,SG,Terminal,107,32.98,3,22.05,2.5,0.98,0,0,0,0
2026-02-21T09:33:00+00:00,29.47,Groceries,In-store,Credit,US,Terminal,106,29.22,1,13.3,0.32,0.96,1,0,0,0
2026-02-07T12:35:00+00:00,41.75,Dining,Online,Credit,SG,Mobile,253,42.08,2,42.07,0.59,1.21,0,0,1,0
2026-01-30T18:40:00+00:00,21.4,Dining,In-store,Credit,ID,Terminal,111,40.93,1,18.75,3.19,0.48,1,1,0,0
2026-02-21T21:16:00+00:00,115.29,Travel,Contactless,Debit,DE,Terminal,373,94.43,2,5.03,4.58,1.37,1,1,0,0
2026-02-10T15:05:00+00:00,9.42,Retail,In-store,Credit,US,Terminal,32,31.72,3,31.06,0.33,0.29,1,1,0,0
2026-01-17T12:13:00+00:00,28.85,Retail,Contactless,Credit,ID,Terminal,184,47.83,2,9.98,0.68,0.61,1,1,0,0
2026-01-22T07:44:00+00:00,17.25,Electronics,In-store,Credit,US,Terminal,583,42.34,2,17.77,6.84,0.35,1,1,0,0
2026-01-06T12:57:00+00:00,162.51,Retail,In-store,Credit,AU,Terminal,122,102.08,2,16.32,0.72,1.54,1,1,0,0
2026-01-25T18:53:00+00:00,59.73,Travel,ATM,Debit,ID,Terminal,110,54.58,1,6.44,2.42,1.18,1,1,0,0
2026-02-03T17:56:00+00:00,153.31,Retail,In-store,Credit,JP,Terminal,84,119.46,1,8.28,0.66,1.22,1,1,0,0
2026-02-03T12:28:00+00:00,86.73,Retail,Contactless,Credit,DE,Terminal,48,28.53,1,6.39,5.65,2.3,1,1,0,0
2026-02-17T09:17:00+00:00,48.83,Groceries,In-store,Credit,US,Terminal,281,58.43,3,2.89,0.33,0.76,1,1,0,0
2026-01-13T14:50:00+00:00,55.47,Groceries,Online,Prepaid,JP,Desktop,77,41.5,1,0.7,1.81,1.35,0,0,1,0
2026-01-24T18:24:00+00:00,23.47,Services,In-store,Debit,DE,Terminal,253,27.2,2,3.44,6.3,0.96,1,1,0,0
2026-02-17T14:34:00+00:00,46.64,Groceries,In-store,Credit,ID,Terminal,176,57.75,2,9.2,4.53,0.88,1,1,0,0
2026-02-13T14:55:00+00:00,421.96,Groceries,Online,Prepaid,SG,Mobile,212,186.12,1,24.39,1.55,2.08,0,0,1,0
2026-01-30T16:02:00+00:00,103.67,Electronics,In-store,Credit,AU,Terminal,69,34.66,2,17.74,1.22,3.36,1,1,0,0
2026-02-17T08:46:00+00:00,39.25,Groceries,In-store,Debit,AU,Terminal,170,55.54,3,5.43,1.95,0.71,1,1,0,0
2026-02-21T15:00:00+00:00,47.98,Dining,In-store,Credit,SG,Terminal,134,25.71,1,3.5,0.68,1.55,1,1,0,0
2026-01-26T06:35:00+00:00,26.81,Travel,Contactless,Credit,JP,Terminal,153,23.37,1,6.06,2.23,1.13,1,1,0,0
2026-02-17T09:07:00+00:00,35.63,Entertainment,In-store,Credit,DE,Terminal,23,36.17,2,2.53,2.26,1.13,1,1,0,0
2026-01-14T05:45:00+00:00,64.32,Retail,In-store,Credit,DE,Terminal,194,45.04,1,0.72,1.62,1.08,1,1,0,0
2026-02-03T15:57:00+00:00,43.77,Travel,In-store,Debit,US,Terminal,641,46.36,1,1.35,6.69,0.75,1,1,0,0
2026-01-15T22:32:00+00:00,5.56,Retail,Online,Debit,DE,Mobile,54,52.1,2,33.52,0.84,0.1,0,0,1,0
2026-02-11T08:57:00+00:00,58.32,Dining,Online,Credit,AU,Mobile,260,20.67,1,57.0,0.45,2.39,0,0,1,0
2026-01-22T13:41:00+00:00,23.28,Groceries,Online,Credit,GB,Mobile,113,40.17,1,16.93,1.45,0.6,0,0,1,0
2026-02-20T00:02:00+00:00,372.62,Electronics,Online,Debit,SG,Mobile,21,83.61,8,418.23,124.46,4.06,0,0,1,1
2026-02-24T19:21:00+00:00,97.08,Travel,In-store,Credit,AU,Terminal,82,24.96,4,96.32,98.82,4.11,1,1,0,0
2026-01-21T12:22:00+00:00,22.81,Travel,Online,Debit,GB,Mobile,372,47.9,1,6.19,2.11,0.57,0,0,1,0
2026-01-03T17:56:00+00:00,109.54,Retail,Contactless,Debit,US,Terminal,164,72.99,2,14.48,0.8,1.07,1,0,0,0
2026-02-13T04:56:00+00:00,27.15,Groceries,Online,Credit,GB,Mobile,122,36.29,1,18.41,0.92,0.9,0,0,1,0
2026-02-24T17:46:00+00:00,236.61,Groceries,Online,Debit,US,Mobile,44,75.34,7,951.17,67.47,3.02,0,0,1,0
2026-02-25T17:33:00+00:00,23.59,Retail,ATM,Debit,AU,Terminal,197,22.45,3,27.95,1.39,1.01,1,1,0,0
2026-01-14T15:03:00+00:00,103.97,Groceries,In-store,Prepaid,ID,Terminal,285,107.5,2,62.63,7.37,0.9,1,1,0,0
2026-01-02T08:47:00+00:00,124.14,Groceries,Online,Credit,AU,Mobile,165,76.54,1,4.73,3.2,1.64,0,0,1,0
2026-01-05T11:24:00+00:00,127.08,Groceries,In-store,Credit,AU,Terminal,60,62.56,2,9758.01,64.55,2.05,1,1,0,0
2026-01-30T09:12:00+00:00,71.51,Electronics,Contactless,Credit,AU,Terminal,194,125.35,2,0.8,7.35,0.56,1,1,0,0
2026-01-17T05:50:00+00:00,382.98,Travel,Contactless,Credit,GB,Terminal,493,48.71,1,189.4,171.79,7.39,1,1,0,0
2026-01-09T20:06:00+00:00,25.07,Electronics,In-store,Credit,GB,Terminal,120,40.38,1,9.21,0.63,0.62,1,1,0,0
2026-01-12T09:37:00+00:00,76.95,Electronics,Contactless,Credit,ID,Terminal,277,147.25,1,13.52,0.1,0.53,1,1,0,0
2026-01-24T09:19:00+00:00,107.64,Retail,Contactless,Credit,US,Terminal,114,199.64,3,6.05,0.65,0.64,1,1,0,0
2026-01-04T16:49:00+00:00,43.31,Services,Contactless,Debit,ID,Terminal,118,38.45,5,4.28,4.46,0.87,1,0,0,0
2026-02-19T11:41:00+00:00,52.22,Travel,Online,Prepaid,DE,Desktop,155,56.04,1,83.33,6.0,0.87,0,0,1,0
2026-02-27T12:10:00+00:00,99.11,Electronics,Contactless,Credit,DE,Terminal,104,119.02,3,4.06,0.47,0.81,1,0,0,0
2026-01-12T05:55:00+00:00,131.67,Services,In-store,Credit,DE,Terminal,97,57.35,5,145.28,212.44,2.49,1,1,0,0
2026-02-04T20:03:00+00:00,116.21,Electronics,Contactless,Credit,AU,Terminal,136,88.81,2,47.46,4.58,1.49,1,1,0,0
2026-01-03T23:46:00+00:00,235.41,Dining,In-store,Prepaid,DE,Terminal,264,100.21,1,18.8,9.92,2.1,1,0,0,0
2026-01-06T12:30:00+00:00,11.58,Dining,Contactless,Credit,AU,Terminal,142,41.87,2,24.64,6.36,0.28,1,1,0,0
2026-01-18T10:24:00+00:00,30.27,Dining,Contactless,Credit,DE,Terminal,130,79.24,1,9.17,9.51,0.35,1,1,0,0
2026-02-20T16:28:00+00:00,86.66,Entertainment,Contactless,Credit,GB,Terminal,154,60.1,1,1.63,4.01,1.72,1,1,0,0
2026-02-16T17:22:00+00:00,81.73,Retail,Contactless,Debit,SG,Terminal,407,27.36,2,8.11,3.88,2.44,1,1,0,0
2026-02-12T09:46:00+00:00,8.79,Groceries,Contactless,Debit,JP,Terminal,67,31.71,1,1.4,1.76,0.25,1,0,0,0
2026-01-07T13:52:00+00:00,59.8,Groceries,Online,Credit,DE,Desktop,214,39.49,3,9.65,5.59,1.53,0,0,1,0
2026-01-14T16:50:00+00:00,1525.1,Groceries,Online,Credit,SG,Mobile,80,110.34,9,914.83,29.01,13.01,0,0,1,1
2026-02-05T10:31:00+00:00,67.12,Dining,Online,Prepaid,GB,Desktop,119,112.72,3,24.12,2.14,0.54,0,0,1,0
2026-01-23T13:56:00+00:00,202.96,Electronics,Contactless,Debit,AU,Terminal,317,98.24,2,6.68,4.22,2.46,1,1,0,0
2026-02-14T12:27:00+00:00,82.59,Retail,In-store,Credit,US,Terminal,259,80.32,1,16.83,10.06,0.83,0,0,0,0
2026-02-03T13:27:00+00:00,94.28,Groceries,Online,Credit,AU,Mobile,241,78.91,1,2.73,1.53,1.12,0,0,1,0
2026-02-04T12:17:00+00:00,38.98,Groceries,In-store,Credit,DE,Terminal,55,72.27,1,21.4,6.47,0.59,1,1,0,0
2026-02-04T06:48:00+00:00,117.1,Travel,Online,Credit,JP,Mobile,92,78.64,1,15.52,2.02,1.72,0,0,1,0
2026-02-26T06:41:00+00:00,144.7,Groceries,In-store,Prepaid,GB,Terminal,84,82.19,1,3.06,6.6,1.55,1,0,0,0
2026-02-03T10:34:00+00:00,66.95,Retail,Online,Credit,DE,Mobile,222,24.22,1,13.24,1.1,2.69,0,0,1,0
2026-02-15T14:09:00+00:00,86.68,Retail,In-store,Credit,ID,Terminal,252,36.1,2,24.5,5.08,2.26,1,1,0,0
2026-01-30T10:21:00+00:00,28.47,Dining,In-store,Credit,AU,Terminal,112,30.91,3,8.06,2.24,0.92,1,0,0,0
2026-01-06T15:23:00+00:00,689.86,Retail,In-store,Credit,GB,Terminal,112,123.92,1,2.99,0.75,6.34,1,1,0,0
2026-02-02T17:34:00+00:00,402.94,Travel,Online,Credit,ID,Mobile,635,176.83,1,8.98,2.11,2.13,0,0,1,0
2026-02-21T20:45:00+00:00,18.53,Entertainment,In-store,Credit,DE,Terminal,154,14.73,1,13.57,9.22,1.29,1,1,0,0
2026-02-15T21:10:00+00:00,82.77,Retail,In-store,Credit,DE,Terminal,185,166.86,1,2.97,0.89,0.5,1,1,0,0
2026-02-02T12:40:00+00:00,31.09,Dining,Contactless,Credit,GB,Terminal,114,63.84,2,2.44,0.56,0.36,1,0,0,0
2026-02-27T21:34:00+00:00,49.17,Entertainment,Online,Prepaid,ID,Mobile,341,116.54,2,13.12,3.66,0.38,0,0,1,0
2026-02-28T19:07:00+00:00,48.95,Entertainment,Contactless,Prepaid,ID,Terminal,179,83.86,3,18.28,0.46,0.52,1,1,0,0
2026-02-26T10:12:00+00:00,2425.64,Electronics,Online,Debit,GB,Mobile,50,153.89,11,4744.46,524.98,11.07,0,0,1,1
2026-03-01T12:21:00+00:00,90.77,Retail,Online,Credit,GB,Mobile,157,69.15,2,15.37,11.45,1.25,0,0,1,0
2026-01-20T09:33:00+00:00,15.94,Groceries,ATM,Credit,GB,Terminal,100,24.87,1,1.95,6.95,0.63,1,1,0,0
2026-01-10T19:23:00+00:00,43.76,Services,Contactless,Debit,SG,Terminal,69,56.33,3,69.67,2.43,0.85,1,1,0,0
2026-01-27T14:44:00+00:00,62.59,Groceries,Contactless,Debit,AU,Terminal,135,84.37,1,23.58,13.0,0.79,1,1,0,0
2026-01-15T09:14:00+00:00,60.92,Retail,Online,Credit,SG,Mobile,398,52.44,1,0.81,9.44,1.52,0,0,1,0
2026-01-10T18:25:00+00:00,54.9,Groceries,Online,Debit,US,Mobile,109,92.53,1,2.38,1.44,0.54,0,0,1,0
2026-02-09T19:12:00+00:00,56.23,Retail,Contactless,Debit,DE,Terminal,281,57.82,2,4.3,10.37,1.15,1,1,0,0
2026-01-07T02:13:00+00:00,261.47,Dining,Online,Credit,GB,Mobile,34,40.97,7,1120.92,44.18,5.67,0,0,1,1
2026-01-04T12:30:00+00:00,16.15,Dining,Online,Debit,JP,Mobile,36,29.79,2,0.54,2.02,0.55,0,0,1,0
2026-01-12T10:12:00+00:00,117.51,Groceries,In-store,Debit,GB,Terminal,93,46.77,2,6.48,0.41,2.47,0,1,0,0
2026-01-25T17:20:00+00:00,52.68,Groceries,Contactless,Debit,ID,Terminal,43,68.92,2,17.45,2.85,0.77,1,1,0,0
2026-02-09T17:39:00+00:00,10.09,Groceries,ATM,Debit,DE,Terminal,226,16.88,1,0.33,1.83,0.5,1,1,0,0
2026-03-01T14:36:00+00:00,66.62,Electronics,Contactless,Credit,GB,Terminal,37,36.34,2,16.8,1.56,1.57,0,1,0,0
2026-02-07T17:43:00+00:00,15.68,Electronics,Online,Credit,US,Mobile,142,16.48,2,19.18,2.08,0.95,0,0,1,0
2026-02-01T09:38:00+00:00,42.75,Retail,In-store,Credit,AU,Terminal,79,40.4,2,2.91,1.38,1.19,1,1,0,0
2026-01-18T14:56:00+00:00,65.62,Retail,Contactless,Credit,ID,Terminal,86,131.4,2,2.08,2.56,0.44,1,1,0,0
2026-01-20T11:57:00+00:00,37.56,Entertainment,Online,Credit,DE,Mobile,246,27.91,2,2.86,8.88,1.53,0,0,1,0
2026-02-07T23:24:00+00:00,276.39,Retail,Online,Credit,AU,Desktop,123,95.3,2,0.39,0.85,3.55,0,0,1,0
2026-01-12T12:35:00+00:00,173.05,Groceries,Online,Debit,ID,Desktop,131,384.42,2,5.16,5.83,0.42,0,0,1,0
2026-01-05T09:05:00+00:00,209.1,Retail,In-store,Credit,DE,Terminal,125,155.21,1,9.41,3.05,1.15,1,1,0,0
2026-02-15T15:49:00+00:00,180.77,Groceries,ATM,Credit,DE,Terminal,33,65.81,9,116.6,159.83,2.9,0,0,0,1
2026-02-28T23:35:00+00:00,2774.22,Electronics,In-store,Debit,AU,Terminal,76,105.42,3,1298.88,106.62,24.97,0,1,0,0
2026-02-25T23:54:00+00:00,46.72,Retail,In-store,Credit,US,Terminal,41,24.77,3,8.27,1.2,1.99,1,1,0,0
2026-02-10T18:07:00+00:00,26.21,Groceries,Contactless,Credit,JP,Terminal,175,21.7,1,9.84,3.84,1.1,1,0,0,0
2026-02-25T13:25:00+00:00,30.56,Dining,ATM,Credit,JP,Terminal,165,61.48,2,4.75,4.13,0.43,1,1,0,0
2026-02-15T16:31:00+00:00,37.85,Groceries,Online,Credit,SG,Mobile,299,78.19,1,16.73,1.1,0.5,0,0,1,0
2026-01-04T16:10:00+00:00,157.66,Electronics,In-store,Credit,AU,Terminal,178,122.9,2,30.56,0.64,1.47,1,1,0,0
2026-01-24T08:17:00+00:00,13.68,Retail,Contactless,Credit,SG,Terminal,98,41.69,3,4.72,2.68,0.4,1,1,0,0
2026-01-05T08:16:00+00:00,31.21,Groceries,In-store,Credit,JP,Terminal,120,68.42,2,17.07,5.23,0.4,1,1,0,0
2026-01-16T12:39:00+00:00,53.58,Entertainment,In-store,Credit,US,Terminal,200,66.91,1,17.27,6.72,0.93,1,1,0,0
2026-03-01T12:41:00+00:00,58.3,Retail,Online,Credit,DE,Mobile,290,55.4,1,11.7,8.19,1.0,0,0,1,0
2026-02-19T13:38:00+00:00,74.41,Retail,In-store,Debit,JP,Terminal,101,57.56,2,46.75,3.57,1.17,1,1,0,0
2026-02-27T05:19:00+00:00,116.37,Travel,Contactless,Credit,ID,Terminal,97,34.62,5,200.51,84.5,3.59,0,0,0,1
2026-01-29T15:07:00+00:00,115.66,Groceries,Online,Debit,AU,Mobile,127,72.37,1,4.65,2.45,1.63,0,0,1,0
2026-01-14T17:07:00+00:00,42.2,Groceries,Online,Prepaid,US,Mobile,84,68.5,3,3.14,0.71,0.54,0,0,1,0
2026-01-23T19:47:00+00:00,55.56,Dining,Online,Credit,US,Mobile,85,45.33,1,16.4,1.24,1.36,0,0,1,0
2026-01-12T12:08:00+00:00,87.12,Dining,In-store,Debit,SG,Terminal,110,93.01,3,5.48,2.33,1.05,1,0,0,0
2026-02-27T11:50:00+00:00,152.94,Travel,Online,Credit,JP,Mobile,133,117.69,1,3.44,1.88,1.34,0,0,1,0
2026-02-05T09:20:00+00:00,212.57,Groceries,Online,Credit,GB,Mobile,300,93.72,1,46.04,2.7,1.92,0,0,1,0
2026-01-03T14:37:00+00:00,26.3,Dining,In-store,Credit,AU,Terminal,504,30.64,1,54.08,0.62,0.7,1,0,0,0
2026-01-20T03:08:00+00:00,38.94,Entertainment,Online,Prepaid,ID,Desktop,115,64.38,1,5.15,0.78,0.61,0,0,1,0
2026-01-30T19:49:00+00:00,9.86,Services,In-store,Debit,JP,Terminal,51,33.37,1,1.64,5.34,0.32,1,1,0,0
2026-02-13T13:55:00+00:00,19.48,Dining,Contactless,Prepaid,US,Terminal,88,64.25,2,57.39,1.07,0.26,1,1,0,0
2026-02-23T15:56:00+00:00,113.75,Dining,In-store,Credit,AU,Terminal,108,33.45,3,748.3,55.91,4.22,1,0,0,0
2026-01-13T12:00:00+00:00,123.43,Electronics,Contactless,Credit,JP,Terminal,163,138.4,2,11.74,2.7,0.86,1,0,0,0
2026-02-12T00:54:00+00:00,47.0,Entertainment,Online,Credit,DE,Mobile,38,100.4,3,8.29,0.97,0.47,0,0,1,0
2026-02-18T18:13:00+00:00,81.25,Retail,Online,Debit,AU,Mobile,281,127.67,2,3.06,7.44,0.54,0,0,1,0
2026-02-16T13:34:00+00:00,340.19,Groceries,In-store,Credit,US,Terminal,71,119.54,2,4.69,0.7,2.37,1,1,0,0
2026-01-17T12:55:00+00:00,71.14,Retail,Contactless,Debit,AU,Terminal,166,50.61,1,15.57,2.46,1.59,1,1,0,0
2026-01-21T17:38:00+00:00,19.75,Services,In-store,Debit,US,Terminal,123,45.76,3,4.52,1.16,0.42,1,0,0,0
2026-01-09T05:48:00+00:00,121.96,Electronics,In-store,Debit,AU,Terminal,28,187.19,9,11.9,2.88,0.7,0,0,0,1
2026-02-04T16:14:00+00:00,61.95,Retail,ATM,Credit,GB,Terminal,343,54.2,2,7.5,1.5,1.19,1,1,0,0
2026-01-21T22:55:00+00:00,16.97,Entertainment,Online,Credit,AU,Mobile,32,25.02,3,2.31,2.4,0.63,0,0,1,1
2026-01-25T23:38:00+00:00,62.17,Travel,Online,Credit,DE,Mobile,68,116.15,2,43.96,8.34,0.56,0,0,1,0
2026-01-02T17:52:00+00:00,50.85,Entertainment,Contactless,Credit,GB,Terminal,195,66.25,2,14.2,1.24,0.75,1,1,0,0
2026-02-26T02:00:00+00:00,330.14,Entertainment,ATM,Credit,AU,Terminal,248,160.59,2,10.63,1.23,1.82,0,1,0,0
2026-02-08T15:25:00+00:00,165.24,Groceries,Online,Credit,DE,Mobile,117,70.66,3,13.61,1.79,1.92,0,0,1,0
2026-01-15T15:49:00+00:00,36.18,Groceries,In-store,Credit,JP,Terminal,152,59.56,1,1.03,10.74,0.59,1,1,0,0
2026-01-05T08:05:00+00:00,202.92,Groceries,Online,Credit,DE,Mobile,263,162.71,3,4.3,2.25,1.23,0,0,1,0
2026-01-24T17:13:00+00:00,17.67,Travel,ATM,Credit,DE,Terminal,116,22.2,4,1.38,8.45,0.92,1,0,0,0
2026-01-09T12:49:00+00:00,25.04,Travel,Online,Debit,US,Mobile,113,41.24,2,8.48,2.06,0.49,0,0,1,0
2026-01-12T15:57:00+00:00,27.76,Dining,In-store,Debit,GB,Terminal,233,33.89,2,10.58,8.08,0.77,1,0,0,0
2026-02-17T10:22:00+00:00,6.22,Dining,Online,Prepaid,SG,Mobile,121,14.49,3,8.63,3.7,0.42,0,0,1,0
2026-01-04T09:09:00+00:00,204.33,Groceries,In-store,Debit,GB,Terminal,78,106.44,2,27.02,4.28,1.9,1,1,0,0
2026-01-31T12:06:00+00:00,106.39,Groceries,Contactless,Debit,US,Terminal,134,42.0,1,1.42,0.59,2.42,1,1,0,0
2026-02-16T09:49:00+00:00,85.99,Electronics,In-store,Credit,GB,Terminal,68,108.69,1,3.07,0.5,0.72,1,1,0,0
2026-02-05T23:46:00+00:00,53.89,Dining,Online,Debit,DE,Mobile,128,77.7,1,11.66,7.17,0.62,0,0,1,0
2026-01-08T17:39:00+00:00,195.96,Electronics,Online,Credit,ID,Mobile,264,89.54,3,9.88,7.08,1.78,0,0,1,0
2026-01-17T03:01:00+00:00,90.88,Retail,Online,Debit,AU,Mobile,57,44.88,1,1.74,27.7,1.96,0,0,1,0
2026-01-11T12:21:00+00:00,21.34,Groceries,Contactless,Debit,JP,Terminal,130,36.72,2,27.55,0.56,0.46,1,1,0,0
2026-02-28T20:13:00+00:00,61.81,Groceries,In-store,Credit,US,Terminal,204,63.97,4,40.35,4.0,0.84,0,1,0,0
2026-02-10T17:33:00+00:00,494.28,Retail,Online,Debit,US,Mobile,42,109.67,11,712.05,39.5,4.54,0,0,1,1
2026-03-01T13:39:00+00:00,26.91,Dining,Online,Debit,GB,Mobile,356,58.4,3,1.4,1.17,0.57,0,0,1,0
2026-01-09T14:52:00+00:00,45.34,Travel,In-store,Credit,US,Terminal,139,38.23,1,8.81,1.49,1.17,1,1,0,0
2026-01-22T11:14:00+00:00,20.27,Retail,Online,Credit,JP,Mobile,176,27.68,1,10.74,3.61,0.6,0,0,1,0
2026-01-22T12:34:00+00:00,41.14,Retail,Contactless,Credit,AU,Terminal,354,68.9,1,5.48,1.27,0.66,1,1,0,0
2026-02-17T03:03:00+00:00,188.24,Dining,Online,Debit,AU,Mobile,64,42.09,7,1962.49,113.71,4.42,0,0,1,1
2026-01-05T17:10:00+00:00,21.58,Services,In-store,Prepaid,JP,Terminal,132,57.59,3,6.5,5.65,0.37,1,1,0,0
2026-02-18T10:40:00+00:00,15.06,Groceries,Contactless,Debit,AU,Terminal,99,51.67,2,74.81,7.6,0.26,1,1,0,0
2026-01-29T12:33:00+00:00,70.11,Dining,ATM,Debit,AU,Terminal,120,45.2,2,17.49,4.92,1.63,1,1,0,0
2026-02-24T20:18:00+00:00,38.05,Retail,Contactless,Debit,GB,Terminal,171,73.04,2,10.01,3.86,0.58,1,1,0,0
2026-01-20T12:28:00+00:00,323.16,Dining,Online,Debit,JP,Desktop,78,86.52,4,20.34,2.13,3.47,0,0,1,0
2026-02-21T11:55:00+00:00,616.05,Dining,Online,Credit,SG,Mobile,338,216.47,2,39.8,1.39,3.13,0,0,1,0
2026-02-23T12:19:00+00:00,267.75,Dining,In-store,Credit,GB,Terminal,674,98.76,5,1198.66,188.48,3.44,1,1,0,1
2026-01-27T10:03:00+00:00,850.1,Dining,Online,Debit,US,Mobile,135,170.02,3,6.8,0.86,3.94,0,0,1,0
2026-02-23T17:06:00+00:00,66.0,Groceries,Contactless,Debit,AU,Terminal,40,35.44,4,3.58,2.77,1.65,1,1,0,0
2026-01-22T16:20:00+00:00,16.85,Entertainment,In-store,Credit,ID,Terminal,231,21.31,2,2.15,0.84,0.62,1,1,0,0
2026-02-09T10:32:00+00:00,12.47,Retail,Online,Credit,ID,Mobile,145,59.78,1,0.5,2.36,0.19,0,0,1,0
2026-02-26T12:53:00+00:00,831.16,Groceries,In-store,Prepaid,US,Terminal,214,105.4,4,540.05,38.33,7.22,1,1,0,0
2026-01-11T14:33:00+00:00,93.99,Groceries,Online,Credit,ID,Mobile,131,95.18,1,4.82,1.65,0.94,0,0,1,0
2026-01-25T19:04:00+00:00,156.13,Electronics,Online,Debit,ID,Mobile,261,132.61,1,5.12,1.25,1.21,0,0,1,0
2026-01-04T11:11:00+00:00,50.7,Groceries,Online,Credit,ID,Mobile,81,11.6,6,1382.63,49.57,4.09,0,0,1,0
2026-02-01T15:52:00+00:00,57.59,Retail,Online,Credit,JP,Mobile,180,136.24,2,6.53,2.25,0.45,0,0,1,0
2026-01-17T13:08:00+00:00,236.11,Retail,Online,Credit,GB,Mobile,56,75.04,6,3585.36,9.74,3.62,0,0,1,1
2026-01-06T10:50:00+00:00,30.31,Retail,Contactless,Credit,SG,Terminal,178,22.12,3,3.93,0.41,1.43,1,0,0,0
2026-02-24T17:47:00+00:00,84.65,Dining,In-store,Credit,SG,Terminal,233,96.57,3,2.54,5.49,0.74,1,1,0,0
2026-01-18T16:07:00+00:00,42.37,Dining,Online,Debit,US,Mobile,256,67.37,3,1.85,2.85,0.74,0,0,1,0
2026-02-13T08:33:00+00:00,23.75,Groceries,Online,Credit,US,Mobile,60,77.31,3,16.36,1.19,0.36,0,0,1,0
2026-01-10T23:33:00+00:00,121.86,Retail,ATM,Debit,AU,Terminal,235,115.52,2,26.22,6.51,0.98,1,0,0,0
2026-01-16T18:06:00+00:00,35.03,Entertainment,Online,Credit,DE,Desktop,153,79.81,1,3.84,1.3,0.46,0,0,1,0
2026-01-05T12:07:00+00:00,40.26,Dining,Online,Credit,ID,Desktop,117,23.17,2,2.29,1.38,1.63,0,0,1,0
2026-02-12T14:11:00+00:00,36.62,Electronics,Contactless,Debit,DE,Terminal,164,54.98,2,39.78,1.12,0.59,1,1,0,0
2026-01-23T12:55:00+00:00,17.2,Groceries,In-store,Debit,ID,Terminal,159,21.08,1,1.5,16.55,0.77,1,1,0,0
2026-02-24T10:03:00+00:00,299.28,Dining,Online,Debit,JP,Mobile,144,92.01,1,22.45,3.11,3.53,0,0,1,0
2026-01-31T20:59:00+00:00,135.02,Groceries,In-store,Credit,GB,Terminal,39,149.71,1,3.94,2.99,0.76,1,1,0,0
2026-01-12T15:36:00+00:00,106.31,Retail,In-store,Debit,GB,Terminal,148,26.93,3,690.08,175.28,3.59,1,0,0,0
2026-02-16T12:20:00+00:00,51.94,Groceries,In-store,Debit,ID,Terminal,116,39.0,4,24.16,0.39,1.33,1,1,0,0
2026-02-22T19:18:00+00:00,10.35,Retail,Online,Debit,GB,Desktop,171,34.0,1,12.48,1.36,0.31,0,0,1,0
2026-02-06T13:57:00+00:00,94.55,Entertainment,In-store,Credit,GB,Terminal,129,44.92,1,5.34,3.88,2.0,1,0,0,0
2026-02-11T09:25:00+00:00,129.51,Groceries,Contactless,Prepaid,SG,Terminal,595,78.89,3,34.32,2.45,1.71,1,1,0,0
2026-02-19T09:16:00+00:00,46.76,Retail,Online,Credit,JP,Desktop,116,45.24,2,10.16,22.32,1.28,0,0,1,0
2026-01-07T21:55:00+00:00,11.56,Groceries,In-store,Debit,US,Terminal,46,92.22,1,424.44,1.44,0.11,1,1,0,0
2026-01-14T12:36:00+00:00,103.7,Entertainment,In-store,Credit,SG,Terminal,125,120.6,2,1.13,6.32,0.79,0,1,0,0
2026-02-16T12:44:00+00:00,38.39,Services,ATM,Credit,GB,Terminal,98,123.49,1,1.11,5.51,0.42,1,1,0,0
2026-02-17T14:14:00+00:00,57.77,Retail,Online,Credit,JP,Desktop,155,29.17,2,22.06,2.84,1.85,0,0,1,0
2026-01-12T15:58:00+00:00,330.89,Services,Contactless,Credit,AU,Terminal,98,148.54,1,7.14,3.4,1.77,1,1,0,0
2026-01-04T13:01:00+00:00,158.68,Groceries,In-store,Credit,US,Terminal,209,156.48,2,17.67,1.84,1.17,1,1,0,0
2026-02-02T21:57:00+00:00,71.79,Travel,Online,Credit,SG,Mobile,133,165.54,2,2.21,0.34,0.44,0,0,1,0
2026-01-17T11:21:00+00:00,123.99,Electronics,Online,Credit,US,Mobile,172,54.46,1,7.84,3.49,2.33,0,0,1,0
2026-01-10T08:00:00+00:00,36.04,Entertainment,Contactless,Prepaid,ID,Terminal,376,37.01,1,12.22,3.78,0.78,1,0,0,0
2026-01-27T23:26:00+00:00,104.09,Groceries,In-store,Credit,SG,Terminal,140,31.82,2,4.06,4.42,2.83,1,1,0,0
2026-01-16T10:24:00+00:00,28.62,Electronics,In-store,Credit,JP,Terminal,52,29.48,2,9.54,2.62,1.09,1,1,0,0
2026-02-27T21:11:00+00:00,80.34,Travel,In-store,Credit,SG,Terminal,95,60.8,3,1.65,6.49,1.26,1,0,0,0
2026-02-18T19:51:00+00:00,98.01,Groceries,ATM,Credit,AU,Terminal,51,104.7,3,11.41,1.03,0.69,1,0,0,0
2026-01-06T17:31:00+00:00,287.25,Electronics,In-store,Credit,AU,Terminal,88,141.07,2,36.23,10.68,2.21,1,0,0,0
2026-02-27T08:01:00+00:00,59.16,Entertainment,In-store,Credit,US,Terminal,11,44.01,3,1.89,0.92,1.35,1,1,0,0
2026-01-16T03:55:00+00:00,142.05,Dining,In-store,Debit,DE,Terminal,241,58.84,2,1.77,2.21,2.26,1,1,0,0
2026-01-10T09:28:00+00:00,53.68,Electronics,In-store,Credit,US,Terminal,47,56.39,2,27.36,4.86,1.03,0,0,0,0
2026-01-10T12:48:00+00:00,45.02,Dining,Online,Credit,US,Desktop,222,39.93,2,1.74,1.47,0.9,0,0,1,0
2026-01-23T18:06:00+00:00,122.21,Electronics,Contactless,Credit,JP,Terminal,85,97.34,2,18.63,5.2,1.34,0,1,0,0
2026-01-26T12:24:00+00:00,143.98,Dining,Contactless,Debit,SG,Terminal,111,76.39,3,7.85,1.75,2.26,1,1,0,0
2026-02-24T03:41:00+00:00,107.16,Travel,In-store,Credit,US,Terminal,419,66.17,2,4.67,2.77,1.73,1,1,0,0
2026-01-20T06:25:00+00:00,83.39,Retail,ATM,Debit,AU,Terminal,107,76.16,1,37.08,2.05,1.01,1,0,0,0
2026-02-11T13:01:00+00:00,23.68,Retail,Online,Credit,AU,Desktop,67,90.02,2,20.51,1.38,0.29,0,0,1,0
2026-01-06T02:52:00+00:00,724.34,Groceries,Contactless,Debit,SG,Terminal,94,89.44,3,606.49,1044.27,7.79,1,1,0,0
2026-02-19T17:36:00+00:00,14.24,Electronics,Contactless,Credit,DE,Terminal,56,34.99,1,0.69,1.06,0.38,1,1,0,0
2026-01-29T10:34:00+00:00,87.11,Retail,Contactless,Credit,AU,Terminal,243,108.05,4,16.18,0.25,0.94,1,1,0,0
2026-02-04T13:10:00+00:00,56.88,Retail,Online,Debit,JP,Mobile,197,71.24,3,2.28,1.1,0.86,0,0,1,0
2026-01-30T11:25:00+00:00,93.12,Retail,Contactless,Debit,DE,Terminal,36,45.49,3,349.49,125.37,1.96,1,0,0,1
2026-02-14T14:52:00+00:00,89.52,Entertainment,Online,Credit,GB,Mobile,229,70.26,1,7.45,1.69,1.16,0,0,1,0
2026-02-07T19:16:00+00:00,247.04,Entertainment,In-store,Credit,US,Terminal,204,75.48,2,59.56,6.81,3.51,1,1,0,0
2026-01-22T19:10:00+00:00,94.54,Groceries,ATM,Credit,GB,Terminal,110,121.89,1,5.59,6.57,0.76,1,1,0,0
2026-02-20T03:56:00+00:00,223.17,Travel,Online,Credit,JP,Mobile,53,30.57,6,93.22,79.97,7.57,0,0,1,1
2026-01-07T02:21:00+00:00,624.15,Travel,In-store,Credit,SG,Terminal,113,142.77,1,37.21,0.46,3.98,1,1,0,0
2026-02-28T19:29:00+00:00,527.11,Retail,ATM,Prepaid,AU,Terminal,84,61.26,3,990.59,30.47,8.04,0,0,0,0
2026-02-07T16:00:00+00:00,25.6,Groceries,Online,Credit,US,Desktop,22,43.42,1,17.1,2.38,0.62,0,0,1,0
2026-01-07T20:19:00+00:00,48.44,Retail,Contactless,Credit,DE,Terminal,109,42.57,2,37.99,0.51,1.07,1,1,0,0
2026-01-30T07:55:00+00:00,37.1,Groceries,Contactless,Credit,ID,Terminal,132,31.47,3,49.18,1.7,1.24,1,1,0,0
2026-01-21T23:53:00+00:00,46.38,Groceries,In-store,Debit,US,Terminal,50,19.46,1,2.77,10.19,2.25,1,0,0,0
2026-01-04T23:59:00+00:00,195.25,Retail,In-store,Credit,SG,Terminal,240,93.72,2,1.6,3.47,1.96,1,1,0,0
2026-02-28T10:40:00+00:00,49.33,Services,Online,Credit,GB,Desktop,113,218.67,2,18.67,2.57,0.17,0,0,1,0
2026-02-22T05:44:00+00:00,10.96,Dining,Contactless,Credit,JP,Terminal,178,21.08,3,5.54,0.87,0.54,1,1,0,0
2026-02-04T02:53:00+00:00,144.09,Retail,Online,Debit,GB,Mobile,53,32.53,4,369.09,131.86,4.51,0,0,1,1
2026-01-08T20:04:00+00:00,44.47,Retail,Online,Prepaid,SG,Desktop,40,98.35,5,2.15,1.9,0.49,0,0,1,1
2026-01-24T10:18:00+00:00,4.77,Retail,ATM,Credit,GB,Terminal,88,58.58,2,14.05,3.12,0.09,0,1,0,0
2026-02-13T05:05:00+00:00,57.58,Groceries,Online,Credit,GB,Mobile,80,103.79,3,11.5,5.09,0.59,0,0,1,0
2026-01-27T19:58:00+00:00,56.72,Retail,ATM,Credit,AU,Terminal,40,56.48,2,6.23,6.04,0.92,1,1,0,0
2026-02-02T10:35:00+00:00,30.35,Groceries,Contactless,Credit,JP,Terminal,368,41.37,1,1.6,2.8,0.67,1,1,0,0
2026-02-20T02:52:00+00:00,137.49,Groceries,Online,Credit,DE,Mobile,55,52.1,8,1685.92,183.45,2.54,0,0,1,1
2026-01-11T10:36:00+00:00,11.69,Travel,In-store,Debit,GB,Terminal,66,12.83,1,9.79,1.47,0.95,1,1,0,0
2026-02-21T19:38:00+00:00,30.73,Electronics,In-store,Credit,ID,Terminal,196,28.7,1,25.27,7.63,1.14,1,1,0,0
2026-02-28T11:40:00+00:00,68.49,Retail,Online,Credit,SG,Mobile,58,111.76,2,0.73,1.01,0.69,0,0,1,0
2026-01-18T14:58:00+00:00,1343.21,Groceries,Online,Credit,ID,Desktop,66,130.94,8,474.62,89.35,11.03,0,0,1,1
2026-02-25T18:52:00+00:00,121.68,Retail,In-store,Credit,AU,Terminal,178,150.51,2,3.36,8.47,0.96,1,1,0,0
2026-01-19T10:26:00+00:00,51.56,Groceries,Online,Debit,GB,Desktop,83,80.36,2,7.69,1.52,0.54,0,0,1,0
2026-02-12T11:37:00+00:00,41.48,Retail,ATM,Debit,ID,Terminal,43,13.92,2,1258.32,28.77,2.35,1,0,0,0
2026-02-11T12:30:00+00:00,25.12,Retail,Online,Credit,DE,Mobile,92,39.93,2,11.1,1.63,0.81,0,0,1,0
2026-02-26T15:10:00+00:00,272.86,Entertainment,In-store,Debit,ID,Terminal,141,142.74,3,7.54,9.89,1.84,0,1,0,0
2026-01-05T15:35:00+00:00,99.46,Travel,In-store,Prepaid,DE,Terminal,43,173.29,4,7.49,0.25,0.55,1,1,0,0
2026-02-05T06:22:00+00:00,200.8,Entertainment,Online,Debit,GB,Desktop,80,146.31,2,1.33,2.72,1.34,0,0,1,0
2026-02-20T21:46:00+00:00,46.9,Dining,Online,Credit,JP,Mobile,328,51.75,2,2.73,1.3,0.98,0,0,1,0
2026-01-06T05:52:00+00:00,93.64,Electronics,In-store,Credit,DE,Terminal,125,25.81,3,25.37,2.08,3.18,1,0,0,0
2026-01-01T18:42:00+00:00,72.89,Groceries,In-store,Debit,GB,Terminal,838,58.77,1,4.24,1.74,1.18,1,1,0,0
2026-01-04T17:10:00+00:00,41.73,Groceries,Online,Credit,GB,Desktop,178,60.92,1,25.91,6.43,0.6,0,0,1,0
2026-01-28T11:55:00+00:00,221.03,Dining,Online,Credit,AU,Mobile,115,166.94,2,18.34,2.6,1.46,0,0,1,0
2026-02-03T15:19:00+00:00,86.98,Services,Contactless,Credit,ID,Terminal,70,69.97,2,19.44,6.76,1.49,1,1,0,0
2026-02-17T14:28:00+00:00,46.58,Electronics,Online,Debit,ID,Desktop,59,61.0,1,10.66,8.88,0.72,0,0,1,0
2026-01-26T16:37:00+00:00,25.05,Groceries,Contactless,Debit,ID,Terminal,146,63.29,1,4.57,2.53,0.45,1,1,0,0
2026-02-24T17:34:00+00:00,115.51,Services,Online,Debit,JP,Mobile,94,78.25,1,6.26,1.72,1.29,0,0,1,0
2026-01-07T14:46:00+00:00,66.03,Dining,Online,Credit,ID,Mobile,105,90.67,2,14.95,3.59,0.96,0,0,1,0
2026-02-07T17:24:00+00:00,12.78,Groceries,Contactless,Debit,SG,Terminal,150,37.68,1,0.71,4.35,0.36,1,1,0,0
2026-01-28T09:39:00+00:00,30.27,Groceries,Online,Debit,GB,Desktop,81,30.34,4,29.02,0.78,1.08,0,0,1,0
2026-02-01T16:47:00+00:00,87.59,Dining,Contactless,Debit,JP,Terminal,241,147.06,5,4.26,3.11,0.62,1,0,0,0
2026-01-31T12:31:00+00:00,7.75,Dining,In-store,Debit,SG,Terminal,160,20.77,4,6.72,1.91,0.36,1,1,0,0
2026-02-11T21:43:00+00:00,136.69,Electronics,Contactless,Credit,JP,Terminal,87,174.96,2,6.78,1.62,0.74,1,1,0,0
2026-02-12T19:51:00+00:00,38.73,Entertainment,In-store,Debit,GB,Terminal,155,17.43,1,7.07,1.23,2.05,1,1,0,0
2026-02-20T00:57:00+00:00,88.87,Electronics,In-store,Credit,DE,Terminal,26,41.27,1,1.74,1.32,1.95,1,1,0,0
2026-01-23T17:31:00+00:00,940.48,Retail,Online,Credit,ID,Mobile,173,113.49,3,526.84,385.92,8.47,0,0,1,0
2026-01-01T15:58:00+00:00,86.6,Retail,Online,Credit,DE,Desktop,171,60.35,3,14.21,1.71,1.09,0,0,1,0
2026-01-10T17:27:00+00:00,209.35,Dining,In-store,Debit,GB,Terminal,31,25.64,2,47.04,345.07,6.82,1,1,0,0
2026-02-06T10:33:00+00:00,75.02,Retail,Contactless,Credit,GB,Terminal,36,79.61,2,1.77,2.8,0.98,1,0,0,0
2026-01-10T23:08:00+00:00,28.81,Dining,In-store,Credit,ID,Terminal,35,63.03,5,19.8,0.79,0.47,1,0,0,1
2026-02-16T08:02:00+00:00,26.44,Retail,In-store,Debit,ID,Terminal,85,52.43,1,16.13,2.98,0.53,1,1,0,0
2026-01-01T20:27:00+00:00,26.72,Retail,Online,Credit,DE,Mobile,128,40.22,2,10.26,0.75,0.63,0,0,1,0
2026-02-25T13:35:00+00:00,114.43,Retail,In-store,Credit,ID,Terminal,138,59.0,5,3.49,4.51,2.2,1,1,0,0
2026-03-01T07:29:00+00:00,67.13,Electronics,ATM,Debit,GB,Terminal,389,41.34,1,16.24,2.0,1.8,1,1,0,0
2026-01-24T16:38:00+00:00,104.71,Dining,Contactless,Debit,ID,Terminal,103,293.67,2,1.97,5.78,0.47,1,1,0,0
2026-02-21T12:17:00+00:00,46.77,Groceries,In-store,Credit,SG,Terminal,204,51.62,1,6.35,10.31,0.95,1,0,0,0
2026-02-24T10:04:00+00:00,39.09,Groceries,Online,Credit,GB,Desktop,95,47.33,2,1.76,0.43,0.72,0,0,1,0
2026-02-18T16:42:00+00:00,178.04,Retail,In-store,Debit,ID,Terminal,175,42.43,3,373.08,69.33,4.28,0,1,0,0
2026-02-07T11:10:00+00:00,125.23,Electronics,In-store,Credit,GB,Terminal,99,191.52,1,2.38,0.73,0.66,1,0,0,0
2026-01-13T10:19:00+00:00,47.57,Groceries,Contactless,Debit,SG,Terminal,53,20.79,1,16.97,21.29,2.21,1,1,0,0
2026-01-21T09:52:00+00:00,311.57,Retail,Online,Debit,AU,Mobile,28,76.22,9,718.02,70.79,4.66,0,0,1,1
2026-01-22T12:00:00+00:00,54.69,Groceries,In-store,Credit,JP,Terminal,173,51.65,2,3.94,0.66,1.06,1,1,0,0
2026-03-01T05:25:00+00:00,28.49,Groceries,Contactless,Credit,AU,Terminal,59,23.92,3,24.52,23.11,1.06,1,0,0,0
2026-02-08T10:38:00+00:00,18.0,Groceries,Online,Credit,US,Mobile,140,35.43,1,2.58,1.19,0.49,0,0,1,0
2026-01-04T13:55:00+00:00,83.14,Entertainment,Online,Credit,JP,Mobile,166,74.14,2,7.11,0.49,0.99,0,0,1,0
2026-01-10T15:20:00+00:00,72.32,Electronics,In-store,Prepaid,JP,Terminal,168,34.4,3,3.76,0.77,1.78,1,1,0,0
2026-02-22T13:19:00+00:00,179.1,Groceries,In-store,Debit,GB,Terminal,223,71.43,1,16.72,2.84,2.3,0,1,0,1
2026-01-30T20:12:00+00:00,76.67,Groceries,In-store,Prepaid,DE,Terminal,553,185.67,1,15.0,2.57,0.45,1,1,0,0
2026-02-01T11:58:00+00:00,23.21,Groceries,In-store,Prepaid,JP,Terminal,54,67.42,3,30.94,1.07,0.36,1,1,0,0
2026-02-25T19:13:00+00:00,28.93,Retail,ATM,Credit,SG,Terminal,102,23.46,1,8.1,1.51,0.96,1,0,0,0
2026-02-05T13:40:00+00:00,339.72,Groceries,Contactless,Debit,GB,Terminal,127,34.8,6,17.19,115.94,9.37,1,0,0,0
2026-01-25T16:52:00+00:00,59.2,Groceries,Online,Credit,DE,Desktop,93,50.12,2,4.6,9.24,1.15,0,0,1,0
2026-02-19T14:44:00+00:00,60.4,Retail,In-store,Credit,GB,Terminal,302,47.99,1,41.34,3.43,1.41,0,1,0,0
2026-01-21T07:31:00+00:00,26.14,Groceries,In-store,Credit,DE,Terminal,318,66.61,1,5.17,1.4,0.4,1,1,0,0
2026-02-25T12:35:00+00:00,52.54,Groceries,Online,Credit,US,Mobile,638,73.93,1,0.9,1.96,0.65,0,0,1,0
2026-01-05T16:20:00+00:00,44.04,Electronics,Online,Prepaid,AU,Desktop,120,185.83,3,12.11,5.31,0.24,0,0,1,0
2026-02-23T10:32:00+00:00,47.55,Travel,Contactless,Debit,US,Terminal,59,60.19,2,13.15,13.2,0.85,1,1,0,0
2026-01-08T11:45:00+00:00,33.85,Retail,Online,Debit,US,Mobile,113,28.53,2,200.35,36.43,1.23,0,0,1,0
2026-01-28T16:43:00+00:00,1605.45,Dining,In-store,Credit,GB,Terminal,67,127.74,3,339.87,334.99,10.76,1,1,0,0
2026-01-13T17:09:00+00:00,362.04,Retail,Contactless,Credit,ID,Terminal,238,137.14,3,2.91,1.8,2.42,1,1,0,0
2026-02-12T14:12:00+00:00,75.77,Retail,Online,Credit,JP,Mobile,226,70.18,1,13.13,0.48,1.01,0,0,1,0
2026-01-28T17:43:00+00:00,19.68,Dining,In-store,Debit,SG,Terminal,229,51.41,2,7.86,0.4,0.36,1,1,0,0
2026-02-15T19:29:00+00:00,90.36,Retail,Online,Credit,AU,Mobile,576,90.44,1,2.05,9.34,1.17,0,0,1,0
2026-02-03T14:26:00+00:00,159.31,Travel,Contactless,Debit,AU,Terminal,135,52.6,2,7.31,10.52,2.92,1,1,0,0
2026-01-21T16:57:00+00:00,22.59,Groceries,Online,Credit,DE,Mobile,85,15.86,1,3.3,1.39,1.24,0,0,1,0
2026-02-13T01:09:00+00:00,161.91,Groceries,ATM,Credit,US,Terminal,129,87.03,1,36.86,1.99,1.92,1,1,0,0
2026-01-19T02:53:00+00:00,83.62,Dining,In-store,Credit,ID,Terminal,67,107.77,1,19.75,0.41,0.68,1,1,0,0
2026-01-14T15:32:00+00:00,88.89,Dining,Online,Prepaid,AU,Desktop,82,153.96,2,6.46,5.27,0.54,0,0,1,0
2026-02-19T15:55:00+00:00,36.92,Electronics,Contactless,Debit,SG,Terminal,135,37.52,2,8.08,2.39,0.88,0,0,0,0
2026-03-01T15:29:00+00:00,19.67,Retail,Online,Credit,ID,Mobile,62,69.9,6,22.54,0.52,0.28,0,0,1,1
2026-02-02T15:48:00+00:00,298.89,Services,In-store,Credit,DE,Terminal,74,70.89,1,6.1,3.02,3.76,0,1,0,0
2026-02-27T07:13:00+00:00,270.88,Groceries,In-store,Debit,US,Terminal,53,63.78,4,1026.83,27.4,5.14,1,1,0,0
2026-01-14T17:47:00+00:00,103.17,Services,Contactless,Debit,JP,Terminal,220,65.02,1,37.53,4.3,1.58,1,1,0,0
2026-01-01T12:12:00+00:00,47.03,Retail,In-store,Credit,GB,Terminal,72,61.81,2,4.31,0.83,0.69,1,1,0,0
2026-02-22T15:55:00+00:00,25.52,Services,In-store,Debit,GB,Terminal,148,69.24,2,45.18,3.45,0.35,1,1,0,0
2026-02-19T22:34:00+00:00,251.61,Services,Contactless,Credit,GB,Terminal,297,97.66,2,32.81,1.28,2.23,1,1,0,0
2026-01-30T14:45:00+00:00,60.09,Groceries,Online,Credit,GB,Mobile,235,133.38,2,9.71,0.23,0.46,0,0,1,0
2026-02-21T14:54:00+00:00,39.39,Retail,Online,Debit,ID,Mobile,202,36.91,1,4.53,6.66,1.15,0,0,1,0
2026-02-22T07:05:00+00:00,52.97,Dining,In-store,Prepaid,GB,Terminal,286,53.95,1,9.58,7.04,1.21,1,0,0,0
2026-01-22T04:20:00+00:00,42.76,Retail,Online,Credit,SG,Mobile,158,45.85,2,5.65,1.46,0.97,0,0,1,0
2026-01-10T20:34:00+00:00,25.36,Groceries,In-store,Debit,AU,Terminal,61,41.78,2,3.09,3.24,0.57,1,1,0,0
2026-02-06T19:00:00+00:00,19.6,Services,Contactless,Credit,US,Terminal,749,21.11,2,13.27,3.81,0.84,1,1,0,0
2026-02-23T18:02:00+00:00,26.18,Electronics,Contactless,Credit,DE,Terminal,182,61.3,2,2.4,3.94,0.51,1,0,0,0
2026-02-04T23:39:00+00:00,146.36,Electronics,In-store,Debit,US,Terminal,186,82.4,2,5.09,13.81,1.52,1,1,0,0
2026-01-25T07:10:00+00:00,63.24,Entertainment,In-store,Prepaid,AU,Terminal,151,54.55,2,5.17,3.73,1.32,1,1,0,0
2026-01-15T17:29:00+00:00,274.56,Travel,Online,Credit,DE,Mobile,40,59.99,4,99.31,76.89,4.65,0,0,1,0
2026-01-18T08:40:00+00:00,47.73,Travel,Online,Debit,DE,Mobile,72,79.2,1,15.25,3.77,0.65,0,0,1,0
2026-02-15T15:46:00+00:00,2773.89,Travel,In-store,Credit,ID,Terminal,421,150.99,1,346.83,71.53,17.4,1,0,0,0
2026-01-23T17:55:00+00:00,19.15,Groceries,Contactless,Credit,ID,Terminal,34,45.93,2,30.84,0.85,0.41,0,1,0,0
2026-01-31T16:01:00+00:00,10.9,Retail,In-store,Debit,ID,Terminal,123,28.18,2,5.65,8.33,0.35,1,1,0,0
2026-02-06T10:00:00+00:00,63.44,Dining,Contactless,Credit,GB,Terminal,161,56.9,1,4.72,4.2,0.88,1,1,0,0
2026-01-19T19:02:00+00:00,170.04,Electronics,Online,Credit,AU,Mobile,104,205.27,2,2.73,0.38,0.79,0,0,1,0
2026-01-19T14:45:00+00:00,47.99,Retail,Contactless,Prepaid,AU,Terminal,552,28.37,2,7.71,1.24,1.82,1,0,0,0
2026-02-13T20:04:00+00:00,134.71,Retail,In-store,Credit,ID,Terminal,45,92.07,1,7.76,5.25,1.38,1,1,0,0
2026-02-08T13:27:00+00:00,155.06,Services,ATM,Credit,ID,Terminal,80,128.08,2,16.71,0.51,0.94,1,0,0,0
2026-02-16T11:00:00+00:00,17.78,Retail,ATM,Credit,SG,Terminal,167,12.97,1,7.95,1.16,1.26,1,1,0,0
2026-01-31T20:49:00+00:00,110.89,Dining,Contactless,Credit,US,Terminal,176,78.78,1,73.94,35.22,1.24,1,0,0,0
2026-01-01T18:48:00+00:00,246.97,Electronics,In-store,Debit,GB,Terminal,143,89.32,1,12.2,1.77,3.4,0,0,0,0
2026-02-09T07:38:00+00:00,57.61,Retail,Online,Credit,ID,Mobile,161,50.72,1,2.5,7.26,1.08,0,0,1,0
2026-01-01T13:58:00+00:00,23.17,Dining,Online,Credit,US,Mobile,85,39.64,3,2.27,11.03,0.61,0,0,1,0
2026-01-21T06:35:00+00:00,39.28,Travel,Online,Debit,GB,Desktop,105,41.1,1,13.31,0.99,1.04,0,0,1,0
2026-02-14T19:41:00+00:00,8.85,Retail,Contactless,Credit,DE,Terminal,64,48.74,1,2.41,3.21,0.18,1,1,0,0
2026-01-16T13:25:00+00:00,45.49,Groceries,In-store,Credit,DE,Terminal,177,49.58,1,14.22,19.28,0.9,1,1,0,0
2026-02-22T10:58:00+00:00,73.51,Dining,In-store,Debit,AU,Terminal,40,43.86,2,19.79,3.89,1.82,1,1,0,0
2026-02-10T06:20:00+00:00,338.3,Dining,In-store,Prepaid,DE,Terminal,51,48.24,6,1226.25,1170.89,6.84,1,0,0,0
2026-02-24T11:14:00+00:00,142.1,Retail,In-store,Prepaid,ID,Terminal,247,130.85,2,2.84,1.3,1.11,1,1,0,0
2026-02-01T12:30:00+00:00,41.45,Entertainment,In-store,Debit,DE,Terminal,88,27.4,1,20.36,14.84,1.38,1,1,0,0
2026-01-28T22:10:00+00:00,36.48,Entertainment,ATM,Credit,JP,Terminal,725,19.36,1,10.54,2.5,1.83,1,1,0,0
2026-01-09T23:40:00+00:00,310.11,Entertainment,In-store,Debit,GB,Terminal,96,132.21,1,3.79,1.77,2.23,1,1,0,0
2026-02-23T13:35:00+00:00,73.69,Dining,Online,Credit,JP,Mobile,97,53.26,1,6.2,4.66,1.22,0,0,1,0
2026-02-09T20:22:00+00:00,38.24,Electronics,In-store,Debit,US,Terminal,337,46.88,2,12.41,2.2,0.76,1,0,0,0
2026-02-18T18:01:00+00:00,12.34,Electronics,Contactless,Debit,AU,Terminal,266,56.13,2,3.52,2.26,0.22,1,1,0,0
2026-01-17T17:29:00+00:00,455.41,Services,In-store,Debit,US,Terminal,117,69.13,5,621.44,178.61,8.64,1,0,0,0
2026-01-13T10:31:00+00:00,58.3,Electronics,Online,Credit,JP,Desktop,125,42.92,2,36.24,0.4,1.27,0,0,1,0
2026-01-22T17:35:00+00:00,75.56,Retail,Online,Prepaid,ID,Mobile,271,83.84,2,21.34,1.11,1.01,0,0,1,0
2026-01-29T23:02:00+00:00,98.17,Retail,Contactless,Credit,ID,Terminal,154,32.28,3,487.94,226.48,3.08,0,0,0,0
2026-02-21T18:00:00+00:00,446.06,Dining,Contactless,Credit,SG,Terminal,106,49.59,6,576.84,296.35,8.57,1,0,0,0
2026-01-17T14:46:00+00:00,13.39,Travel,Online,Debit,DE,Mobile,117,14.3,1,4.09,3.52,0.79,0,0,1,0
2026-01-13T00:12:00+00:00,148.43,Electronics,ATM,Prepaid,US,Terminal,533,129.28,1,4.22,3.24,0.9,1,0,0,0
2026-01-08T12:53:00+00:00,42.57,Retail,In-store,Credit,AU,Terminal,107,53.81,1,1.36,3.68,0.89,1,1,0,0
2026-01-26T16:11:00+00:00,95.91,Groceries,In-store,Credit,US,Terminal,107,93.28,4,9.74,6.41,1.22,0,1,0,0
2026-01-07T08:21:00+00:00,38.86,Groceries,Contactless,Prepaid,AU,Terminal,130,82.25,1,15.65,0.59,0.45,1,1,0,0
2026-01-06T12:52:00+00:00,116.48,Travel,Online,Debit,US,Mobile,140,86.26,1,6.84,1.48,1.31,0,0,1,0
2026-01-22T17:07:00+00:00,30.32,Dining,Contactless,Credit,JP,Terminal,79,60.04,2,2.81,2.28,0.59,1,0,0,0
2026-01-28T20:53:00+00:00,46.76,Electronics,ATM,Debit,DE,Terminal,410,77.66,3,7.95,2.99,0.6,1,1,0,0
2026-01-25T16:01:00+00:00,55.8,Travel,ATM,Credit,US,Terminal,103,32.3,2,32.33,0.3,1.6,1,1,0,0
2026-02-25T15:10:00+00:00,11.96,Dining,In-store,Credit,ID,Terminal,190,28.18,1,19.84,0.7,0.5,1,1,0,0
2026-02-25T10:17:00+00:00,79.26,Retail,Online,Credit,GB,Desktop,424,56.5,1,7.15,2.42,1.6,0,0,1,0
2026-02-03T16:41:00+00:00,35.07,Travel,In-store,Credit,DE,Terminal,106,38.79,2,70.26,6.77,0.98,1,1,0,0
2026-02-26T18:35:00+00:00,49.26,Retail,Contactless,Debit,JP,Terminal,178,152.41,1,143.82,1.62,0.33,1,0,0,0
2026-02-22T13:24:00+00:00,181.28,Travel,Online,Credit,ID,Mobile,57,77.0,1,4.36,1.26,2.15,0,0,1,0
2026-01-03T19:33:00+00:00,40.62,Retail,In-store,Credit,DE,Terminal,78,37.87,1,5.64,4.17,1.12,1,1,0,0
2026-02-02T11:32:00+00:00,60.04,Retail,In-store,Debit,SG,Terminal,149,50.58,2,15.84,1.77,1.18,1,1,0,0
2026-01-21T15:47:00+00:00,151.86,Groceries,Contactless,Debit,AU,Terminal,102,65.79,2,2.71,5.94,1.72,1,1,0,0
2026-01-04T19:24:00+00:00,119.22,Dining,Contactless,Credit,ID,Terminal,230,57.73,2,18.8,1.97,2.34,1,1,0,0
2026-02-09T19:55:00+00:00,69.16,Services,Contactless,Debit,GB,Terminal,94,72.0,1,8.26,0.81,1.05,1,1,0,0
2026-01-31T13:28:00+00:00,93.27,Dining,In-store,Debit,GB,Terminal,113,63.09,2,11.12,10.18,1.35,1,1,0,0
2026-02-06T13:50:00+00:00,32.29,Groceries,Online,Debit,SG,Desktop,87,24.44,3,3.92,8.48,1.16,0,0,1,0
2026-01-14T21:41:00+00:00,11.74,Electronics,ATM,Credit,AU,Terminal,296,14.91,2,3.11,0.95,0.75,1,0,0,0
2026-02-20T13:24:00+00:00,20.71,Retail,In-store,Debit,SG,Terminal,118,47.33,2,0.83,3.65,0.35,1,1,0,0
2026-01-26T00:17:00+00:00,95.47,Retail,In-store,Debit,JP,Terminal,86,86.86,3,37.84,1.77,1.05,0,1,0,0
2026-01-15T13:30:00+00:00,80.04,Groceries,In-store,Credit,DE,Terminal,73,47.68,1,20.81,4.57,2.17,1,1,0,0
2026-01-15T15:01:00+00:00,180.92,Dining,Contactless,Debit,DE,Terminal,63,134.8,1,15.5,1.02,1.33,0,0,0,0
2026-01-17T10:20:00+00:00,25.88,Dining,Online,Credit,US,Mobile,73,58.53,9,10.84,5.88,0.48,0,0,1,1
2026-01-07T06:30:00+00:00,318.15,Electronics,In-store,Prepaid,US,Terminal,128,145.79,1,0.59,8.13,1.82,1,0,0,0
2026-02-22T15:21:00+00:00,110.2,Dining,In-store,Credit,JP,Terminal,1064,127.58,2,3.23,0.95,0.76,1,1,0,0
2026-01-13T15:05:00+00:00,24.52,Retail,Online,Credit,AU,Desktop,92,119.5,1,5.58,2.63,0.25,0,0,1,0
2026-02-14T16:35:00+00:00,57.07,Electronics,ATM,Debit,AU,Terminal,45,27.6,1,2.25,8.3,1.74,1,1,0,0
2026-01-25T10:57:00+00:00,35.41,Retail,Contactless,Credit,DE,Terminal,116,61.02,2,1.15,0.9,0.51,1,1,0,0
2026-01-08T17:26:00+00:00,356.62,Travel,In-store,Debit,US,Terminal,660,133.59,1,2.52,1.26,2.78,0,1,0,0
2026-02-19T18:20:00+00:00,134.08,Dining,Online,Credit,SG,Desktop,173,72.03,2,7.8,4.77,1.88,0,0,1,0
2026-02-18T08:42:00+00:00,83.1,Dining,In-store,Credit,US,Terminal,127,86.52,2,7.8,2.09,0.8,1,1,0,0
2026-02-16T17:01:00+00:00,23.25,Electronics,Contactless,Credit,SG,Terminal,93,24.48,2,20.05,0.51,1.23,1,1,0,0
2026-01-22T15:53:00+00:00,923.29,Retail,Contactless,Credit,ID,Terminal,107,210.02,1,71.49,1.79,4.15,0,1,0,0
2026-01-03T13:28:00+00:00,71.36,Groceries,In-store,Credit,DE,Terminal,312,36.08,1,15.71,14.1,1.72,1,1,0,0
2026-02-17T17:45:00+00:00,17.46,Services,Online,Debit,GB,Desktop,75,16.5,2,6.09,19.35,1.07,0,0,1,0
2026-02-16T08:19:00+00:00,289.24,Retail,In-store,Credit,ID,Terminal,137,48.03,2,53.54,1.3,5.54,1,1,0,0
2026-02-22T12:12:00+00:00,12.37,Entertainment,Online,Credit,ID,Mobile,149,12.29,1,1.3,0.99,0.99,0,0,1,0
2026-01-02T20:41:00+00:00,35.64,Travel,Contactless,Debit,GB,Terminal,135,29.8,1,0.75,1.56,1.32,1,1,0,0
2026-02-20T08:17:00+00:00,148.03,Entertainment,Online,Debit,SG,Mobile,108,318.31,1,2.79,14.91,0.52,0,0,1,0
2026-01-05T20:42:00+00:00,16.9,Retail,Contactless,Credit,ID,Terminal,48,47.13,2,18.05,5.71,0.33,1,1,0,0
2026-01-02T15:41:00+00:00,16.96,Electronics,In-store,Debit,ID,Terminal,156,23.85,2,8.89,10.63,0.77,1,1,0,0
2026-02-15T00:41:00+00:00,47.56,Dining,Contactless,Credit,GB,Terminal,111,61.34,1,2.14,6.68,0.95,0,1,0,0
2026-02-14T09:47:00+00:00,197.65,Groceries,In-store,Credit,GB,Terminal,318,33.66,4,200.38,29.39,5.78,1,1,0,0
2026-01-24T05:23:00+00:00,37.9,Dining,Online,Credit,SG,Desktop,119,105.84,3,1.89,0.95,0.38,0,0,1,0
2026-02-13T17:58:00+00:00,40.27,Services,Online,Credit,AU,Mobile,129,33.85,2,1.89,1.23,1.39,0,0,1,0
2026-01-20T10:51:00+00:00,204.48,Groceries,In-store,Debit,US,Terminal,150,71.95,4,2455.69,65.24,2.82,0,1,0,0
2026-01-08T14:27:00+00:00,42.59,Retail,Contactless,Debit,GB,Terminal,187,28.63,2,6.31,1.25,1.35,1,1,0,0
2026-01-23T19:02:00+00:00,540.04,Retail,Contactless,Credit,AU,Terminal,38,326.81,3,51.76,1.4,1.65,1,1,0,0
2026-02-23T20:02:00+00:00,52.64,Retail,In-store,Credit,GB,Terminal,167,83.71,3,2.78,4.67,0.72,1,1,0,0
2026-02-01T19:28:00+00:00,29.68,Retail,Online,Credit,AU,Mobile,40,54.89,2,12.68,2.82,0.51,0,0,1,0
2026-02-13T14:01:00+00:00,137.17,Dining,Contactless,Debit,JP,Terminal,103,49.88,2,9.49,8.33,2.4,0,1,0,0
2026-02-06T08:56:00+00:00,89.04,Groceries,Online,Debit,SG,Mobile,210,42.1,5,19.45,3.16,1.59,0,0,1,0
2026-02-09T11:25:00+00:00,229.77,Entertainment,In-store,Credit,DE,Terminal,571,36.8,4,589.93,55.91,5.18,1,1,0,0
2026-02-10T11:25:00+00:00,72.77,Electronics,Online,Credit,AU,Mobile,67,36.15,1,21.84,2.97,2.29,0,0,1,0
2026-01-07T23:31:00+00:00,195.21,Groceries,In-store,Debit,SG,Terminal,75,179.63,1,13.59,0.54,0.97,1,0,0,0
2026-01-06T18:58:00+00:00,27.37,Retail,ATM,Debit,ID,Terminal,41,42.13,4,2.22,0.24,0.63,1,1,0,0
2026-01-08T11:35:00+00:00,6.46,Groceries,Contactless,Credit,JP,Terminal,80,15.12,1,16.54,4.68,0.5,1,1,0,0
2026-01-10T12:42:00+00:00,129.31,Dining,Online,Credit,DE,Mobile,667,28.28,5,398.06,304.39,4.41,0,0,1,0
2026-02-11T15:33:00+00:00,210.8,Retail,Online,Debit,ID,Mobile,14,110.28,13,3.14,2.64,1.49,0,0,1,1
2026-01-27T12:24:00+00:00,130.73,Entertainment,Online,Debit,DE,Mobile,15,51.21,3,15.85,1.66,2.19,0,0,1,0
2026-01-22T07:05:00+00:00,45.41,Travel,In-store,Credit,JP,Terminal,248,55.3,2,20.36,0.64,0.94,0,0,0,0
2026-02-21T18:40:00+00:00,253.23,Services,In-store,Credit,SG,Terminal,245,129.07,2,4.34,7.9,1.96,0,1,0,0
2026-01-29T14:29:00+00:00,31.37,Travel,Online,Credit,JP,Mobile,138,36.41,4,5.02,4.03,0.81,0,0,1,0
2026-02-15T15:56:00+00:00,210.94,Groceries,Online,Credit,DE,Mobile,146,91.02,2,96.95,147.11,2.9,0,0,1,0
2026-02-07T09:08:00+00:00,12.88,Groceries,Online,Credit,ID,Desktop,232,39.09,2,1.01,2.45,0.41,0,0,1,0
2026-01-12T13:50:00+00:00,60.37,Retail,In-store,Credit,US,Terminal,236,87.73,1,5.66,1.54,0.67,1,1,0,0
2026-01-23T13:40:00+00:00,20.11,Retail,Online,Credit,AU,Mobile,65,46.79,1,17.66,0.81,0.42,0,0,1,0
2026-01-18T07:11:00+00:00,130.3,Retail,Online,Debit,DE,Desktop,55,51.57,2,3.93,3.17,3.21,0,0,1,0
2026-02-13T03:31:00+00:00,131.09,Groceries,Online,Credit,DE,Mobile,66,102.83,2,35.54,1.44,1.21,0,0,1,0
2026-01-23T15:48:00+00:00,98.32,Groceries,Online,Credit,US,Desktop,78,98.12,1,5.9,1.61,0.87,0,0,1,0
2026-02-03T15:42:00+00:00,721.79,Groceries,Contactless,Credit,DE,Terminal,223,54.19,3,357.41,612.68,13.7,1,1,0,0
2026-02-21T16:13:00+00:00,18.43,Groceries,In-store,Credit,DE,Terminal,281,44.41,2,5.38,2.34,0.41,0,0,0,0
2026-01-23T20:41:00+00:00,155.82,Groceries,Online,Credit,DE,Desktop,105,170.62,2,21.75,0.21,0.85,0,0,1,0
2026-02-28T23:05:00+00:00,298.85,Dining,In-store,Credit,US,Terminal,163,88.51,1,2.57,1.44,3.19,1,0,0,0
2026-01-13T18:08:00+00:00,31.8,Services,Contactless,Credit,DE,Terminal,125,46.79,1,6.41,0.9,0.84,0,1,0,0
2026-01-05T02:24:00+00:00,147.65,Dining,Contactless,Credit,DE,Terminal,74,39.47,1,4.05,2.14,4.21,1,1,0,0
2026-01-12T11:03:00+00:00,167.64,Electronics,In-store,Credit,AU,Terminal,72,117.47,1,3.98,0.59,1.5,1,0,0,0
2026-01-30T17:35:00+00:00,120.64,Electronics,In-store,Debit,ID,Terminal,140,65.04,3,7.68,3.79,2.07,1,1,0,0
2026-01-02T20:10:00+00:00,138.66,Groceries,In-store,Credit,US,Terminal,228,54.25,2,6.52,1.83,2.11,1,0,0,0
2026-01-22T20:18:00+00:00,65.25,Retail,In-store,Debit,DE,Terminal,178,65.02,2,23.5,1.53,0.92,1,1,0,0
2026-01-20T16:35:00+00:00,44.37,Retail,In-store,Credit,SG,Terminal,116,75.16,1,7.3,2.86,0.68,0,1,0,0
2026-01-20T19:50:00+00:00,48.6,Retail,Online,Credit,DE,Mobile,356,58.16,2,13.61,2.28,0.86,0,0,1,0
2026-01-12T09:08:00+00:00,76.51,Retail,Online,Credit,US,Mobile,401,131.95,1,8.94,2.15,0.5,0,0,1,0
2026-01-30T12:19:00+00:00,111.46,Entertainment,In-store,Credit,AU,Terminal,46,136.81,4,34.61,1.97,0.89,1,0,0,0
2026-01-17T07:25:00+00:00,87.68,Retail,In-store,Debit,DE,Terminal,58,85.26,1,5.3,2.41,0.92,1,1,0,0
2026-02-13T11:07:00+00:00,464.38,Electronics,Contactless,Debit,JP,Terminal,48,147.46,3,5.31,3.47,2.63,1,0,0,0
2026-02-04T17:11:00+00:00,94.77,Groceries,In-store,Credit,GB,Terminal,252,60.67,1,16.77,3.06,1.33,1,0,0,0
2026-02-05T09:29:00+00:00,386.45,Travel,In-store,Prepaid,GB,Terminal,110,94.51,3,5.22,7.59,3.99,1,1,0,0
2026-02-16T17:23:00+00:00,33.0,Retail,In-store,Debit,US,Terminal,139,115.92,2,12.78,1.42,0.24,1,0,0,0
2026-01-26T17:38:00+00:00,47.46,Electronics,In-store,Credit,JP,Terminal,204,117.02,1,96.71,3.12,0.43,1,1,0,0
2026-01-11T19:52:00+00:00,111.97,Retail,In-store,Credit,DE,Terminal,133,109.44,2,2.52,28.39,0.74,1,0,0,0
2026-02-13T22:16:00+00:00,218.53,Dining,In-store,Prepaid,ID,Terminal,85,90.95,1,39.84,2.36,2.33,1,0,0,0
2026-02-26T17:10:00+00:00,215.57,Retail,In-store,Prepaid,US,Terminal,62,215.32,2,4.3,2.45,0.86,1,1,0,0
2026-01-25T16:53:00+00:00,15.06,Entertainment,In-store,Credit,GB,Terminal,113,42.49,4,32.18,0.7,0.37,0,0,0,0
2026-02-12T18:20:00+00:00,46.16,Dining,In-store,Debit,US,Terminal,235,54.55,4,15.72,1.21,0.79,1,1,0,0
2026-02-09T09:03:00+00:00,24.75,Dining,ATM,Debit,SG,Terminal,41,52.49,2,14.3,2.21,0.44,1,1,0,0
2026-01-03T17:55:00+00:00,16.38,Groceries,Contactless,Debit,DE,Terminal,95,47.5,1,6.26,4.19,0.39,1,0,0,0
2026-01-11T20:35:00+00:00,46.62,Dining,Online,Debit,ID,Mobile,34,16.57,2,5.61,4.71,3.19,0,0,1,0
2026-02-11T13:58:00+00:00,106.6,Retail,In-store,Credit,AU,Terminal,255,147.48,1,3.34,3.41,0.74,0,1,0,0
2026-01-21T02:50:00+00:00,36.75,Dining,Online,Credit,ID,Mobile,41,30.97,2,7.44,5.5,1.03,0,0,1,0
2026-01-16T11:37:00+00:00,46.28,Retail,Online,Debit,ID,Mobile,43,67.38,4,6.04,0.91,0.87,0,0,1,0
2026-02-04T07:48:00+00:00,92.08,Entertainment,ATM,Credit,SG,Terminal,240,23.95,2,550.11,179.27,4.03,1,1,0,0
2026-02-03T15:08:00+00:00,58.71,Groceries,In-store,Debit,SG,Terminal,85,90.33,2,1.57,2.49,0.55,1,1,0,0
2026-02-25T18:39:00+00:00,23.49,Dining,Online,Credit,SG,Mobile,37,36.22,2,7.58,2.79,0.76,0,0,1,0
2026-02-28T07:09:00+00:00,38.62,Retail,Online,Credit,SG,Desktop,194,28.84,2,29.63,1.71,1.14,0,0,1,0
2026-01-02T12:02:00+00:00,131.53,Electronics,In-store,Debit,DE,Terminal,145,68.47,1,20.87,0.95,2.22,1,0,0,0
2026-01-28T16:49:00+00:00,56.42,Retail,Contactless,Prepaid,ID,Terminal,521,38.26,1,7.58,0.73,1.66,1,1,0,0
2026-02-13T06:04:00+00:00,90.18,Services,Contactless,Credit,GB,Terminal,18,41.55,5,7470.07,151.51,2.21,0,0,0,1
2026-01-21T10:00:00+00:00,146.66,Groceries,Contactless,Debit,US,Terminal,67,67.47,2,3.92,4.05,1.7,1,1,0,0
2026-01-30T14:28:00+00:00,115.77,Travel,Contactless,Credit,AU,Terminal,79,101.49,3,6.72,2.16,1.24,1,0,0,0
2026-02-11T01:22:00+00:00,17.73,Services,In-store,Credit,SG,Terminal,266,35.45,4,1.5,2.42,0.63,1,1,0,0
2026-02-14T12:56:00+00:00,27.29,Electronics,Online,Debit,SG,Mobile,33,31.68,3,4.74,1.2,1.03,0,0,1,0
2026-02-26T11:41:00+00:00,91.03,Groceries,In-store,Debit,AU,Terminal,103,61.27,1,52.8,4.07,1.32,1,1,0,0
2026-01-07T09:04:00+00:00,68.28,Services,In-store,Debit,SG,Terminal,158,85.67,2,4.94,2.61,0.95,1,0,0,0
2026-01-27T08:09:00+00:00,226.55,Retail,Contactless,Credit,US,Terminal,303,156.15,1,1.38,1.71,1.24,0,1,0,0
2026-02-05T06:51:00+00:00,83.74,Dining,In-store,Debit,JP,Terminal,23,30.07,6,1163.51,261.41,2.76,0,1,0,1
2026-02-23T06:47:00+00:00,155.19,Electronics,Online,Credit,US,Mobile,160,49.07,2,11.34,4.69,3.18,0,0,1,0
2026-01-26T20:48:00+00:00,37.59,Groceries,Contactless,Credit,JP,Terminal,84,129.58,1,18.43,0.53,0.28,1,1,0,0
2026-01-04T21:16:00+00:00,258.96,Electronics,In-store,Debit,GB,Terminal,55,217.57,1,5.33,2.58,1.32,0,1,0,0
2026-01-19T19:57:00+00:00,37.33,Dining,In-store,Credit,US,Terminal,121,31.64,1,2.44,0.94,1.16,1,1,0,0
2026-02-25T00:28:00+00:00,43.96,Entertainment,Contactless,Credit,JP,Terminal,107,37.33,1,6.04,2.83,1.38,1,0,0,0
2026-01-02T11:09:00+00:00,54.81,Retail,In-store,Credit,GB,Terminal,186,77.3,1,13.6,0.11,0.6,0,1,0,0
2026-02-26T13:52:00+00:00,69.12,Entertainment,Contactless,Credit,SG,Terminal,520,41.45,2,6.82,3.0,1.91,1,0,0,0
2026-02-01T11:06:00+00:00,33.67,Dining,Online,Prepaid,AU,Mobile,177,36.84,3,11.32,5.01,0.86,0,0,1,0
2026-01-13T18:07:00+00:00,27.36,Groceries,In-store,Prepaid,ID,Terminal,130,70.73,2,4.09,2.2,0.44,1,1,0,0
2026-01-21T16:22:00+00:00,72.17,Retail,In-store,Credit,US,Terminal,191,165.19,2,11.79,0.77,0.47,1,1,0,0
2026-01-22T09:49:00+00:00,24.47,Retail,Online,Debit,GB,Mobile,77,25.76,2,7.36,17.4,1.0,0,0,1,0
2026-02-25T07:31:00+00:00,80.77,Groceries,In-store,Credit,US,Terminal,226,159.8,3,3.4,7.81,0.34,0,1,0,0
2026-02-18T15:09:00+00:00,116.84,Groceries,Online,Credit,ID,Mobile,82,41.53,1,8.62,1.45,2.82,0,0,1,0
2026-02-15T19:51:00+00:00,120.1,Dining,In-store,Debit,ID,Terminal,163,75.55,1,4.83,1.89,1.77,1,1,0,0
2026-01-01T15:31:00+00:00,458.93,Travel,In-store,Prepaid,SG,Terminal,111,169.7,3,14.57,0.34,2.87,1,0,0,0
2026-01-06T10:55:00+00:00,164.54,Retail,In-store,Credit,AU,Terminal,107,74.55,2,19.31,3.95,2.68,1,1,0,0
2026-02-22T14:36:00+00:00,184.43,Services,Online,Credit,AU,Desktop,395,49.73,3,774.09,27.96,3.79,0,0,1,0
2026-01-19T14:19:00+00:00,65.92,Groceries,Online,Prepaid,ID,Mobile,69,96.24,1,1.22,4.79,0.54,0,0,1,0
2026-01-12T18:07:00+00:00,9.88,Travel,Online,Debit,ID,Mobile,181,53.92,2,2.56,6.86,0.18,0,0,1,0
2026-01-16T12:49:00+00:00,68.34,Electronics,Contactless,Credit,GB,Terminal,95,84.68,1,3.67,2.29,0.72,0,0,0,0
2026-02-09T17:06:00+00:00,129.46,Groceries,Contactless,Credit,SG,Terminal,243,52.82,1,3.08,0.85,2.76,1,1,0,0
2026-02-11T10:50:00+00:00,56.83,Groceries,Online,Debit,GB,Mobile,51,105.61,4,4.07,8.58,0.55,0,0,1,0
2026-01-17T02:45:00+00:00,20.29,Retail,Online,Debit,JP,Desktop,102,24.38,2,20.45,2.46,0.81,0,0,1,0
2026-02-04T17:24:00+00:00,94.93,Groceries,Online,Credit,DE,Mobile,68,31.22,3,961.52,120.69,3.34,0,0,1,0
2026-02-19T23:34:00+00:00,29.63,Services,In-store,Debit,AU,Terminal,390,24.15,2,4.64,0.97,1.16,0,1,0,0
2026-01-22T23:27:00+00:00,129.11,Groceries,Contactless,Credit,ID,Terminal,320,58.17,3,14.17,2.98,2.05,1,0,0,0
2026-01-08T17:02:00+00:00,8.52,Entertainment,In-store,Credit,JP,Terminal,79,22.33,1,10.61,2.01,0.36,1,0,0,0
2026-01-14T16:52:00+00:00,15.11,Travel,Online,Credit,SG,Mobile,57,38.49,2,7.13,0.65,0.4,0,0,1,0
2026-02-28T12:45:00+00:00,78.54,Entertainment,In-store,Debit,DE,Terminal,95,29.37,2,26.13,9.39,2.32,1,1,0,0
2026-01-27T20:52:00+00:00,222.03,Retail,In-store,Credit,AU,Terminal,228,157.87,2,3.57,14.28,1.45,1,1,0,0
2026-02-13T13:35:00+00:00,23.8,Travel,Online,Credit,SG,Mobile,159,31.69,2,7.83,6.81,0.79,0,0,1,0
2026-01-16T17:57:00+00:00,83.89,Retail,Online,Debit,US,Mobile,99,26.15,1,2.33,5.86,2.66,0,0,1,0
2026-02-21T14:03:00+00:00,24.32,Dining,Online,Credit,US,Mobile,290,70.91,2,2.45,14.37,0.4,0,0,1,0
2026-01-12T20:36:00+00:00,238.03,Travel,In-store,Debit,ID,Terminal,167,180.63,1,1.65,0.86,1.64,0,1,0,0
2026-01-07T16:54:00+00:00,44.23,Retail,ATM,Credit,DE,Terminal,72,55.96,2,2.5,0.85,0.88,1,1,0,0
2026-02-18T11:29:00+00:00,83.2,Services,In-store,Credit,DE,Terminal,30,58.84,1,8.1,1.63,1.34,1,1,0,0
2026-02-06T20:28:00+00:00,34.67,Groceries,Contactless,Credit,JP,Terminal,559,139.63,1,5.3,3.31,0.21,1,1,0,0
2026-02-28T09:49:00+00:00,76.96,Groceries,Online,Prepaid,SG,Mobile,108,106.79,2,5.49,1.84,0.79,0,0,1,0
2026-02-01T10:21:00+00:00,146.83,Entertainment,In-store,Credit,ID,Terminal,25,79.56,3,5.32,0.89,1.46,1,1,0,0
2026-02-15T12:04:00+00:00,36.81,Entertainment,In-store,Credit,ID,Terminal,164,41.33,2,51.94,2.47,0.89,1,1,0,0
2026-02-01T12:16:00+00:00,160.72,Entertainment,Online,Debit,GB,Desktop,41,81.16,2,2.12,2.24,2.01,0,0,1,0
2026-01-04T18:52:00+00:00,43.93,Travel,In-store,Debit,DE,Terminal,326,24.92,2,1.88,5.7,1.97,1,1,0,0
2026-01-23T13:18:00+00:00,26.42,Travel,ATM,Credit,JP,Terminal,313,40.23,2,2.92,2.57,0.51,1,1,0,0
2026-02-26T19:12:00+00:00,230.85,Retail,In-store,Credit,US,Terminal,113,153.0,2,6.83,0.37,1.54,1,0,0,0
2026-02-26T11:26:00+00:00,59.01,Electronics,Contactless,Credit,US,Terminal,61,140.65,2,13.02,3.62,0.5,0,1,0,0
2026-01-28T12:28:00+00:00,105.36,Dining,Contactless,Credit,US,Terminal,187,80.19,1,14.59,11.96,0.95,1,0,0,0
2026-02-21T17:56:00+00:00,25.13,Groceries,Online,Credit,DE,Mobile,312,17.22,1,20.89,2.53,1.39,0,0,1,0
2026-01-16T10:41:00+00:00,16.79,Services,Online,Credit,JP,Mobile,124,27.51,1,6.56,6.6,0.55,0,0,1,0
2026-01-19T08:46:00+00:00,72.59,Dining,In-store,Debit,SG,Terminal,102,38.8,2,4.78,1.48,1.5,1,1,0,0
2026-02-16T08:01:00+00:00,39.45,Travel,In-store,Credit,DE,Terminal,79,53.97,1,44.56,4.33,0.67,1,1,0,0
2026-01-05T10:51:00+00:00,19.57,Travel,In-store,Debit,SG,Terminal,105,26.77,2,0.35,1.17,0.64,1,1,0,0
2026-01-01T15:23:00+00:00,74.08,Retail,Online,Debit,DE,Mobile,120,51.41,2,7.92,1.92,1.43,0,0,1,0
2026-01-15T04:05:00+00:00,115.1,Groceries,Contactless,Credit,JP,Terminal,94,190.33,2,11.86,1.94,0.55,1,1,0,0
2026-01-02T16:17:00+00:00,41.52,Dining,In-store,Credit,DE,Terminal,67,78.3,1,58.04,3.96,0.53,1,1,0,0
2026-02-03T17:39:00+00:00,122.13,Services,Online,Credit,AU,Mobile,426,69.56,3,1.19,1.08,1.76,0,0,1,0
2026-02-15T17:04:00+00:00,31.23,Retail,Online,Credit,JP,Mobile,113,31.14,1,4.65,0.57,0.99,0,0,1,0
2026-02-08T15:45:00+00:00,7.4,Travel,ATM,Prepaid,DE,Terminal,92,20.79,1,1.66,3.94,0.37,1,0,0,0
2026-01-10T13:10:00+00:00,45.5,Groceries,Online,Debit,ID,Mobile,153,27.16,1,1.02,3.79,1.57,0,0,1,0
2026-02-20T23:50:00+00:00,79.17,Dining,Online,Debit,SG,Mobile,158,20.25,4,356.03,123.04,3.66,0,0,1,0
2026-01-29T07:09:00+00:00,27.26,Retail,Online,Credit,GB,Mobile,128,63.36,2,18.47,6.25,0.39,0,0,1,0
2026-01-19T17:53:00+00:00,16.41,Dining,Contactless,Debit,AU,Terminal,60,77.44,3,27.84,2.01,0.2,0,1,0,0
2026-02-01T12:45:00+00:00,67.54,Retail,ATM,Credit,US,Terminal,133,32.22,2,4.12,3.26,1.62,0,1,0,0
2026-01-10T18:11:00+00:00,41.26,Groceries,Online,Debit,SG,Mobile,148,66.43,2,15.38,1.73,0.54,0,0,1,0
2026-03-01T15:24:00+00:00,65.15,Groceries,In-store,Debit,AU,Terminal,168,156.78,2,5.94,1.9,0.43,0,1,0,0
2026-01-28T08:05:00+00:00,313.51,Retail,Online,Credit,ID,Mobile,161,215.4,1,13.63,3.46,1.37,0,0,1,0
2026-01-20T18:02:00+00:00,182.0,Services,In-store,Debit,JP,Terminal,152,99.56,1,26.31,23.73,1.52,1,1,0,0
2026-02-11T06:21:00+00:00,137.67,Travel,Online,Credit,JP,Mobile,63,53.86,4,360.09,230.97,2.89,0,0,1,0
2026-01-19T18:13:00+00:00,205.91,Services,Contactless,Debit,JP,Terminal,795,97.49,1,24.16,4.26,1.63,0,1,0,0
2026-02-15T14:46:00+00:00,433.55,Electronics,In-store,Debit,US,Terminal,184,145.28,2,1.95,5.33,3.3,1,0,0,0
2026-01-29T09:43:00+00:00,39.14,Dining,Contactless,Credit,GB,Terminal,228,16.37,3,15.21,0.24,2.13,0,0,0,0
2026-02-22T15:17:00+00:00,305.72,Dining,Online,Credit,DE,Mobile,205,158.12,1,23.04,3.38,1.93,0,0,1,0
2026-01-30T14:13:00+00:00,240.85,Retail,In-store,Credit,SG,Terminal,123,42.35,6,1240.45,273.27,5.72,1,1,0,0
2026-02-08T11:53:00+00:00,25.22,Retail,Contactless,Debit,SG,Terminal,66,42.62,2,2.01,2.68,0.7,1,1,0,0
2026-02-02T18:26:00+00:00,48.07,Dining,In-store,Credit,DE,Terminal,115,47.91,2,5.89,2.36,0.89,1,1,0,0
2026-02-28T08:39:00+00:00,76.24,Retail,Contactless,Prepaid,GB,Terminal,68,74.3,2,10.3,0.96,1.21,1,1,0,0
2026-02-22T08:39:00+00:00,10.28,Electronics,In-store,Credit,ID,Terminal,46,29.3,4,12.03,1.59,0.42,1,0,0,0
2026-01-28T10:41:00+00:00,33.4,Groceries,In-store,Credit,DE,Terminal,578,50.14,2,8.39,1.07,0.57,1,1,0,0
2026-02-12T19:57:00+00:00,40.81,Retail,Online,Prepaid,AU,Desktop,237,84.9,1,35.59,6.68,0.38,0,0,1,0
2026-01-13T09:42:00+00:00,68.11,Dining,Online,Debit,AU,Desktop,143,69.55,2,1.78,11.04,1.07,0,0,1,0
2026-02-21T18:03:00+00:00,85.58,Dining,Contactless,Credit,JP,Terminal,140,77.29,1,5.67,17.03,0.97,1,1,0,0
2026-02-06T17:24:00+00:00,33.39,Groceries,ATM,Debit,JP,Terminal,205,48.88,2,1.15,1.05,0.62,0,0,0,0
2026-01-24T15:13:00+00:00,143.7,Retail,Contactless,Debit,US,Terminal,122,94.72,2,14.63,1.26,1.54,0,1,0,0
2026-02-23T13:14:00+00:00,68.9,Dining,ATM,Debit,JP,Terminal,86,119.9,2,13.6,1.16,0.48,1,1,0,0
2026-02-16T12:13:00+00:00,67.95,Electronics,Contactless,Credit,US,Terminal,346,115.32,3,293.97,0.89,0.6,1,0,0,0
2026-01-11T10:50:00+00:00,127.63,Retail,In-store,Credit,US,Terminal,70,79.67,2,22.85,0.9,1.5,1,1,0,0
2026-02-27T16:53:00+00:00,154.96,Electronics,Contactless,Credit,GB,Terminal,305,111.08,2,10.64,1.47,1.64,1,1,0,0
2026-01-18T13:12:00+00:00,51.18,Travel,Online,Credit,US,Mobile,135,106.29,1,9.78,5.9,0.56,0,0,1,0
2026-01-05T10:33:00+00:00,426.48,Electronics,Online,Credit,AU,Mobile,158,343.69,1,5.22,1.2,1.07,0,0,1,0
2026-01-21T11:27:00+00:00,81.49,Retail,In-store,Credit,ID,Terminal,103,133.19,2,8.53,7.05,0.57,1,0,0,0
2026-01-27T08:45:00+00:00,45.67,Services,Contactless,Credit,JP,Terminal,59,56.96,3,10.01,9.65,0.82,1,0,0,0
2026-01-05T04:51:00+00:00,43.15,Travel,Online,Debit,SG,Mobile,79,33.36,1,0.85,3.27,1.01,0,0,1,0
2026-02-05T13:27:00+00:00,85.14,Groceries,In-store,Credit,SG,Terminal,163,50.92,1,9.18,8.41,1.31,0,0,0,0
2026-01-27T22:25:00+00:00,57.88,Entertainment,In-store,Credit,GB,Terminal,72,48.63,1,8.26,0.63,1.12,1,1,0,0
2026-02-05T13:28:00+00:00,388.6,Dining,Online,Credit,US,Mobile,24,84.14,6,3069.94,62.92,5.58,0,0,1,1
2026-01-30T08:29:00+00:00,17.84,Retail,Contactless,Debit,US,Terminal,219,38.28,4,6.39,2.97,0.47,1,1,0,0
2026-01-31T14:58:00+00:00,138.02,Entertainment,Online,Prepaid,SG,Mobile,176,130.96,2,3.18,3.07,1.17,0,0,1,0
2026-01-10T11:07:00+00:00,32.14,Travel,Contactless,Credit,JP,Terminal,53,24.45,1,9.93,10.27,1.3,0,1,0,0
2026-02-19T16:09:00+00:00,26.16,Groceries,In-store,Debit,ID,Terminal,302,20.88,2,8.02,0.91,1.42,1,0,0,0
2026-02-07T02:23:00+00:00,27.95,Dining,In-store,Debit,DE,Terminal,321,55.27,3,6.4,1.44,0.59,1,0,0,0
2026-01-13T14:23:00+00:00,42.35,Groceries,ATM,Prepaid,AU,Terminal,110,34.89,1,1.81,2.26,1.63,1,1,0,0
2026-01-07T13:29:00+00:00,11.1,Retail,Online,Credit,GB,Mobile,39,26.63,1,6.22,1.46,0.41,0,0,1,0
2026-02-27T03:59:00+00:00,106.69,Dining,Online,Debit,AU,Mobile,16,39.88,10,235.78,38.76,3.61,0,0,1,1
2026-02-01T09:35:00+00:00,27.46,Retail,In-store,Debit,SG,Terminal,89,36.78,2,5.82,1.53,0.78,1,1,0,0
2026-02-18T15:15:00+00:00,28.05,Retail,Online,Debit,GB,Desktop,305,60.74,2,16.53,1.92,0.42,0,0,1,0
2026-01-29T11:15:00+00:00,28.29,Retail,Online,Debit,ID,Desktop,147,40.31,3,3.52,10.46,0.77,0,0,1,0
2026-01-18T13:06:00+00:00,199.51,Retail,In-store,Credit,ID,Terminal,18,42.5,8,349.55,39.64,5.4,0,0,0,1
2026-01-18T19:01:00+00:00,17.74,Electronics,Contactless,Credit,JP,Terminal,369,60.15,4,13.4,5.56,0.3,1,0,0,0
2026-01-02T07:17:00+00:00,75.7,Groceries,Online,Credit,GB,Mobile,128,116.66,4,5.49,8.78,0.72,0,0,1,0
2026-02-02T12:42:00+00:00,50.2,Retail,In-store,Credit,JP,Terminal,233,156.96,2,130.33,1.47,0.31,1,0,0,0
2026-02-13T14:50:00+00:00,190.1,Retail,Contactless,Prepaid,DE,Terminal,106,66.42,2,9.72,3.19,3.27,1,1,0,0
2026-01-07T12:41:00+00:00,370.47,Travel,Online,Debit,US,Mobile,34,69.87,3,113.74,195.57,5.37,0,0,1,0
2026-01-02T13:59:00+00:00,51.11,Groceries,Contactless,Credit,US,Terminal,38,53.57,1,2.94,3.71,1.0,1,1,0,0
2026-01-10T17:14:00+00:00,87.81,Dining,In-store,Credit,US,Terminal,74,82.5,2,2.63,2.67,1.07,1,1,0,0
2026-01-30T16:37:00+00:00,129.16,Retail,Online,Credit,SG,Mobile,165,77.76,1,2.98,1.25,1.34,0,0,1,0
2026-02-01T13:46:00+00:00,248.2,Travel,In-store,Credit,JP,Terminal,180,142.85,3,13.34,4.77,1.69,1,1,0,0
2026-02-04T10:59:00+00:00,6.61,Services,Contactless,Debit,DE,Terminal,491,17.68,1,2.19,1.69,0.35,1,1,0,0
2026-02-20T10:17:00+00:00,99.35,Electronics,In-store,Prepaid,ID,Terminal,131,51.81,4,5.13,2.53,2.08,1,1,0,0
2026-02-28T17:10:00+00:00,154.77,Travel,Contactless,Credit,DE,Terminal,124,75.22,1,25.97,2.93,2.0,1,1,0,0
2026-02-23T13:58:00+00:00,50.71,Retail,ATM,Debit,GB,Terminal,67,59.32,4,4.17,5.79,0.89,1,1,0,0
2026-01-19T11:37:00+00:00,28.21,Groceries,In-store,Credit,AU,Terminal,253,32.77,1,15.47,16.91,0.86,1,0,0,0
2026-01-28T16:47:00+00:00,3.8,Retail,Online,Debit,ID,Mobile,369,25.93,4,1.16,1.18,0.13,0,0,1,0
2026-02-13T14:35:00+00:00,40.76,Electronics,Online,Credit,DE,Mobile,86,101.91,2,4.92,2.59,0.43,0,0,1,0
2026-01-16T13:08:00+00:00,44.61,Electronics,Online,Credit,GB,Mobile,123,36.89,1,2.79,0.56,1.27,0,0,1,0
2026-02-27T08:07:00+00:00,35.18,Retail,In-store,Credit,AU,Terminal,170,19.28,1,10.28,10.82,1.94,1,1,0,0
2026-01-08T14:19:00+00:00,729.9,Electronics,Online,Credit,SG,Desktop,25,105.3,5,142.84,114.88,7.4,0,0,1,1
2026-01-28T18:36:00+00:00,73.25,Dining,Contactless,Credit,JP,Terminal,38,81.32,1,72.0,1.82,0.88,1,0,0,0
2026-02-15T18:57:00+00:00,162.62,Services,Contactless,Credit,AU,Terminal,147,55.96,3,1.22,2.59,3.05,1,0,0,0
2026-01-08T09:32:00+00:00,69.65,Services,Contactless,Credit,US,Terminal,200,33.3,2,25.77,2.73,1.72,1,1,0,0
2026-03-01T14:31:00+00:00,57.42,Retail,In-store,Credit,SG,Terminal,69,56.05,2,19.42,1.18,0.72,1,1,0,0
2026-01-08T21:45:00+00:00,441.07,Electronics,In-store,Credit,US,Terminal,132,132.97,2,10.39,8.07,3.57,1,0,0,0
2026-01-16T20:41:00+00:00,10.27,Retail,ATM,Credit,SG,Terminal,567,21.12,3,7.85,4.69,0.47,1,0,0,0
2026-01-24T03:49:00+00:00,9.26,Dining,Online,Credit,GB,Mobile,289,21.83,2,56.85,5.39,0.37,0,0,1,0
2026-02-08T00:18:00+00:00,27.56,Dining,Online,Credit,GB,Mobile,190,40.12,3,111.95,1.25,0.71,0,0,1,0
2026-01-20T14:13:00+00:00,30.06,Groceries,In-store,Credit,AU,Terminal,91,59.3,1,5.88,1.18,0.58,1,0,0,0
2026-02-04T10:40:00+00:00,40.33,Travel,Contactless,Debit,GB,Terminal,208,43.7,2,8.79,2.2,0.74,0,0,0,0
2026-01-19T10:06:00+00:00,151.69,Dining,In-store,Credit,SG,Terminal,42,91.64,2,4.02,5.47,1.51,1,1,0,0
2026-01-21T13:46:00+00:00,115.37,Dining,Contactless,Credit,GB,Terminal,124,122.45,1,2.04,4.06,0.9,1,1,0,0
2026-01-30T04:55:00+00:00,80.21,Travel,In-store,Credit,SG,Terminal,92,72.33,1,12.3,1.13,0.92,1,1,0,0
2026-01-18T23:39:00+00:00,469.13,Groceries,Online,Credit,JP,Desktop,75,86.86,6,586.74,214.38,4.89,0,0,1,1
2026-02-02T12:44:00+00:00,15.75,Retail,ATM,Credit,SG,Terminal,29,72.01,1,1.26,0.93,0.22,1,0,0,0
2026-01-26T06:32:00+00:00,19.29,Groceries,Online,Debit,GB,Desktop,776,60.71,2,12.2,1.27,0.36,0,0,1,0
2026-01-16T19:21:00+00:00,17.75,Retail,Online,Credit,DE,Desktop,98,26.03,1,10.09,2.88,0.73,0,0,1,0
2026-01-25T14:13:00+00:00,19.8,Electronics,Online,Debit,GB,Mobile,414,30.93,2,3.81,0.76,0.55,0,0,1,0
2026-01-27T20:32:00+00:00,21.91,Groceries,In-store,Credit,ID,Terminal,222,25.08,2,3.55,0.94,0.8,1,0,0,0
2026-01-30T00:54:00+00:00,117.89,Groceries,Contactless,Credit,ID,Terminal,168,54.79,2,11.78,11.61,2.2,0,0,0,0
2026-02-09T15:49:00+00:00,77.83,Groceries,Contactless,Credit,GB,Terminal,158,70.17,2,43.37,9.64,0.88,1,1,0,0
2026-01-18T13:22:00+00:00,9.37,Electronics,Contactless,Credit,GB,Terminal,141,23.52,2,11.45,24.28,0.41,1,0,0,0
2026-02-03T21:09:00+00:00,40.6,Electronics,In-store,Credit,JP,Terminal,95,63.26,2,17.44,3.86,0.56,1,1,0,0
2026-01-27T09:59:00+00:00,93.72,Retail,In-store,Credit,SG,Terminal,180,34.16,1,2.96,4.69,2.67,1,0,0,0
2026-02-15T14:00:00+00:00,92.43,Groceries,In-store,Credit,GB,Terminal,116,30.11,3,4.68,2.11,2.39,1,0,0,0
2026-02-07T09:10:00+00:00,59.2,Groceries,Online,Credit,US,Mobile,196,40.19,3,14.42,1.73,1.34,0,0,1,0
2026-01-17T19:32:00+00:00,10.27,Services,Online,Credit,ID,Mobile,178,29.13,2,1.66,5.88,0.35,0,0,1,0
2026-01-13T11:50:00+00:00,97.64,Dining,In-store,Credit,GB,Terminal,101,89.51,1,9.28,9.6,1.12,1,1,0,0
2026-01-23T13:05:00+00:00,63.22,Retail,Online,Credit,AU,Mobile,94,54.1,1,12.71,5.4,1.17,0,0,1,0
2026-01-22T16:14:00+00:00,87.48,Retail,In-store,Debit,DE,Terminal,161,102.5,2,7.08,1.06,0.94,1,1,0,0
2026-02-03T10:57:00+00:00,24.55,Entertainment,In-store,Debit,AU,Terminal,180,45.23,2,10.5,3.64,0.65,1,0,0,0
2026-01-15T08:04:00+00:00,35.57,Groceries,Contactless,Credit,AU,Terminal,94,46.35,1,7.87,1.14,0.74,1,1,0,0
2026-02-24T13:12:00+00:00,118.12,Entertainment,In-store,Credit,DE,Terminal,66,203.91,3,3.73,1.78,0.62,1,0,0,0
2026-02-20T12:02:00+00:00,8.89,Travel,Online,Credit,AU,Mobile,160,21.01,2,2.02,12.63,0.45,0,0,1,0
2026-02-06T12:44:00+00:00,295.98,Dining,In-store,Debit,DE,Terminal,171,139.06,2,6.69,0.74,2.15,1,1,0,0
2026-02-09T00:19:00+00:00,284.08,Electronics,In-store,Credit,SG,Terminal,145,176.87,3,31.03,21.51,1.6,1,1,0,0
2026-01-18T17:42:00+00:00,76.87,Travel,Online,Credit,JP,Mobile,125,99.26,2,22.8,4.26,0.77,0,0,1,0
2026-02-03T05:01:00+00:00,357.64,Dining,Contactless,Credit,JP,Terminal,77,48.68,9,304.95,68.98,5.86,0,0,0,1
2026-01-03T16:09:00+00:00,195.43,Retail,Contactless,Credit,DE,Terminal,67,152.55,1,4.94,2.63,1.18,1,0,0,0
2026-01-09T12:06:00+00:00,254.03,Electronics,Contactless,Prepaid,DE,Terminal,74,48.95,2,4.56,1.24,3.95,1,1,0,0
2026-01-31T13:01:00+00:00,57.12,Electronics,In-store,Credit,JP,Terminal,89,38.14,1,4.56,1.42,1.59,1,1,0,0
2026-01-06T16:00:00+00:00,80.4,Entertainment,In-store,Credit,US,Terminal,123,46.88,1,10.14,2.65,1.55,1,0,0,0
2026-02-27T21:13:00+00:00,191.15,Retail,In-store,Debit,JP,Terminal,86,41.65,2,1426.86,79.13,4.82,1,1,0,0
2026-02-14T11:51:00+00:00,21.38,Services,ATM,Credit,SG,Terminal,87,32.61,2,89.04,0.97,0.71,1,1,0,0
2026-02-10T17:32:00+00:00,356.99,Groceries,In-store,Debit,US,Terminal,253,124.15,3,2.97,1.97,2.18,1,1,0,0
2026-02-23T15:45:00+00:00,45.69,Retail,In-store,Credit,DE,Terminal,126,36.5,3,15.12,0.66,1.38,1,1,0,0
2026-01-26T15:07:00+00:00,124.75,Travel,Online,Debit,SG,Mobile,235,59.19,2,809.62,30.82,2.82,0,0,1,0
2026-02-21T07:53:00+00:00,134.41,Electronics,Contactless,Credit,DE,Terminal,134,23.61,6,310.22,30.51,6.24,1,1,0,0
2026-01-05T17:56:00+00:00,73.56,Retail,In-store,Credit,JP,Terminal,81,61.56,2,2.39,13.08,1.55,0,1,0,0
2026-02-18T12:35:00+00:00,6.33,Groceries,Online,Debit,DE,Mobile,291,28.46,3,10.0,3.69,0.25,0,0,1,0
2026-01-07T11:46:00+00:00,13.06,Groceries,Online,Credit,DE,Mobile,101,28.01,2,76.09,4.46,0.52,0,0,1,0
2026-01-08T13:24:00+00:00,65.27,Electronics,In-store,Credit,GB,Terminal,170,56.2,1,9.93,2.49,1.16,1,0,0,0
2026-02-14T02:13:00+00:00,131.29,Retail,Online,Debit,ID,Mobile,74,119.94,4,187.55,182.41,1.43,0,0,1,1
2026-02-12T16:52:00+00:00,28.98,Electronics,Online,Debit,DE,Mobile,117,80.34,1,6.22,7.97,0.31,0,0,1,0
2026-01-19T06:06:00+00:00,51.39,Services,Online,Credit,ID,Desktop,37,84.01,6,2.11,3.7,0.78,0,0,1,1
2026-01-10T10:23:00+00:00,68.29,Services,Contactless,Credit,US,Terminal,77,55.45,1,7.54,12.68,1.25,1,1,0,0
2026-01-18T16:04:00+00:00,59.93,Retail,Online,Credit,AU,Mobile,144,48.51,2,15.67,2.37,1.29,0,0,1,0
2026-01-28T19:18:00+00:00,1411.81,Dining,Online,Credit,GB,Mobile,78,100.91,4,208.13,200.12,12.57,0,0,1,0
2026-01-14T14:49:00+00:00,42.55,Dining,ATM,Credit,SG,Terminal,110,41.84,2,0.21,4.97,0.97,1,1,0,0
2026-02-26T15:44:00+00:00,88.73,Dining,Contactless,Credit,JP,Terminal,104,103.79,1,10.02,0.97,0.73,1,1,0,0
2026-02-23T11:52:00+00:00,269.3,Dining,In-store,Credit,DE,Terminal,90,134.74,8,256.8,114.75,2.09,1,0,0,0
2026-01-25T19:48:00+00:00,122.02,Entertainment,Online,Credit,US,Desktop,53,34.92,8,195.25,17.44,3.71,0,0,1,1
2026-01-19T13:31:00+00:00,58.03,Travel,ATM,Debit,SG,Terminal,297,38.42,3,3.21,2.16,1.43,1,1,0,0
2026-01-12T14:57:00+00:00,71.22,Dining,Online,Credit,US,Mobile,230,42.32,2,11.48,1.86,1.47,0,0,1,0
2026-01-11T14:33:00+00:00,28.16,Services,Contactless,Debit,SG,Terminal,34,23.25,2,4.72,1.75,1.09,0,0,0,0
2026-01-06T09:38:00+00:00,60.1,Services,In-store,Debit,JP,Terminal,137,44.47,1,20.56,1.64,1.3,1,0,0,0
2026-01-23T06:25:00+00:00,295.17,Retail,In-store,Debit,ID,Terminal,632,140.6,1,21.07,4.1,2.04,1,1,0,0
2026-02-23T11:17:00+00:00,29.44,Dining,Contactless,Credit,ID,Terminal,142,30.58,2,5.49,1.01,0.97,0,1,0,0
2026-02-12T18:47:00+00:00,324.54,Services,In-store,Debit,US,Terminal,106,142.79,1,4.17,15.8,2.15,1,1,0,0
2026-01-04T10:55:00+00:00,34.89,Electronics,Online,Debit,GB,Desktop,327,45.52,2,8.5,4.34,0.59,0,0,1,0
2026-01-25T16:52:00+00:00,203.8,Entertainment,Contactless,Credit,US,Terminal,131,238.44,1,6.3,1.1,0.88,1,1,0,0
2026-01-20T10:44:00+00:00,25.31,Dining,In-store,Debit,DE,Terminal,303,38.74,1,1.07,4.7,0.69,1,1,0,0
2026-02-15T10:18:00+00:00,78.3,Retail,In-store,Debit,DE,Terminal,119,54.95,1,60.67,6.65,1.51,1,1,0,0
2026-02-01T10:49:00+00:00,17.29,Retail,In-store,Debit,SG,Terminal,179,33.39,2,16.21,3.56,0.49,1,1,0,0
2026-02-10T12:54:00+00:00,22.15,Groceries,Online,Credit,SG,Desktop,85,38.59,3,4.44,0.9,0.76,0,0,1,0
2026-01-04T10:27:00+00:00,41.23,Dining,In-store,Credit,US,Terminal,269,144.0,2,0.9,23.04,0.29,0,1,0,0
2026-01-22T12:14:00+00:00,122.91,Services,Contactless,Credit,JP,Terminal,129,82.14,2,6.06,4.66,1.33,0,1,0,0
2026-01-22T15:39:00+00:00,219.93,Groceries,Contactless,Debit,GB,Terminal,146,117.77,1,3.87,0.71,2.0,1,0,0,0
2026-02-22T18:13:00+00:00,42.68,Dining,In-store,Debit,AU,Terminal,257,25.66,2,6.91,3.03,1.62,0,0,0,0
2026-02-15T17:58:00+00:00,185.62,Dining,Contactless,Credit,JP,Terminal,184,92.35,3,0.68,1.97,1.53,1,1,0,0
2026-01-05T13:51:00+00:00,52.04,Retail,In-store,Debit,ID,Terminal,118,32.09,3,4.4,2.48,1.55,1,1,0,0
2026-01-10T11:39:00+00:00,26.94,Groceries,In-store,Debit,AU,Terminal,50,25.3,2,4.7,0.75,1.42,1,1,0,0
2026-02-14T16:31:00+00:00,79.27,Groceries,Online,Credit,DE,Mobile,124,70.47,1,5.98,2.6,1.35,0,0,1,0
2026-01-22T13:10:00+00:00,95.28,Electronics,Online,Debit,SG,Mobile,104,70.0,1,5.7,1.07,1.41,0,0,1,0
2026-01-31T17:03:00+00:00,34.59,Travel,Online,Credit,DE,Mobile,135,62.47,1,7.83,1.73,0.61,0,0,1,0
2026-01-23T19:00:00+00:00,79.5,Dining,In-store,Credit,US,Terminal,115,96.2,1,39.38,3.62,0.82,1,1,0,0
2026-01-20T11:06:00+00:00,98.8,Services,Contactless,Credit,GB,Terminal,322,106.47,2,4.19,1.53,0.96,0,0,0,0
2026-01-08T12:25:00+00:00,136.84,Groceries,Contactless,Credit,GB,Terminal,195,156.86,5,2.71,1.84,0.75,1,1,0,0
2026-01-25T02:17:00+00:00,8.44,Travel,In-store,Credit,GB,Terminal,105,27.83,1,1.11,5.59,0.35,1,1,0,0
2026-02-17T12:20:00+00:00,66.93,Retail,Online,Credit,SG,Mobile,218,160.18,1,4.21,1.01,0.43,0,0,1,0
2026-02-05T13:10:00+00:00,224.6,Groceries,In-store,Debit,AU,Terminal,367,205.1,1,1.58,1.29,1.06,1,0,0,0
2026-01-11T20:43:00+00:00,80.47,Electronics,Online,Debit,US,Mobile,85,47.56,1,21.24,0.7,1.62,0,0,1,0
2026-01-17T12:59:00+00:00,19.3,Dining,In-store,Debit,US,Terminal,114,20.4,3,6.65,1.08,0.93,1,1,0,0
2026-02-12T12:00:00+00:00,469.4,Dining,In-store,Credit,ID,Terminal,83,24.55,3,1253.14,125.1,26.16,1,1,0,0
2026-02-06T11:43:00+00:00,23.58,Dining,Online,Debit,US,Desktop,173,44.69,1,37.05,4.66,0.52,0,0,1,0
2026-03-01T07:53:00+00:00,266.52,Retail,In-store,Debit,JP,Terminal,577,223.45,2,2.85,1.1,1.22,1,1,0,0
2026-02-01T15:26:00+00:00,140.33,Entertainment,In-store,Credit,GB,Terminal,307,61.01,2,5.04,4.53,2.06,0,1,0,0
2026-02-27T10:34:00+00:00,79.32,Travel,Online,Credit,AU,Desktop,107,40.4,3,31.97,2.73,1.79,0,0,1,0
2026-02-16T14:48:00+00:00,55.25,Electronics,In-store,Credit,DE,Terminal,210,38.65,2,9.1,0.62,1.39,1,1,0,0
2026-02-22T17:38:00+00:00,47.68,Services,Online,Credit,ID,Mobile,318,25.54,2,13.11,2.93,1.79,0,0,1,0
2026-01-11T17:17:00+00:00,121.34,Travel,In-store,Prepaid,US,Terminal,42,106.54,2,23.02,8.12,0.96,1,1,0,0
2026-01-24T07:18:00+00:00,170.83,Retail,Online,Debit,DE,Desktop,66,56.84,2,19.81,0.37,2.59,0,0,1,0
2026-01-22T12:01:00+00:00,500.82,Dining,In-store,Credit,ID,Terminal,257,236.25,1,11.6,18.27,2.05,1,1,0,1
2026-01-07T18:48:00+00:00,65.29,Dining,Online,Credit,GB,Mobile,47,90.77,2,34.33,1.34,0.54,0,0,1,0
2026-01-31T00:21:00+00:00,548.49,Retail,Contactless,Prepaid,AU,Terminal,141,103.49,7,413.61,21.13,5.75,1,1,0,0
2026-01-04T08:52:00+00:00,15.63,Dining,Online,Debit,US,Mobile,223,51.55,1,13.08,2.82,0.35,0,0,1,0
2026-02-13T12:21:00+00:00,70.31,Travel,ATM,Credit,ID,Terminal,168,29.69,2,6.08,5.65,2.37,1,1,0,0
2026-01-17T14:30:00+00:00,34.56,Dining,Online,Credit,US,Mobile,125,34.2,1,22.71,1.86,1.06,0,0,1,0
2026-01-21T14:08:00+00:00,38.31,Retail,Online,Credit,SG,Mobile,351,24.78,2,3.42,3.36,2.13,0,0,1,0
2026-01-15T10:04:00+00:00,441.04,Dining,Online,Prepaid,SG,Mobile,80,109.04,2,70.03,915.74,4.4,0,0,1,1
2026-01-19T17:37:00+00:00,14.35,Retail,Online,Credit,JP,Mobile,628,46.98,2,15.19,3.02,0.29,0,0,1,0
2026-01-28T21:43:00+00:00,526.76,Retail,ATM,Credit,US,Terminal,61,112.07,2,2.41,48.54,4.74,1,1,0,0
2026-02-23T22:23:00+00:00,59.66,Electronics,In-store,Credit,SG,Terminal,92,65.91,4,2.16,8.71,1.0,1,0,0,0
2026-01-08T05:37:00+00:00,24.9,Dining,Contactless,Credit,AU,Terminal,128,49.88,2,29.71,2.59,0.5,1,0,0,0
2026-01-07T07:17:00+00:00,53.85,Dining,In-store,Credit,SG,Terminal,333,28.21,1,21.39,3.29,1.88,1,1,0,0
2026-01-20T18:41:00+00:00,262.76,Groceries,Online,Credit,JP,Mobile,225,73.41,1,5.07,1.79,3.26,0,0,1,0
2026-02-13T21:36:00+00:00,39.21,Dining,In-store,Debit,JP,Terminal,101,52.35,2,0.26,3.16,0.81,1,1,0,0
2026-02-15T16:50:00+00:00,105.48,Retail,In-store,Credit,US,Terminal,67,108.46,1,13.28,4.31,0.87,1,1,0,0
2026-02-18T00:43:00+00:00,35.19,Retail,Online,Prepaid,US,Mobile,62,37.9,1,15.31,1.64,1.07,0,0,1,0
2026-02-10T07:52:00+00:00,39.1,Entertainment,In-store,Debit,GB,Terminal,455,90.06,1,13.05,0.62,0.46,1,1,0,0
2026-01-16T22:59:00+00:00,131.53,Groceries,Online,Credit,JP,Mobile,132,175.31,2,12.4,9.22,0.6,0,0,1,0
2026-02-09T07:21:00+00:00,175.71,Electronics,Contactless,Credit,GB,Terminal,154,72.04,1,6.05,6.51,2.79,1,0,0,0
2026-01-27T20:53:00+00:00,78.48,Dining,Contactless,Credit,GB,Terminal,66,100.53,1,4.7,0.6,0.85,1,1,0,0
2026-02-10T12:27:00+00:00,40.83,Retail,Contactless,Credit,DE,Terminal,137,87.51,2,2.19,2.92,0.55,1,1,0,0
2026-02-01T21:00:00+00:00,129.79,Retail,In-store,Debit,US,Terminal,73,207.22,2,3.43,6.87,0.7,1,1,0,0
2026-02-25T09:57:00+00:00,140.42,Retail,Contactless,Debit,AU,Terminal,147,76.82,2,10.52,6.19,1.8,1,0,0,0
2026-02-16T22:09:00+00:00,28.27,Dining,In-store,Credit,DE,Terminal,106,95.1,1,10.72,1.23,0.27,1,1,0,0
2026-02-28T14:07:00+00:00,63.55,Groceries,In-store,Debit,JP,Terminal,81,58.93,3,17.62,6.57,1.08,0,0,0,0
2026-02-22T17:32:00+00:00,148.56,Services,Contactless,Prepaid,JP,Terminal,310,36.48,5,1.57,2.5,4.25,1,1,0,0
2026-01-30T10:41:00+00:00,388.54,Retail,In-store,Credit,DE,Terminal,328,27.51,1,71.87,162.18,16.6,1,1,0,0
2026-01-24T08:27:00+00:00,164.74,Groceries,Online,Credit,ID,Desktop,190,137.48,1,4.87,0.98,1.32,0,0,1,0
2026-01-17T10:36:00+00:00,53.51,Retail,In-store,Debit,US,Terminal,38,31.33,3,2.41,0.03,2.09,1,0,0,0
2026-01-21T17:52:00+00:00,223.81,Dining,In-store,Credit,US,Terminal,64,97.98,1,9.07,1.13,2.08,1,1,0,0
2026-01-12T00:34:00+00:00,74.98,Retail,ATM,Debit,US,Terminal,66,79.08,1,1.75,4.21,0.85,1,0,0,0
2026-01-22T16:48:00+00:00,178.52,Travel,Online,Credit,US,Mobile,500,109.57,2,27.07,2.0,1.64,0,0,1,0
2026-02-22T07:36:00+00:00,127.96,Travel,In-store,Credit,DE,Terminal,281,43.18,2,2.99,4.71,2.8,0,1,0,0
2026-01-12T16:31:00+00:00,17.05,Services,In-store,Credit,ID,Terminal,347,36.09,2,42.6,7.43,0.42,1,1,0,0
2026-02-22T11:30:00+00:00,103.2,Retail,Online,Credit,US,Mobile,79,77.16,2,13.15,1.77,1.32,0,0,1,0
2026-01-04T20:56:00+00:00,69.08,Travel,Online,Credit,JP,Mobile,45,49.9,2,2.31,1.6,1.16,0,0,1,0
2026-01-10T11:20:00+00:00,23.35,Groceries,In-store,Credit,JP,Terminal,273,27.11,3,74.01,0.28,0.98,1,1,0,0
2026-02-23T20:21:00+00:00,189.39,Groceries,In-store,Debit,SG,Terminal,27,212.73,1,9.89,0.52,0.93,1,0,0,0
2026-02-01T14:47:00+00:00,36.18,Entertainment,Online,Credit,JP,Mobile,142,36.07,3,8.87,0.64,1.07,0,0,1,0
2026-01-19T10:39:00+00:00,38.63,Entertainment,Online,Credit,DE,Mobile,204,31.63,1,6.88,4.29,1.12,0,0,1,0
2026-01-12T19:08:00+00:00,79.02,Groceries,Online,Debit,ID,Mobile,61,51.55,3,12.34,1.79,1.85,0,0,1,0
2026-01-01T11:41:00+00:00,203.98,Dining,In-store,Debit,GB,Terminal,386,136.23,2,13.17,1.44,1.24,1,1,0,0
2026-01-13T15:01:00+00:00,66.98,Electronics,Contactless,Debit,SG,Terminal,110,14.76,2,172.18,57.47,4.22,1,1,0,0
2026-01-09T14:30:00+00:00,88.87,Groceries,Online,Credit,JP,Mobile,168,129.08,2,5.84,1.13,0.55,0,0,1,0
2026-02-11T18:19:00+00:00,22.86,Retail,Contactless,Credit,JP,Terminal,195,33.37,2,8.39,6.19,0.69,1,1,0,0
2026-02-26T10:12:00+00:00,72.41,Electronics,Online,Credit,US,Mobile,153,71.66,1,14.03,2.7,1.09,0,0,1,0
2026-01-16T08:37:00+00:00,128.8,Dining,In-store,Credit,US,Terminal,90,38.88,4,862.35,296.29,3.04,0,1,0,0
2026-01-04T20:09:00+00:00,417.87,Groceries,In-store,Credit,US,Terminal,76,220.25,4,8.86,0.27,1.66,1,1,0,0
2026-03-01T11:21:00+00:00,71.86,Retail,Online,Prepaid,GB,Desktop,175,65.43,3,4.03,4.19,1.21,0,0,1,0
2026-02-11T15:09:00+00:00,55.09,Entertainment,ATM,Debit,ID,Terminal,208,38.08,1,3.81,1.52,1.88,1,1,0,0
2026-01-24T19:07:00+00:00,24.31,Groceries,Contactless,Debit,DE,Terminal,266,49.61,4,1.99,1.86,0.62,1,0,0,0
2026-02-16T07:23:00+00:00,36.49,Dining,In-store,Credit,DE,Terminal,121,63.96,3,14.18,9.51,0.55,1,1,0,0
2026-02-11T11:37:00+00:00,154.48,Retail,Contactless,Debit,SG,Terminal,141,67.73,2,3.75,1.67,1.87,1,1,0,0
2026-02-14T07:40:00+00:00,67.81,Retail,ATM,Debit,JP,Terminal,72,80.25,1,5.98,4.02,1.0,1,1,0,0
2026-01-11T20:55:00+00:00,47.38,Groceries,ATM,Credit,US,Terminal,274,60.29,2,9.6,0.89,0.81,1,1,0,0
2026-01-21T21:18:00+00:00,33.54,Retail,Online,Credit,SG,Mobile,74,24.65,1,7.42,2.55,1.42,0,0,1,0
2026-02-01T20:21:00+00:00,86.37,Retail,In-store,Debit,SG,Terminal,202,48.37,4,7.34,0.5,1.39,1,1,0,0
2026-02-08T12:51:00+00:00,50.88,Retail,Contactless,Credit,ID,Terminal,273,89.51,2,2.73,2.32,0.42,1,1,0,0
2026-02-03T13:10:00+00:00,89.86,Travel,Online,Credit,SG,Mobile,269,39.04,1,9.93,3.62,2.18,0,0,1,0
2026-01-17T20:35:00+00:00,75.16,Groceries,ATM,Prepaid,SG,Terminal,51,93.44,1,5.24,7.44,0.72,1,1,0,0
2026-01-23T19:44:00+00:00,182.68,Services,In-store,Credit,GB,Terminal,45,61.6,2,6.72,1.09,2.65,1,0,0,0
2026-01-25T01:27:00+00:00,17.91,Entertainment,In-store,Credit,AU,Terminal,70,52.38,1,26.41,1.45,0.4,1,1,0,0
2026-01-05T09:51:00+00:00,161.38,Groceries,ATM,Credit,ID,Terminal,64,131.13,3,12.88,1.29,1.12,1,1,0,0
2026-02-19T12:19:00+00:00,14.05,Electronics,Online,Debit,GB,Mobile,588,19.5,3,3.94,1.91,0.82,0,0,1,0
2026-02-08T17:06:00+00:00,10.32,Retail,In-store,Debit,JP,Terminal,174,38.9,2,6.27,0.94,0.27,1,1,0,0
2026-02-06T12:06:00+00:00,216.44,Groceries,In-store,Debit,ID,Terminal,55,134.43,1,42.92,0.28,1.39,0,0,0,0
2026-02-15T09:31:00+00:00,56.1,Groceries,In-store,Debit,DE,Terminal,66,198.25,2,5.27,0.87,0.28,1,1,0,0
2026-01-29T18:33:00+00:00,1210.01,Entertainment,Contactless,Debit,GB,Terminal,401,266.64,2,465.85,104.69,3.93,1,1,0,0
2026-02-05T03:31:00+00:00,689.72,Groceries,Online,Credit,DE,Mobile,110,62.35,8,925.71,94.81,9.34,0,0,1,1
2026-02-11T08:22:00+00:00,42.97,Retail,Online,Credit,AU,Mobile,53,81.26,1,9.36,4.27,0.66,0,0,1,0
2026-02-08T15:28:00+00:00,40.77,Travel,Contactless,Debit,ID,Terminal,231,102.65,3,4.9,5.71,0.53,1,1,0,0
2026-02-14T19:57:00+00:00,243.74,Travel,Online,Credit,JP,Mobile,107,138.21,1,3.26,1.57,1.52,0,0,1,0
2026-01-05T15:28:00+00:00,68.38,Groceries,ATM,Debit,DE,Terminal,116,73.96,2,7.31,0.5,0.79,1,1,0,0
